recall_number,status,classification,state,country,recalling_firm,product_description,reason_for_recall,voluntary_mandated,recall_initiation_date,report_date,termination_date
F-0276-2017,Terminated,Class II,FL,United States,Pharmatech LLC,"CytoDetox, Hydrolyzed Clinoptilolite Fragments, 1 oz./30 mL, OTC Non-Sterile.  Dietary supplement.",Recall initiated as a precautionary measure due to potential risk of product contamination with Burkholderia cepacia.,Voluntary: Firm initiated,20160808,20161102,20240923
F-0865-2017,Terminated,Class II,CA,United States,Magic Gourmet Trading Inc,"Koi Palace Mini Moon Cake: Single Box - Mini Oolong Tea Paste  Unit Size 1/2 lb. and 1/4 lb. in circular box (1 piece) and rectangular boxes (4, 6 or 8 pieces).","Mooncake products, manufactured and distributed by Magic Gourmet Trading, Inc. of Milbrae, CA did not have adequate product labeling, including ingredient statements and allergen declaration. Undeclared ingredients include wheat, peanut oil.",Voluntary: Firm initiated,20160831,20170118,20170111
F-0609-2015,Terminated,Class I,FL,United States,"Oasis Brands, Inc",Crema GuateLinda (Guatemalan Style Cream) in individually soft poly/plastic bags labeled in part: Lacteos Santa Martha Crema GuateLinda Guatemalan Style Cream Net WT 1 LB (16 oz),"Virginia State (VDACS) found Listeria monocytogenes in Lacteos Santa Martha Quesito Casero Fresh Curd (Best by 9/27/14), FDA made an inspection, were the environmental samples collected came up positive also for Listeria monocytogenes, also the Oasis Brands Inc. sent finish products samples to a private lab, the Lacteos Santa Martha Cuajada en Hoja Queso Casero Hecho a Mano Fresh Curd (Best By dates of 10/18/14 and 11/25/14) came also positive for Listeria monocytogenes.  Oasis Brands Inc.  is voluntarily recalling ALL their Lacteos Santa Martha brand products manufactured that are within expiration date.",Voluntary: Firm initiated,20141010,20141210,20170328
F-1922-2012,Terminated,Class I,FL,United States,FreshPoint South Florida,"Yellow Onion.  Product is labeled in part:  ""***FC Salsa Mango""***Refrigerate at 34 F***""      Item #   302940 FC SALSA MANGO 2/5#.        Product is fresh made - Ready To Eat.","FreshPoint South Florida is recalling sliced fresh yellow onions and salsa products processed using yellow onions sourced from Gills Onions, LLC which were recalled for Listeria monocytogenes.",Voluntary: Firm initiated,20120727,20120815,20141008
F-0904-2020,Terminated,Class III,CA,United States,"Organic By Nature, Inc.","Pure Planet Organic Parasite Cleanse;  Net Wt. 174g Glass Jar;  Finished Product Item # 52700    Manufactured and Distributed by:  Pure Planet,  Rancho Dominguez, CA",Firm was notified by supplier that Organic Ground Flaxseed powder was under recall by manufacturer due to unapproved herbicide - Haloxyfop,Voluntary: Firm initiated,20200224,20200401,20210202
F-1578-2018,Terminated,Class III,WA,United States,Yukon Jackson,"Coffee Toffee - 4 oz. packages. UPC 6 55974 89001 2.    The label is read in parts: ""***Ingredients: butter (milk), sugar, bittersweet chocolate 60% (cocoa liquor, emulsifier, soya lecithin, vanilla), coffee, pecans *** Contains: milk & soya ***"".",Coffee Toffee is recalled because pecan is listed on the Ingredients statement but it is not listed in the Contains statement.,Voluntary: Firm initiated,20180525,20180620,20180625
F-0921-2020,Terminated,Class III,NY,United States,Rong Shing Trading NY Inc,"XinXing Dried Plum, Net Wt. 5.3 oz.(150g)","Product contains dried peaches, but front labeling of product stated dried plums",Voluntary: Firm initiated,20200401,20200506,20210318
F-2326-2017,Terminated,Class II,OH,United States,Trophy Nut Co Inc,"Honey Bourbon Pecans Net Wt. 20 lb. (9.088g) Mfg. By: Trophy Nut Co. Tipp City, OH 45371",The firm stated that the product contains undeclared allergens.,Voluntary: Firm initiated,20170505,20170614,20180213
F-0777-2015,Terminated,Class I,MD,United States,"Del Monte Fresh Produce NA, Inc","Gourmet Mix Fruit Delight Net Wt. 64 oz. (1814g) Best If Enjoyed By: 12/03/14, Dist. By: Wegmans Food Markets, Inc., Rochester, NY 14603 UPC 077890241516",Possible contamination with Listeria monocytogenes.,Voluntary: Firm initiated,20141209,20150121,20150428
F-0757-2022,Terminated,Class I,CA,United States,Dole Fresh Vegetables Inc,Marketside 12oz Classic Salad  UPC:6-81131-32894-4  SKU: 3107,Harvest equipment used in harvesting raw iceberg lettuce was tested by  Dole and found to contain Listeria monocytogenes.,Voluntary: Firm initiated,20220106,20220302,20220322
F-1415-2015,Terminated,Class I,GA,United States,CSM Bakery Products NA-Atlanta Frozen,"TranSmart Raspberry Filled frozen unbaked cookie dough, 108/1.75 oz. units, CSM Bakery Products, 3301 Montreal Industrial Way Tucker, GA 30084..",Undeclared Allergen; Peanuts.,Voluntary: Firm initiated,20140626,20150318,20150326
F-1328-2018,Terminated,Class II,MN,United States,Target Corporation,Market Pantry Vanilla Ice Cream 128oz    UPC: 85239014943    Target item number: 288-7-307,Shipping container from CA to HI was not held at proper temperature which could cause food items to be contaminated with spoilage organisms or pathogens,Voluntary: Firm initiated,20180327,20180509,20180503
F-0616-2018,Terminated,Class I,MI,United States,Nyblad Orchards,"Golden delicious whole fresh apples,   Apple Ridge 5lb, 2-3/4  apples, packaged in red net mesh bags  ""	3lb, 2-1/2  apples, packaged in poly bags  ""	2lb, 2-1/2  apples, packaged in poly bags  ""	45ct individual apples on trays with re-useable plastic container boxes  ""	50ct, individual apples on trays with re-useable plastic container boxes  ""	55ct, individual apples on trays with re-useable plastic container boxes  ""	60ct  individual apples on trays with re-useable plastic container boxes  ""	78ct individual apples on trays with re-useable plastic container boxes  ""	50ct, individual apples on trays in cardboard tray  boxes  ""	55ct, individual apples on trays in cardboard tray  boxes",Nyblad Orchards Inc. initiated a voluntary recall of multiple varieties of whole fresh apples due to potential contamination with Listeria monocytogenes.,Voluntary: Firm initiated,20171214,20180117,20180406
F-1472-2022,Terminated,Class II,WY,United States,"Queen Bee Gardens, LLC","Honey Caramels Blue Raspberry. Product available in 5.87 oz. bag, 1 lb. bag, 3 lb. bag, 6 lb. bag. PLU Code for 5.87 oz. bag: 788394 12675 8.","Products may potentially contain one or more of the following undeclared tree nuts: Pecans, Almonds, Coconut, Macadamia Nuts, & Walnuts.",Voluntary: Firm initiated,20220428,20220727,20230117
F-1671-2024,Terminated,Class I,IA,United States,Palmer & Company,"1. Palmer Candy Drizzled Caramel Corn, Item 19271, Net Wt. 16/5oz tubs, UPC 77343 19271 2. Meijer Drizzled Caramel Popcorn Snack Bowl, Net Wt. 12oz, UPC 60236 18830, 8/12oz case",Potential salmonella contamination,Voluntary: Firm initiated,20240503,20240814,20251121
F-0894-2018,Terminated,Class II,KS,United States,Heartland Coca-Cola Bottling Company,"Grape Fanta, Grape Flavored Soda, 12 oz (355 mL) cans, packed in 12 packs, Canned under the authority of the Coca-Cola Company, Atlanta, GA",Sharp edges were observed on several of the cans which have the potential of causing cuts on the mouths of consumers who use the product.,Voluntary: Firm initiated,20180212,20180314,20180705
F-1233-2022,Terminated,Class I,,Israel,ELITE CONFECTIONERY LTD,ELITE MILK CHOCOLATE COATED RICE CAKES  UPC:815871011884	NET WT 2.47OZ (70 g),Potential contamination with Salmonella,Voluntary: Firm initiated,20220428,20220615,20221103
F-1170-2024,Ongoing,Class I,AZ,United States,HandNatural,"H&NATURAL 2 PACK! BRAZIL SEED 60 PIECES, PURE NATURAL SEMILLA DE BRASIL FOR 60 DAYS, 5 GRAMS PER BOX, 2 BLACK BOXES.",Product recalled due to the presence of yellow oleander and its components in the product.,Voluntary: Firm initiated,20240209,20240424,
F-2387-2014,Terminated,Class I,HI,United States,"Florimont, Inc.","Tiny Isle Chocolate Truffles Macadamia Nut: Gluten Free, Raw, Vegan; individual 1 oz. candies,    Tiny Isle  5915 Olohena Road, Unit H  Kapaa, HI 96746",Candy was made using carob powder that is currently under recall by the direct supplier due to potential Salmonella contamination.,Voluntary: Firm initiated,20140725,20140903,20141104
F-1354-2023,Terminated,Class II,OH,United States,Cassanos Inc,"San Marco Premium Dough on Parchment: packaged as 8in, 14in",Undeclared Allergen - Soy Flour,Voluntary: Firm initiated,20230718,20230809,20230927
F-1540-2017,Terminated,Class I,CA,United States,"Altijira Murray Products, LLC",foxy's california pistachio  1 Pint,Potential Listeria monocytogenes contamination.,Voluntary: Firm initiated,20161220,20170308,20170330
H-0552-2026,Terminated,Class II,MI,United States,Uncle Ray's LLC,"Lowes Foods sour cream and onion flavored potato chips, 8oz. bag, UPC 7 41643 05576 6, 9 retail units per case","Inaccurate nutritional data in Nutrition Facts including but not limited to, understated sodium content. Undeclared ingredients including but not limited to, monosodium glutamate.",Voluntary: Firm initiated,20260225,20260318,20260605
F-1643-2017,Terminated,Class II,CA,United States,"Manzana Products Co.,  Inc.","Trader Joe's First Crush Unsweetened Gravenstein Apple Sauce;   24 oz. glass jar.  Best Before date stamped on top of lid.    UPC:00015905     Distributed by Trader Joe's, Monrovia, CA",Manzana Products Co. is initiating a recall of three varieties of apple sauce after receiving customer complaints or finding small pieces of glass in the product.,Voluntary: Firm initiated,20170224,20170329,20190529
F-1681-2015,Terminated,Class II,CA,United States,Health One Pharmaceuticals Inc,EST -700 Calcium,Health One Pharmaceuticals is recalling dietary supplements due to significant violations of the cGMP regulations for dietary supplements.,Voluntary: Firm initiated,20150204,20150408,20150331
F-3091-2015,Terminated,Class II,MI,United States,"Coloma Frozen Foods, Inc.","Red Tart Pitted Cherries, Straight Packed (No Sugar),  5 lbs. bulk pails, 30 lbs, in bulk pails","Potential for adulteration - elevated mold, yeast, and coliform counts",Voluntary: Firm initiated,20150807,20150916,20160428
H-0088-2025,Terminated,Class II,IL,United States,Carley's Inc.,"Carley s Soft Baked Iced Lemon Cookies, 5.34oz Plastic Tray, clear film overwrap w/ Label, 12 units per case","Product has a misbranded Yellow Color.  Identified on label at  Artificial Yellow Color , and it should be identified as  FD&C Yellow #5",Voluntary: Firm initiated,20250606,20250702,20250723
F-2085-2015,Terminated,Class I,VA,United States,"Sabra Dipping Company, LLC","Sabra Classic Hummus, 17oz Six Pack UPC 040822017497 / 301290  Sabra Dipping Co. LLC, White Plains, NY",Michigan Dept. of Agriculture collected a sample of Sabra Hummus that came up positive for L. Monocytogenes.  Baltimore District is  working with VDACS to investigate.,Voluntary: Firm initiated,20150407,20150506,20150826
F-2543-2015,Terminated,Class I,TX,United States,"Blue Bell Creameries, L.P.",Blue Bell Ice Cream Blueberry Cheesecake Still a 1/2 Gal (2 QTS),Five patients who were treated in a single hospital in Kansas were infected with one of four rare strains of Listeria monocytogenes.,Voluntary: Firm initiated,20150313,20150701,20161103
F-1892-2016,Terminated,Class I,CA,United States,"Let's Do Lunch, Inc.",Integrated Food Service  Turkey Breast & Cheese Sandwich  on a Whole Grain French Roll  Code #C16001/160001,Potential Listeria monocytogenes contamination.,Voluntary: Firm initiated,20160523,20160817,20170531
F-0441-2019,Terminated,Class I,FL,United States,Working Cow Homemade Inc.,"Vanilla Bean Ice Cream, 3 gallons",Products may be contaminated with  Listeria monocytogenes.,Voluntary: Firm initiated,20180928,20181121,20190426
F-1146-2013,Terminated,Class I,FL,United States,"Publix Super Markets, Inc.",Publix 7 inch Cookies Cream Layer Cake  Scale ID Number * 002-16466-00000 *The last five digits of the scale ID number contain the unit price. For example $4.99 would have the last five digits ending 00499.,Maplehurst Deli-Bake South Inc. the cake supplier notified Publix Super market of a contamination with Listeria Monocytogenes on 11/15/2012.,Voluntary: Firm initiated,20121115,20130320,20130517
H-0914-2026,Ongoing,Class II,MN,United States,"J and J Bunting, Inc",Lunds & Byerly's Curry Powder Sweet,Sesame Seeds White were labeled as Curry Powder Sweet.,Voluntary: Firm initiated,20260508,20260610,
F-0913-2020,Terminated,Class II,MS,United States,Southern Sisters Gourmet,"Southern Sisters Gourmet Cheddar Garlic Biscuits, Net Wt 16 oz (453.6 g)",Undeclared allergen: Wheat  Undeclared colors: Yellow #5 and #6.,Voluntary: Firm initiated,20200128,20200401,20210216
F-1594-2024,Terminated,Class II,MD,United States,"Totally Cool, Inc.","Marco Turkish Mocha Ice Cream 16 fl oz/1 pint, UPC 860001992885. Packaged in paper containers, 8 containers per case.",Possible contamination with Listeria monocytogenes,Voluntary: Firm initiated,20240613,20240807,20241008
F-0163-2018,Terminated,Class I,WA,United States,Triple B Corporation,"Stir Fry Kit,  Alaska Carrot, 1 x 11 lb. per case, UPC 45009 85749 1    The ingredient: Green cabbage, yellow onion, broccoli florette, carrot plugs.","Stir Fry Kit product is recalled due to possible contamination with Listeria monocytogenes. The broccoli used in processing this item has been recalled by vendor Mann Packing of Salinas, California.",Voluntary: Firm initiated,20171020,20171108,20171206
F-0583-2019,Terminated,Class I,FL,United States,Working Cow Homemade Inc.,"JY Spiderman Ice Cream, 3 gallons",Products may be contaminated with  Listeria monocytogenes.,Voluntary: Firm initiated,20180928,20181121,20190426
F-2441-2014,Terminated,Class I,CA,United States,Dole Fresh Vegetables Inc,"Dole Baby Spinach:  Thoroughly Washed, Preservative Free, All natural  Net W.t6 oz. bag;  SKU 323  Perishable, keep refrigerated.  UPC 071430009642;    Dole Fresh Vegetables  Monterey, CA  93940",Green Walnuts from a tree dropped into spinach as it was being tractored away from the harvested field. Walnuts were discovered on the Dole spinach processing line,Voluntary: Firm initiated,20140827,20140924,20140917
F-1182-2015,Terminated,Class I,WA,United States,Numbskull LLC,"Pear Sorbet; Bulk product is labeled with flavor name and date code, which is affixed to the plastic container (1, 1.5 and 3 gallon).",The recalling firm was notified that raw materials used in producing the ice cream products have the potential to be contaminated with Listeria monocytogenes,Voluntary: Firm initiated,20141223,20150218,20150223
F-1796-2013,Terminated,Class II,PA,United States,Red Mill Farms,"individual 2 oz chocolate macaroons packaged in plastic wrapper labeled as "" Jennies DUTCH CHOCOLATE MACAROON, 2 oz. Red Mill Farms, Inc., Brooklyn, NY"".",A recall was initiated as a result of an undeclared sugar ingredient in the labeling used for Jennies' Dutch Chocolate Macaroons.,Voluntary: Firm initiated,20130320,20130821,20141020
F-2473-2016,Terminated,Class I,MI,United States,"Savory Foods, Inc.","1.5 oz PEANUT BUTTER COOKIES, 80/case",Savory Foods Inc. has initiated a voluntary recall due to the potential for contamination with Listeria monocytogenes.,Voluntary: Firm initiated,20160211,20161012,20161028
F-0091-2013,Terminated,Class I,MN,United States,G.O. Fresh,"SYSCO Imperial	6520795	1/5# FRUIT MIX CHUNKS 3/4""	130249 & 130250	BEST BY 9/15/12 & 9/16/12, UPC# 1007 4865393314.","G.O. Fresh in Minnesota is voluntarily recalling specific cut items that contain cantaloupe, which has been recalled by DFI Marketing, Inc. due to potential Salmonella contamination.",Voluntary: Firm initiated,20120913,20121017,20130214
F-1804-2018,Terminated,Class II,NY,United States,Sugar Foods Corporation Inc,"Homestyle Italian Seasoned Croutons:  1 lb. foil pouch  Item # 74384              Sugar Foods Corporation  6190 E. Slauson Ave.  Los Angeles, CA 90047",Recalled whey powder was used in further production of numerous food products.,Voluntary: Firm initiated,20180720,20180808,20180918
F-1105-2014,Terminated,Class II,NY,United States,"Global Health Laboratories, LLC","UT-Fem¿ FOR WOMEN, urinary tract SOLUTION, Dietary Supplement, 42 Vegetable Capsules, Product No. 110403, UPC 7 98304 24865 4 -- Manufactured for: Global Quality Health Inc.","The finished dietary supplement product was manufactured with ingredients subsequently found to be contaminated with chloramphenicol, an antibiotic, at levels above 0.3 ppb.  The supplier, Specialty Enzymes & Biotechnologies, recalled the raw materials and notified the recipients.  Subsequent private laboratory testing of the finished product revealed levels of chloramphenicol above 0.3 ppb.",Voluntary: Firm initiated,20131107,20131225,20170308
H-0389-2026,Terminated,Class II,NJ,United States,"GUSTO GROUP, INC.","Shrimp Paste (Klong Kone) 'M' ,  16 oz, 24 count , PLastic Jar,  24 packages/ case",Product tested high for lead.,Voluntary: Firm initiated,20251119,20260121,20260407
F-0678-2024,Terminated,Class I,MD,United States,"TGD Cuts, LLC",MIX FRUIT ALOHA BOWL 3/48 OZ Packaged in clamshell container. UPC:840219170299,Potential Salmonella Contamination,Voluntary: Firm initiated,20231129,20231227,20240925
F-1216-2014,Terminated,Class I,OR,United States,"Reser's Fine Foods, Inc.","Tuna Salad, Formula PT.60 packaged under these labels:    -Essentail Everyday Tuna Salad packaged in 6/12-oz (UPC 041303820285) carton cases. Distributed by Supervalu Inc., Eden Prairie, MN.    -Reser's Gourmet Tuna Salad packaged in 2/5-lb carton cases.  Reser's Fine Foods, Inc., Beaverton, OR.  UPC 071117855067",The recalled products are potentially contaminated with Listeria monocytogenes.,Voluntary: Firm initiated,20131022,20140101,20170124
F-0020-2015,Terminated,Class I,CA,United States,Taylor Farms Pacific Inc. (MacArthur Facility),"CST Roma Tomatoes Whole Roma 1/25#  Origin: USA  Keep Refrigerated   UPC: 40000356942  Taylor Farms, Pacific, Tracy, CA 95376","Firm was notified by supplier that specific lots of ""expo fresh"" Roma tomatoes may be contaminated with Salmonella.",Voluntary: Firm initiated,20140912,20141022,20141015
F-1333-2024,Terminated,Class I,KS,United States,Danisco USA Inc.,"Grindsted Sweetlife CINN. Roll BAS Stabilizer & Emulsifier System, 22.68 kg/ 50 lb bag",Potential Salmonella Contamination,Voluntary: Firm initiated,20240503,20240612,20240904
F-3116-2017,Terminated,Class II,IL,United States,Newly Weds Foods Inc,"A96555, PREDUST X2, NET WT 50 LBS, Manufactured By: Newly Weds Foods, Inc., Chicago, IL 60639",Product may contain undeclared milk.,Voluntary: Firm initiated,20170503,20170726,20190805
F-0655-2013,Terminated,Class II,PR,United States,"Fabrica Confecciones Soto, Inc.","""Alcapurria Jueyes"" (Crab-filled fritters) - Food Service","Undeclared allergens: wheat, soy, crustacean shellfish (crab), and yellow #5",Voluntary: Firm initiated,20120912,20121114,20170503
F-1159-2022,Terminated,Class I,KS,United States,Liberty Fruit Co Inc DBA Carol's Cuts,"POTATO RUSSET QUARTERED 2/10# (01)10886810715115(10)0016086772 71511 Best if used by: 03/25/22, 03/29/22, 04/05/22, 04/06/22, 04/12/22, 04/16/22, 04/20/22, 04/23/22 Ingredients: Potato, Sodium Metabisulfite",Sodium metabisulfite not declared on product label.,Voluntary: Firm initiated,20220506,20220615,20221027
F-1215-2019,Terminated,Class II,NY,United States,JOY GOURMET FOODS LLC,"JOY GOL-GAPPA (PANI PURI) MASALA CONCENTRATE, NET WT 8 OZ (228g), UPC: 6 80617 60414 5",Product contains undeclared sulfites.,Voluntary: Firm initiated,20190225,20190320,20200710
F-0456-2018,Terminated,Class II,MI,United States,NUTCO Inc. dba Germack Pistachio Co.,Dark Chocolate Almond Bark 5oz &1lb Clear plastic tubs,Germack Roasting  is voluntarily recalling its Dark Chocolate Almond Bark following a supplier's recall due to undeclared allergen milk.,Voluntary: Firm initiated,20171030,20171220,20180402
F-1065-2013,Terminated,Class II,NJ,United States,Ethnic International Holding Inc,"POMEGRANATE DRINK  MIX.  Yoruk Prens Nar Net 400 g.  USA Distributor:  Ethnic Int. Holding Inc. 4 Corporate Drive, Cranbury, NJ 08512.  Tel. 609-395-8513.  Picture of pomegranate on label.","Yoruk Prens brand drink mix flavored Apple, Orange, Pomegranate, Cinnamon and Rosehip.  We were informed that these products include some colorants, which are not allowed to use in the USA as per a New York State Department of Agriculture and Markets sample analysis.",Voluntary: Firm initiated,20121227,20130320,20150205
F-1928-2016,Terminated,Class I,KS,United States,Nu Life Market LLC,"Sun Life Natural Sunflower Spread with Maple in clear plastic jar with brown plastic lid, Net Wt. 12 oz.., UPC 855881003370. The responsible name on the label is Nu Life Market, LLC, Scott City, KS.",Product manufactured with roasted sunflower kernels which may be contaminated with Listeria monocytogenes.,Voluntary: Firm initiated,20160519,20160824,20180914
F-0431-2017,Terminated,Class II,MI,United States,"Farm Country Cheese House, Inc.","Hot Pepper Cheese, forty-five 40 lb. blocks",Farm Country Cheese House is conducting a voluntary recall of multiple vats of cheese due to inadequate pasteurization.,Voluntary: Firm initiated,20161010,20161123,20170502
F-0718-2019,Terminated,Class I,IA,United States,"Quaker Manufacturing, LLC","Cap'n Crunch's Peanut Butter Crunch Cereal packaged in 17.1 ounce and 16.5 ounce cardboard boxes. Distributed by The Quaker Oats Company, Chicago IL",Product tested positive for Salmonella.,Voluntary: Firm initiated,20181113,20181219,20190311
F-0597-2020,Terminated,Class I,MA,United States,Rachael's Food Corporation,"Rachael's brand and Big Y brand Protein Snack Packs; containing one hard boiled egg, diced roasted turkey, and roasted almonds; packaged in 6x6 plastic containers, Net. wt. 4.25 oz.",Product may be contaminated with Listeria monocytogenes.,Voluntary: Firm initiated,20191231,20200212,20200325
F-1039-2023,Terminated,Class I,IL,United States,"Newly Weds Foods, Inc.",A53643	BREADER   X1	50.00	BAG,Products may contain Salmonella,Voluntary: Firm initiated,20230526,20230712,20240723
F-0801-2025,Ongoing,Class II,NH,United States,"Better Business...Better Foods, Inc.",New England Village Snacks The 19th Hole Snack Mix (5 oz. and 10 oz.),Contains undeclared almonds & undeclared sesame,Voluntary: Firm initiated,20250423,20250521,
F-0459-2023,Terminated,Class I,MD,United States,"FRESH IDEATION FOOD GROUP, LLC dba Fresh Creative Cuisine","Bistro To Go, Gourmet Cheese & Fruit Plate, Net Wt. 6 Oz. Single Serving, Keep refrigerated","On 02/03/2023, FRESH IDEATION FOOD GROUP, LLC dba Fresh Creative Cuisine of Baltimore, MD is  initiating a recall of  various products sold from January 24, 2023 through January 30, 2023 because the products have the potential to be contaminated with Listeria monocytogenes .",Voluntary: Firm initiated,20230203,20230322,20231017
F-0857-2016,Terminated,Class III,TX,United States,"C. H. Guenther & Son, Inc.dba Morrison Milling",HSRG Cornmeal Breader NET WT 25 LB (11.33 kg),May contain small metal fragments from wire mesh sifter.,Voluntary: Firm initiated,20151207,20160420,20160802
F-1759-2018,Terminated,Class I,OR,United States,"Green Valley Group, LLC","Grizzlies Brand and Grizzlies Granolas Oregon Trail Mix consisting of chocolate chips, fruit, seeds, and nuts.      Product packaged in a cardboard box with a liner bag, net wt. 20 lbs., and was distributed to retailers for sale from their bulk bins.      The product's ingredients statement on the green label is read ""***Semi-sweet chocolate chips (sugar, chocolate, cocoa butter, soy lecithin, vanilla), hazelnuts, almonds, walnuts, pumpkin seeds, unsulphured peaches, sunflower seeds, raisins, cranberries (apple juice concentrate, sunflower oil)***"".    The product's ingredients statement on the ivory label is read ""***Semi-sweet chocolate chips (sugar, chocolate, cocoa butter, soy lecithin, vanilla), hazelnuts, almonds, walnuts, pumpkin seeds, sunflower seeds, raisins, cranberries (cranberries, apple juice, sunflower oil), Peaches, Raisins (Raisins, Sunflower Oil). No GMOs***"".",Grizzlies Brand and Grizzlies Granolas Oregon Trail Mix are recalled due to undeclared milk.,Voluntary: Firm initiated,20180719,20180815,20180914
F-2016-2014,Terminated,Class II,FL,United States,Hot Pandeyuca & Company Inc,El Original pa' ya To Go by hot pandeyuca brand   Cheese Bread Pan de Queso Grande,"During an FDA inspection, it was discovered that the label of several products failed to declare the components ingredients of a butter flavor that included allergens FD&C Yellow #5, FD&C Yellow #6 and FD&C Red #40.",Voluntary: Firm initiated,20140321,20140618,20140825
F-1306-2019,Terminated,Class II,FL,United States,Traders West Inc,"Samira Food Products Vegeterian 100% Soy Chunk, Net Wt. 8oz",Failure to declare sulfites.,Voluntary: Firm initiated,20190328,20190501,20191009
F-1760-2013,Terminated,Class I,CA,United States,El Campestre,"El Campestre Brand Ceviche Mixto, 2/5 lbs bulk containers into 1/10lbs carton.  Packaged in 2/5lbs white plastic buckets with lid and handle, into 1/10lbs carton.    Labeling reads in part:""CEVICHE MIXTO***NET WT..10 LBS***DIST.BY EL CAMPESTRE DIST TEL (562) 505-7247***"".","El Campestre initiated this recall due to the following reason: undeclared allergens: eggs, soy, wheat, and crab extract.",Voluntary: Firm initiated,20130613,20130807,20130820
F-2425-2016,Terminated,Class I,IL,United States,Treehouse Foods,"UPC  071725748010,	Sunflower Seeds Roasted and Salted, Best By/Date Code: 11/27/2016.    UPC  007172524140,	Amport Roasted and Salted Sunflower Seeds, Best By/Date Code:11/26/2016.    639277348319,Naturally Select  Roasted and Salted Sunflower Seed, Best By/Date Code: 3/1/2017.    UPC  071725241351,	Amport Foods Sunflower Seeds Roasted & Salted, Best By/Date Code:12/3/2016,12/26/2016, 12/12/2016 .    UPC 071725748010,	Amport Foods Sunflower Seeds Roasted & Salted, Best By/Date Code:12/31/2016,12/26/2016, 1/14/2017 .    UPC 071725241405,	Amport Foods Sunflower Seeds Roasted & Salted, Best By/Date Code:1/7/2017 .",TreeHouse Foods is recalling products that may be impacted by sunflower seeds  contaminated with Listeria monocytogenes.,Voluntary: Firm initiated,20160503,20161012,20170815
F-0625-2014,Terminated,Class I,WI,United States,"Garden-Fresh Foods, Inc.","Garden-Fresh Anti Pasto Salad Kit,       Product Code  0 11596 65634 2 ,	1/6 lb","Garden-Fresh Foods is recalling various ready-to-eat salads, slaw, and dip products sold under various brands and codes because they may be contaminated with Listeria monocytogenes.",Voluntary: Firm initiated,20131030,20131211,20140313
F-0358-2022,Terminated,Class II,CA,United States,Livia Global,"Livia One Organic Daily Topical Spray Probiotics;   4 oz. (120 ml)  UPC: 0 30915 10710 5     Recommended use: Topical: Spray affected area 2-5 times daily as needed.     Ingredients: Proprietary probiotic blend in an enzyme enriched substrate:  Lactobacillus-Acidophilus, L. Rhamnosus, L-Salivarius, L. Casei, L-Plantarum, Lactococcus-Lactis, Streptocuccus-Thermophilus, Bifidobacterium-Bifidum, B-Lactus, B-Infantis, B-Breve, B-Longum.  Made with water and a proprietary blend of three organic grasses    Livia Global Inc., Visalia, CA.",Probiotic products contaminated with Pseudomonas aeruginosa .,Voluntary: Firm initiated,20211201,20211222,20220429
F-0465-2015,Terminated,Class II,NJ,United States,"Family Food Distributors, Inc.","Mama Tere Arepa de Blanca de Maiz White Corn Patty 14.1 oz/400g   5 units Product of Colombia Importado Por: Family Food Distributors, Inc. 969 Newark Turnpike, Kearny, NJ 07032  UPC 812828011676","Mama Tere Arepa de Moto, de Chocolo and and de Blanca de Maiz were found to be mislabeled.",Voluntary: Firm initiated,20140826,20141112,20170530
F-0559-2020,Ongoing,Class II,SC,United States,TFI Holding dba Grey Ghost Bakery,"GREY GHOST BAKERY scratch-made cookies LEMON SUGAR NET WT 1.4 OZ (40 G), UPC 8 53152 00308 1 , 4 OZ (113 G) UPC 8 53152 00332 6 & 8 OZ (225 G) UPC 8 53152 00307 4 GREY GHOST BAKERY 1750 SIGNAL POINT RD, STE 2A CHARLESTON, SC 29412",The product contains undeclared sulfites.,Voluntary: Firm initiated,20191217,20200115,
F-0910-2022,Terminated,Class I,AZ,United States,"Lehi Valley Trading Co, Inc","Woody's Smokehouse brand Yogurt Raisins, 12.3 oz. (348g), clear plastic bag with front and back labels, UPC 0 95248 65531 0. Packed especially for Woody's Smokehouse Inc., Centerville, TX 75833, 903-536-9663, Woody's-Smokehouse.com  Texas Best Smokehouse brand Yogurt Raisins, 8 oz. (226g), clear plastic bag with front and back labels, UPC 0 95248 32055 3. Packed especially for: Texas Best Smokehouse, 3302 S Eastman Rd., Longview TX 75602.  Snack-Worthy brand Yogurt Raisins, 10 oz. (283g), clear plastic tub with front and back labels, UPC 8 79114 00668 3. Distributed by Lehi Valley Trading Company, Mesa, AZ 85215 snackworthy.com.",Bags and tubs of yogurt covered raisins contained undeclared  peanuts.,Voluntary: Firm initiated,20220211,20220406,20220519
F-0829-2023,Terminated,Class I,MI,United States,Caledonia Facility of Revolution Farms LLC,Revolution Farms Zesty Southwest 6oz salad kit in plastic container UPC 856791008240,Listeria monocytogenes,Voluntary: Firm initiated,20230405,20230517,20230509
F-0377-2021,Terminated,Class I,MI,United States,KAREEM MART INC,Kareem Chef Halva 1lb and 2lb sizes in plastic tub,Salmonella,Voluntary: Firm initiated,20210308,20210407,20210901
F-1267-2019,Terminated,Class II,IL,United States,Newly Weds Foods Inc,Commercial Breader Batter;  B56666 BREADER   X1;       50 pound bag,Corn flour which may contain small pieces of plastic.,Voluntary: Firm initiated,20190322,20190417,20201016
F-0243-2017,Terminated,Class I,NY,United States,SM Fish Corp.,"OSSIE'S PICKLED LOX & CREAM, NET WT. 8 OZ., UPC 739885104113; -- Far Rockaway, NY 11691 --- The product is packed in a plastic deli tub.",The products have the potential to be contaminated with Listeria monocytogenes based on the findings of the bacteria in the plant via FDA environmental sampling plus the district's inspectional findings,Voluntary: Firm initiated,20160915,20161102,20170417
F-1308-2017,Terminated,Class II,IL,United States,Dutch-American Foods Inc,"Gourmet Cocoa Supreme, CP302141-12, NET WT. 12 LBS",Dutch-American foods is recalling various seasoning products and baking bases due to potential contamination of product with Salmonella.,Voluntary: Firm initiated,20161207,20170201,20190712
F-0428-2017,Terminated,Class I,MI,United States,"Farm Country Cheese House, Inc.","White Cheddar Cheese, 40 lb. blocks",Farm Country Cheese House is conducting a voluntary recall of multiple vats of cheese due to potential contamination with Listeria monocytogenes.,Voluntary: Firm initiated,20161010,20161123,20170502
F-0259-2013,Terminated,Class II,MI,United States,Spartan Central Kitchen,#234 Bulk Watermelon	234	2.5 pounds  and #050 Watermelon Tray	16 ounces,"During an FDA inspection, microbiological swabs were collected and the results found that 21 sub samples in zones 1, 2 & 3 are positive for Listeria Monocytogenes (L.M.), Listeria innocua (L.I.) or Listeria seeligeri (L.S.). The firm is voluntarily recalling all products manufactured from August 20th to September 10th 2012 due to the possible contamination. All lots with sell by dates on or before",Voluntary: Firm initiated,20120910,20121024,20130219
F-0543-2025,Completed,Class II,,Canada,"Riverside Natural Foods, Ltd.",1. Chocolate Drizzled Birthday Cake Granola Bars 	25.5oz (30 bars) 2. Chocolate Drizzled Birthday Cake Granola Bars	4.2oz (5 bars) 3. Chocolate Drizzled Birthday Cake Granola Bars	17oz (20 bars) 4. Chocolate Drizzled Birthday Cake Granola Bars 	8.5oz (10 bars) 5. Chocolate Drizzled Birthday Cake Granola Bars 	4.2oz (5 bars)  6. Chocolate Drizzled Birthday Cake Granola Bars 0.85oz,may contain metal pieces,Voluntary: Firm initiated,20241209,20250219,
F-2992-2017,Terminated,Class II,IL,United States,Newly Weds Foods Inc,"B4016W, 910277 Breader, NET WT 40 LBS, Manufactured By:  Newly Weds Foods, Inc., Chicago, IL 60639",Product may contain undeclared milk.,Voluntary: Firm initiated,20170503,20170726,20190805
F-1727-2019,Terminated,Class II,MA,United States,"C & S Wholesale Grocers, Inc.","DANNON OIKOS TRIPLE ZERO GREEK VANILLA - 5.3OZ/4PK, UPC: 3663201953",Products were not held at an appropriate temperature due to a mechanical malfunction during transportation.,Voluntary: Firm initiated,20190617,20190731,20190731
F-1757-2012,Terminated,Class II,AZ,United States,Inventure Foods,"Kit item #30699-76, includes Mozzarella Sticks, 2.25 oz, 12bags/kit; Cheddar Bacon Skins, 3oz, 24 bags/kit; and Sour Cream & Onion Skins 3oz, 12bags/kit.    kit item#30679-11, 30679-12, and 30679-13, includes Mozzarella Sticks 2.25oz, 12bags/kit, Cheddar bacon skins 3oz, 24 bags/kit, and Sour Cream & Onion skins 3oz, 12bags/kit.    Kit Item#30845-A- Onion Ring Clip Strip, 2oz, 24 bag/clip strip.",Inventure Foods Inc. is recalling mozzarella sticks and onion rings because there may be a chance that there are tiny metal particles in their seasoning.,Voluntary: Firm initiated,20120608,20120718,20120815
F-1994-2017,Terminated,Class II,MO,United States,"The French's Food Company, LLC SUBS Reckitt Benckiser","French's Crispy Jalapenos Net Wt. 5 oz. (141.7g), UPC 0 41500 95309 0, French's Food Company.",Product may contain foreign objects: rocks and metal fragments.,Voluntary: Firm initiated,20170327,20170426,20190502
F-2232-2016,Terminated,Class I,TN,United States,The Pictsweet Company,"Pictsweet(R) Seasoned Summer Vegetables, NET WT 12 OZ. (340g), DISTRIBUTED BY THE PICTSWEET COMPANY, BELLS, TN 38305, UPC 7056097622","Possible Listeria Monocytogenes contamination in bulk vegetables supplied by CRF Frozen Foods, LLC used in manufacturing several Pictsweet products.",Voluntary: Firm initiated,20160506,20160921,20170803
F-0202-2022,Terminated,Class I,NY,United States,HELLOFRESH US,EveryPlate Meal Kit Product Codes 81-82-84-90-92-95-98-99 from Production Week 32 (production week start date: 08/04/2021),Products contain onions purchased from ProSource and associated with a Salmonella Oranienburg outbreak.,Voluntary: Firm initiated,20211022,20211124,20220901
F-1745-2017,Terminated,Class II,PA,United States,"Cumberland Valley Creamery, LLC","Luqman Cheese, White Cheddar, Net Wt. 8 oz.., Distributed by: Cumberland Valley Creamery, Mechanicsburg, PA",Multiple laboratory analysis found multiple instances where various cheeses exceed allowed limits of generic E. coli.,Voluntary: Firm initiated,20160607,20170405,20170327
F-0242-2015,Terminated,Class II,MI,United States,"Good Herbs, Inc.","Good Herbs, Inc., FLOWER ESSENCE WILD ROSE, 1 & 4 oz bottle, 550 Oliver Dr Troy, MI 48084 The Quality Herb That Works",Products not manufactured under GMP's,Voluntary: Firm initiated,20140505,20141105,20160203
F-0655-2014,Terminated,Class I,WI,United States,"Garden-Fresh Foods, Inc.","Grandpas Artichoke Spinach Dip, Product Code 0 11596 55902 5,	1/5 lb;    Archer Farms Artichoke Spinach Dip, Product Code  0 85239 99015 5,	6/11 oz;  Archer Farms Artichoke Spinach Dip, Product Code 0 85239 69053 6,	4/18 oz;    Roundy's Artichoke Spinach Dip, Product Code  0 11596 06170 2,	6/12 oz","Garden-Fresh Foods is recalling various ready-to-eat salads, slaw, and dip products sold under various brands and codes because they may be contaminated with Listeria monocytogenes.",Voluntary: Firm initiated,20131030,20131211,20140313
F-0827-2013,Terminated,Class III,MI,United States,"Garden Fresh Salsa, Inc.",Garden Fresh Gourmet Nacho Cheese Tortilla Chips  14oz bags,Beginning 11/01/2012 Garden Fresh Gourmet recalled Garden Fresh Nacho Cheese Tortilla chips (exp 11/26/2012) because quality standards of ingredients used in the products were not met.,Voluntary: Firm initiated,20121101,20121226,20130207
F-0848-2024,Terminated,Class II,OH,United States,Greco Sidari,GRANDE     1.5OZ FRESH BOCCONCINI MOZZ 1/3#         SUPC/ITEM # 19132P,The food was not held at an appropriate temperature.  The holding temperature could affect spoilage and potentially support pathogen growth.,Voluntary: Firm initiated,20240111,20240214,20240905
F-1204-2014,Terminated,Class I,OR,United States,"Reser's Fine Foods, Inc.","Reser's Tuna Salad Supreme, Formula PT.137 packaged in 2/5-lb carton cases. Reser's Fine Foods, Inc., Beaverton, OR.  UPC 071117141382",The recalled products are potentially contaminated with Listeria monocytogenes.,Voluntary: Firm initiated,20131022,20140101,20170124
F-1352-2014,Terminated,Class II,OR,United States,Kirkman Group Inc.,"Phenol Assist, Kirkman brand, Item # 0835-090",Firm is recalling dietary supplements containing a raw material which may contain >0.3 ppb chloramphenicol,Voluntary: Firm initiated,20131115,20140108,20140402
F-0136-2017,Terminated,Class II,GA,United States,Kabobs Inc,"MINI DEEP DISH MUSHROOM PIZZA, 200 CT, Prepared by: Kabobs, 54234 North Lake Dr. Lake City, GA 30260.",Product was manufactured with flour recalled due to E. coli O121 contamination.,Voluntary: Firm initiated,20160706,20161026,20171106
F-2329-2015,Terminated,Class II,OR,United States,"Regency Group, Inc., The","Oregano, Mediterranean ground, stock code 03355, packaged in 0.2 lb., .75 lb., 0.8 lb., 1 lb., 4 lbs., 10 lbs., 15 lbs., 25 lbs., or 50 lbs. container.    The UPC for 50 lbs. container is 0 23605 03355 6.",Bulk ground oregano is recalled due to contamination with gluten (wheat allergen),Voluntary: Firm initiated,20150430,20150603,20150825
F-1050-2016,Terminated,Class II,PA,United States,"Winter Gardens Quality Foods, Inc.","Blue Ridge Farms Macaroni Salad; 05021  Net Weight: 1 X 10 LB., Keep Refrigerated; Use by: 03/14/16; Lot # 430;   Packed by Winter Gardens Quality Foods, Inc, New Oxford, PA 17350",The supplier of the salad oil used in the above product(s) has voluntarily recalled this raw material due to the potential presence of foreign material.  Winter Gardens is continuing this voluntary recall through the supply chain.,Voluntary: Firm initiated,20160215,20160420,20160609
F-0526-2018,Terminated,Class I,NC,United States,"Farrell Farms, Inc","Dark Chocolate Pecans Net Wt. 7 oz, Farrell Farms, 200 Gin Road, Goldsboro, NC",Undeclared allergen: Milk,Voluntary: Firm initiated,20171119,20180103,20210917
F-0559-2014,Terminated,Class I,WI,United States,"Garden-Fresh Foods, Inc.","Finest Traditions Garden Vegetable Spaghetti, Product Code 10 733147 10196 1,	1/8 lb","Garden-Fresh Foods is recalling various ready-to-eat salads, slaw, and dip products sold under various brands and codes because they may be contaminated with Listeria monocytogenes.",Voluntary: Firm initiated,20131030,20131211,20140313
F-1554-2017,Terminated,Class I,CA,United States,Snak King Corporation,Cashew Clusters 32 oz,Snak King is recalling cashew clusters because it may be contaminated with Salmonella.,Voluntary: Firm initiated,20170215,20170308,20170413
F-2021-2016,Terminated,Class I,MI,United States,"Minnie Marie Bakers, Inc. dba Awrey's Bakery","Devils Food Sheet Cake 8x12 Mega   28.125 lb case 20, 2  2.5oz cakes per case",Products may contain undeclared tree nuts (walnuts).  People who have an allergy or severe sensitivity to tree nuts run the risk of serious or life-threatening allergic reaction if they consume these products.,Voluntary: Firm initiated,20160729,20160907,20170809
F-1334-2018,Terminated,Class II,MN,United States,Target Corporation,Eggo Homestyle Waffles 24ct 29.6oz    UPC: 38000402807    Target item number: 270-5-49,Shipping container from CA to HI was not held at proper temperature which could cause food items to be contaminated with spoilage organisms or pathogens,Voluntary: Firm initiated,20180327,20180509,20180503
F-0426-2013,Terminated,Class I,NM,United States,"Sunland, Incorporated","Cadia All Natural Creamy Peanut Butter No Stir, 18 oz, UPC 815369010993.","Sunland, Inc. is conducting a voluntary limited recall of its Almond, Peanut, and Cashew Butter products and Tahini and Roasted Blanched Peanut Products, manufactured between May 1, 2010 and September 24, 2012, because these products may be contaminated with Salmonella.",Voluntary: Firm initiated,20120924,20121031,20141001
F-2258-2019,Terminated,Class II,OR,United States,Whole Flower Farms LLC,"Fudge Brownie Cookie, net wt. 2 oz.  The product was distributed frozen and has a 5-day shelf life after being defrosted at the stores.    The label is read in parts: ""***Fudge Brownie Cookie*** Ingredients:  Evaporated cane juice, sunflower oil, almond milk, cocoa powder, chocolate chips, sorhgum flour, tapioca flour, flax meal, vanilla, baking powder, salt***Gluten-Free ***Vegan Foods ***Made by: Whole Flower Farms 29190 hwy 34 Corvallis, OR***"".",Fudge Brownie Cookie product is recalled due to undeclared soy lecithin.,Voluntary: Firm initiated,20190917,20191009,20190930
F-0634-2021,Terminated,Class II,NJ,United States,Clio LLC,Clio No Added Sugar Yogurt Bar Mixed Berry / Peach  50g x 16 (12pc tray). UPC Code: 854021008220,Possible metal fragments in Yogurt Bars,Voluntary: Firm initiated,20210515,20210609,20220414
F-2613-2015,Terminated,Class I,TX,United States,"Blue Bell Creameries, L.P.",Blue Bell Ice Cream Chocolate Chip 3 Gallon,Five patients who were treated in a single hospital in Kansas were infected with one of four rare strains of Listeria monocytogenes.,Voluntary: Firm initiated,20150313,20150701,20161103
F-0979-2018,Terminated,Class II,NJ,United States,Food and Beverage Inc.,Name: Trader Joe s Chocolate Chip Cookies SKU 68075  Net Weight: 12 oz. (340g)  Number of units per package: 16 cookies  Package type: Kraft paper bag,"Food & Beverage Inc., dba Chris's Cookies has initiated a recall of Trader Joe s Peanut Butter Sutter s Formula Cookies  (Trader Joes SKU 93307) that was packed in a Trader Joes branded Chocolate Chip Cookie bag, and sent out as Chocolate Chip Cookies.      Please note the Chocolate Chip Cookie bag has a statement on the back that says:  MAY CONTAIN TRACES OF PEANUTS AND TREE NUTS , but since the wrong product packed is based almost completely in peanut this could represent a bigger risk for those who have peanuts allergies. Thus, prompting the firm to error on the side of public safety and initiate a recall.",Voluntary: Firm initiated,20180312,20180328,20180504
F-0316-2020,Terminated,Class I,MN,United States,"Russ Davis Wholesale, Inc.","Veggie Pizza Mix, 2.5 lbs, packaged with a small generic white label on a plastic bag for foodservice use.  Contains broccoli florets, cauliflower florets and diced carrots.  Mix meant for putting on flat bread as RTE.",Products are being recalled because they may have the potential to be contaminated with Listeria monocytogenes,Voluntary: Firm initiated,20191105,20191127,20200611
F-2745-2015,Terminated,Class II,GA,United States,Lavoi Corporation d/b/a/ Epi De France,"Epi breads, 12"" French Sub-roll, 36 count per case, Epi breads, 12"" Unsliced French Hoagie, 45 count per case, and 7.75"" French Hoagie, 48 count per case per case, Lavoi Corporation, EPI Breads, 4710 West Ledbetter, Dallas, TX 75236",Undeclared allergen: Bread products were manufactured using raw material (wheat gluten) that was recalled due to undeclared peanut and/or tree nut residue.,Voluntary: Firm initiated,20150224,20150701,20170706
F-1884-2014,Terminated,Class II,IA,United States,American Pop Corn Co,"Jolly Time Microwave popcorn, Extra Butter, 3/3-oz bags/carton. The cartons are packaged 12-cartons/case. Individual carton - UPC 028190008477, on the 12 count case - UPC 10028190008474 and 48 ct shipper with UPC 128190488474    American Pop Corn Company, Sioux City, IA.",The product has the potential to be contaminated with stainless steel metal fragments.,Voluntary: Firm initiated,20140411,20140430,20140728
F-2264-2017,Terminated,Class I,NY,United States,"The Smokehouse of New York, LLC.","Refrigerated, ready-to-eat BAKED KIPPERED SALMON, in 8 oz. vacuum packages, UPC 0200000615659 -- KEEP REFRIGERATED 38 DEGREES or Below --- THE SMOKEHOUSE OF NY , MAMARONECK , NY 10543","The products have the potential to be contaminated with Listeria monocytogenes based on FDA sampling and analysis.  During an FDA inspection, an environmental sample (973983) was collected and submitted to NRL for analysis.  NRL's analysis revealed 37 out of 99 subs were positive for L. monocytogenes including both Zone 1 and Zone 2 locations.",Voluntary: Firm initiated,20170407,20170607,20170831
F-1090-2013,Terminated,Class II,ND,United States,"Dakota Specialty Milling, Inc","40632,  SPECIALTY GRANNY GRAINS BLEND ( WHEAT BRAN, WHEAT, OATS , BARLEY, RYE),  DAKOTA SPECIALTY MILLING, INC., FARGO, ND ,  19 Net WT 40 LBS.",Some flour and flour blends produced at Dakota Specialty Milling have the potential to be contaminated with pliable metal wire mesh fragments from a defective flour sifter.,Voluntary: Firm initiated,20130214,20130320,20140110
F-0062-2013,Terminated,Class II,WI,United States,Springside Cheese Corp,"Springside Cheese, Cranberry Monterey Jack  Cheese,  55-0172,  V3, August 28, 2012,","Springside Cheese Corp. is recalling cheese produced on August 21, 2012 through September 1, 2012.  This voluntary recall has been initiated because the cheese has the potential to be contaminated with Giardia, a parasite, from an employee illness.",Voluntary: Firm initiated,20120907,20121017,20160309
F-0104-2017,Terminated,Class III,NY,United States,Triceutical Inc./Zhang,Maca,Triceutical Inc. has recalled all dietary supplements due to lack of good manufacturing practices.,Voluntary: Firm initiated,20141010,20161026,20180604
F-1052-2020,Terminated,Class II,FL,United States,Fresh Express Incorporated,"Little Salad Bar Garden, 12 oz, UPC 4099100082975, Iceberg lettuce, carrots & red cabbage","Ready to Eat salad products containing iceberg lettuce, red cabbage and/or carrot ingredients are recalled due to a possible health risk from Cyclospora.",Voluntary: Firm initiated,20200619,20200722,20201216
F-1740-2018,Terminated,Class I,MD,United States,Whole Foods Market Group Inc.,"CANDY DESSERT SHELL VANILLA PANIBOIS, 17 Ounce","Whole Foods Market, Inc. has initiated a recall of various bakery products  that was made in there Mid-Atlantic stores and sold between May 25th and July 13th which failed to declare soy flour (soy) as an ingredient.",Voluntary: Firm initiated,20180713,20180815,20210903
F-1868-2014,Terminated,Class I,MN,United States,Parkers Farm Inc,"Peanut Butter sold under the following sizes, brands: HONEY CRUNCHY (55204) Peanut Butter in 16 oz tubs with snap on lid.","Various Peanut butters, cheese spreads, cold pack cheese, salsa, cheese balls/logs have the potential to be contaminated with Listeria monocytogenes.",Voluntary: Firm initiated,20140321,20140423,20151021
F-1463-2019,Terminated,Class II,NY,United States,"Bedessee Imports, Inc","National Heartland Naturals Premium Quality Pearl Barley  32 oz Plastic Bag, UPC 707966600083","Product was labeled as gluten free by mistake, but the product does contain Gluten.",Voluntary: Firm initiated,20190531,20190626,20200626
F-1511-2015,Terminated,Class I,WA,United States,Snoqualmie Gourmet Ice Cream,"Guava Sorbet, sold under Snoqualmie brand.  Product is sold in 3 gallon plastic tubs. No UPC.",Guava Sorbet is being recalled due to the potential to be contaminated with Listeria monocytogenes,Voluntary: Firm initiated,20141221,20150708,20160223
F-0405-2015,Terminated,Class II,MI,United States,"Good Herbs, Inc.","Good Herbs, Inc., SAW PALMETTO, 4 oz bottle, 550 Oliver Dr Troy, MI 48084 The Quality Herb That Works",Products not manufactured under GMP's,Voluntary: Firm initiated,20140505,20141105,20160203
F-3319-2017,Terminated,Class II,IL,United States,Newly Weds Foods Inc,"B93756, BREADER X1@, NET WT 40 LBS, Manufactured By: Newly Weds Foods, Inc., Chicago, IL 60639",Product may contain undeclared milk.,Voluntary: Firm initiated,20170503,20170726,20190805
F-1668-2019,Terminated,Class II,MA,United States,"C & S Wholesale Grocers, Inc.","CHOBANI KEY LIME BLENDED LOW FAT GREEK YOGURT - 5.3OZ, UPC:1829001271",Products were not held at an appropriate temperature due to a mechanical malfunction during transportation.,Voluntary: Firm initiated,20190617,20190731,20190731
F-2345-2014,Terminated,Class II,CT,United States,Fish Family Farm,FISH FAMILY FARM INC. & & Shadow Valley Farm brand CHOCOLATE MILK GRADE A PASTEURIZED HOMOGENIZED in a glass half-gallon container,Milk products and cream products may be contaminated with peanuts and tree nuts (pistachio).,Voluntary: Firm initiated,20140612,20140827,20160414
F-1655-2016,Terminated,Class I,TN,United States,The Pictsweet Company,"Frozen chopped onions labeled as:    a) Kroger(R) CHOPPED ONIONS, RECIPE BEGINNINGS(R), NET WT 12 OZ (340g), UPC 11110 89791, DISTRIBUTED BY THE KROGER COMPANY, CINCINNATI, OH 45202    b) PICTSWEET(R) Chopped Onions, recipe helper, NET WT 10 OZ (283g), UPC 70560 96609, DISTRIBUTED BY THE PICTSWEET COMPANY, BELLS, TN 38006",Products contain onions which were recalled for the possibility of Listeria monocytogenes contamination.,Voluntary: Firm initiated,20160409,20160713,20170803
F-1745-2024,Terminated,Class II,NY,United States,American Spice LLC,Spice Class brand Ground Cinnamon packed in 7oz and 11oz PET jars,"Product contains elevated levels of lead (2,040ppb).",Voluntary: Firm initiated,20240528,20240904,20251104
F-1725-2017,Terminated,Class I,IL,United States,Life Rising Corp                                    S,"The product is packaged in a white plastic bottle with green lettering. The label reads in part ""LIFE RISING DHZC-2, blood circulation regulator (lower abdomen), Chinese Herbal Supplement, 60 tablets, life rising to higher well being"", UPC: 616042102727",The dietary supplement contains lead.,Voluntary: Firm initiated,20160801,20170405,20190301
F-0346-2024,Terminated,Class I,CA,United States,"Gills Onions, LLC","Cross Valley Farms 4/5 LB CTN FRESH 1/8"" SLIVERED YELLOW ONIONS W/ZIPPER",Potential contamination with Salmonella Thompson,Voluntary: Firm initiated,20231023,20231115,20240920
F-2254-2015,Terminated,Class II,CA,United States,"Poco Dolce Confections, Inc.","Poco Dolce Bittersweet Chocolate:  Ginger Tile, sea salt topped;  0.6 oz (17 grams)  San Francisco CA.  Ingredients:  Bittersweet Chocolate (Chocolate Liquor, Sugar, Cocoa Butter, Butter, Soy Lecithin, Pure Vanilla) Ginger, Sugar, Grey Sea Salt. May contain traces of peanuts, tree nuts or milk proteins.",California Department of Public Health conducted and inspection of the firm and found that milk was missing from the label as an ingredient of butter.,Voluntary: Firm initiated,20150501,20150520,20150723
F-0587-2016,Terminated,Class II,WI,United States,Kwik Trip Bakery,"Filled Long Johns 9999954006,  540062, 28 per bulk tote.","Kwik Trip, Inc. is recalling various bakery goods which might be contaminated with pieces of  plastic due to using plastic contaminated ice nuggets as an ingredient.",Voluntary: Firm initiated,20160113,20160224,20170718
F-0881-2023,Terminated,Class II,FL,United States,Borris Brothers,"Smoked Mahi Dip, Net Wt. 8oz and 48oz",Undeclared Yellow #5,Voluntary: Firm initiated,20230413,20230517,20230622
F-0523-2021,Terminated,Class II,IL,United States,Newly Weds Foods Inc,"Newly Weds B70731 bread crumbs X1, 25lbs bag",Foreign material,Voluntary: Firm initiated,20210427,20210526,20220209
F-0521-2021,Terminated,Class II,IL,United States,Newly Weds Foods Inc,"Newly Weds B70709 breader crumbs X3, 40lbs bag",Foreign material,Voluntary: Firm initiated,20210427,20210526,20220209
F-2767-2017,Terminated,Class II,NH,United States,High Liner Foods Inc.,"HFS 10/6lb Crunchy Row Breaded Cod Rectangles 3 oz.,  Item Number: 10002800",Product may contain undeclared milk.,Voluntary: Firm initiated,20170609,20170823,20171214
F-3606-2017,Terminated,Class I,TX,United States,"Country Fresh Products, LLC","Tri-Pepper Dice, 6-oz. packaged in a clamshell and Dice Tri-Pepper, 7-oz. packaged in a clamshell",Potential contamination with Listeria monocytogenes.,Voluntary: Firm initiated,20170902,20171004,20171213
F-1563-2023,Terminated,Class II,NM,United States,"Vitality Works, Inc","100 vegetarian  Fenugreek Capsules 90 count, 600mg, packaged in 150cc Amber Glass Packer  with White Polypropylene Cap.",Foreign material: pieces of a pen (writing utensil).,Voluntary: Firm initiated,20230822,20231004,20231113
F-0746-2019,Terminated,Class II,PA,United States,ASK Foods Inc,"ASK Foods Inc. Naturally Creative Firecracker Slaw, 3.75 lb. Bulk Container sold from the deli",Products recalled due to potential contamination with Listeria monocytogenes or Salmonella.,Voluntary: Firm initiated,20181023,20181226,20181220
F-0533-2016,Terminated,Class I,CA,United States,Ocean Group Inc.,Masago Lake Smelt Roe  6 oz.  UPC Code:4866010101,Product contains undeclared soy and wheat.,Voluntary: Firm initiated,20151216,20160210,20160316
F-2693-2015,Terminated,Class I,TX,United States,"Blue Bell Creameries, L.P.",DZ Lime Fruit Bar - Single Serve Snack; 6 Pak Lime Fruit Bars,Five patients who were treated in a single hospital in Kansas were infected with one of four rare strains of Listeria monocytogenes.,Voluntary: Firm initiated,20150313,20150701,20161103
H-0814-2026,Ongoing,Class I,WI,United States,"PS Seasoning & Spices, Inc.","Ellsworth Sour Cream + Onion Seasoning, Part #:  180000113.  Net Wt 25.00 lbs (11.3kg).  PS Seasoning & Spices 216 W Pleasant St Iron Ridge WI  53035",Product was made with milk powder recalled by the supplier due to Salmonella contamination.,Voluntary: Firm initiated,20260422,20260527,
F-2242-2012,Terminated,Class I,WI,United States,"Garden-Fresh Foods, Inc.","Finest Traditions Blue Cheese Potato Salad, 8 lb., 10 733147 10137 4","Recalled salads, slaw, salsa, bean and dips contained onions that were recalled by Gills Onions due to potential Listeria monocytogenes contamination.",Voluntary: Firm initiated,20120727,20120919,20121115
F-2949-2017,Terminated,Class I,MO,United States,"Dierbergs Markets, Inc Corporate Office","Dierbergs Kitchen, Grilled Chicken Caesar Wrap, NET WT. 10 oz, UPC 0 233983 804994",Undeclared anchovy in wraps.,Voluntary: Firm initiated,20170628,20170802,20170809
F-0339-2017,Terminated,Class II,CA,United States,"H.P. Hood, LLC","Muscle Milk 14 oz, 25 g protein.  Vanilla Creme    UPC (case):  8-76063-00222-6;    UPC (unit):  8-76063-00202-8",Products recalled due to premature spoilage (swelled containers & foul odor).,Voluntary: Firm initiated,20160609,20161116,20170213
F-0288-2014,Terminated,Class I,OR,United States,"Reser's Fine Foods, Inc.","Reser's Homestyle Recipe Potato Salad with Egg, Formula PO.81, packaged  in 2/8-lb carton cases. Reser's Fine Foods, Inc., Beaverton, OR.",The recalled products are potentially contaminated with Listeria monocytogenes.,Voluntary: Firm initiated,20131022,20140101,20170124
F-1459-2019,Terminated,Class II,HI,United States,Regal Food Inc./dba The Pizza Shop,"Regal's Fundraising Cookies: Cornflake flavor.  Net Weight 12 oz. (340 grams).    All varieties have the same ingredient list:  Flour, Sugar, Cotton Seed Oil, Butter Blend, Chocolate Chips, Salted Butter, Vanilla Extract, Salt, Baking Soda.    Regal Foods,  Honolulu, HI  www.regalfoodsusa.com","FDA inspection found that allergen sub ingredients are not declared on the label - wheat, soy, milk.",Voluntary: Firm initiated,20190515,20190626,20191119
F-0369-2013,Terminated,Class I,NM,United States,"Sunland, Incorporated","Sunland Creamy Peanut Butter with Sea Salt, 40 oz, UPC 4868709915, Gluten Free, Produced by Sunland Inc, Portales, NM 88130.","Sunland, Inc. is conducting a voluntary limited recall of its Almond, Peanut, and Cashew Butter products and Tahini and Roasted Blanched Peanut Products, manufactured between May 1, 2010 and September 24, 2012, because these products may be contaminated with Salmonella.",Voluntary: Firm initiated,20120924,20121031,20141001
F-0412-2019,Terminated,Class II,FL,United States,NUTRANEXT BUSINESS LLC,Internal Cleansing Kit Peppermint,"Routine quality testing identified elevated levels of lead above applicable 2232 levels, which may pose potential health risks to a portion of the population.",Voluntary: Firm initiated,20181001,20181114,20190702
F-0683-2018,Terminated,Class I,UT,United States,"Condies Foods, Inc.","Condies Foods Fresh Fruit, Item Number 40781, UPC  50777222655",Condies Foods is recalling Veggie Cups due to undeclared milk and egg.,Voluntary: Firm initiated,20180102,20180131,20180412
H-0076-2025,Terminated,Class II,TX,United States,NatureMills US Incorporated,"Nature Mills Vallarai Rice Mix, 200g",Undeclared  wheat allergens,Voluntary: Firm initiated,20250513,20250702,20260225
F-2632-2017,Terminated,Class II,NH,United States,High Liner Foods Inc.,HLSC 12/10oz Summer Herb Crusted Cod Item Number:    1029449,Product may contain undeclared milk.,Voluntary: Firm initiated,20170609,20170823,20171214
F-1110-2018,Terminated,Class I,WI,United States,"Kwik Trip, Inc.","Kitchen's Cravings Egg Salad Sandwich on Oat Multigrain Bread.  Net Wt. 5.5 oz. (156g),  Black bottom clear top plastic clamshell container, UPC 39779-00079   Keep Refrigerated.",Kwik Trip is recalling Kitchen's Cravings Premium Egg Salad Sandwich on Oat Multigrain Bread because it may contain undeclared fish and shellfish.,Voluntary: Firm initiated,20180323,20180425,20180807
F-2198-2017,Terminated,Class II,OH,United States,Givaudan Flavours Corp,"SJ TACO Net Wgt: 44.5 LBS INGREDIENTS: Spices including Chili Pepper, Garlic Powder, Sugar, Paprika***Wheat Flour***CONTAINS: SOY, WHEAT spicetec¿ FLAVORS & SEASONINGS 6 Santa Fe Way Cranbury, NJ 08512 (800) 345-7742",During an internal investigation the firm discovered that an ingredient used in various spices may contain Salmonella.,Voluntary: Firm initiated,20170327,20170517,20171218
F-0441-2015,Terminated,Class II,MI,United States,"Good Herbs, Inc.","Good Herbs, Inc., WELLNESS PLUS, 1 oz bottle, 550 Oliver Dr Troy, MI 48084 The Quality Herb That Works",Products not manufactured under GMP's,Voluntary: Firm initiated,20140505,20141105,20160203
F-1517-2023,Terminated,Class II,TX,United States,Mount Franklin Foods LLC DBA Azar Nut Co.,"Power Snacks Honey Roasted Sunflower Kernels, Net Wt 1 oz; UPC 076500722025",Potential to contain undeclared soy and/or wheat allergen due to mislabeling.,Voluntary: Firm initiated,20230816,20230927,20250210
F-2690-2015,Terminated,Class I,TX,United States,"Blue Bell Creameries, L.P.",DZ Coconut Bar- Single Serve Snack and 6 Pak Coconut Fruit Bars and 6 Pak Dipped Coconut Fruit Bars,Five patients who were treated in a single hospital in Kansas were infected with one of four rare strains of Listeria monocytogenes.,Voluntary: Firm initiated,20150313,20150701,20161103
F-0370-2013,Terminated,Class I,NM,United States,"Sunland, Incorporated","Sunland Creamy Peanut Butter, 12 oz, UPC 4868726910; 5 lb UPC 22704; 40 lb UPC 22705; 40 lb UPC 22725; 500 lb UPC 26527; 18 oz UPC 4868726909; 15 lb 4868732722; 500 lb UPC 36527; 30 lb UPC 47730; 40 lb UPC 081725; 35 lb UPC 4868786724; 50 lb UPC 086301.  Produced by Sunland Inc, Portales, NM 88130","Sunland, Inc. is conducting a voluntary limited recall of its Almond Butter and Peanut Butter products, manufactured between May 1, 2010 and September 24, 2012, because these products may be contaminated with Salmonella.",Voluntary: Firm initiated,20120924,20121031,20141001
F-3212-2015,Terminated,Class I,OH,United States,Jeni's Splendid Ice Creams LLC,"Beet + Grapefruit Shrub Sorbet Pint Case, 205, Jeni's Splendid Ice Creams, LLC, pint size, plastic container, 8 pints per case, frozen.    Beet + Grapefruit Shrub Ssorbet Pint, Jeni's Splendid Ice Creams, LLC, pint size, plastic container, individually packed, frozen.",Product may be contaminated with Listeria monocytogenes.,Voluntary: Firm initiated,20150422,20150916,20151106
F-1135-2018,Terminated,Class III,FL,United States,"Italian Rose Garlic Products, LLC","ITALIAN ROSE GARLIC SPREAD, Gluten Free, NET WT. 35 LB (16 kg), www.italian-rose.com, Riviera Beach, FL 33404","During a FDA inspection, it was disclosed that the firm is not documenting the mixing time of the product nor is pH monitoring for each kettle/batch mixed being conducted. The product is a shelf stable garlic spread.",Voluntary: Firm initiated,20180406,20180502,20180823
F-1172-2019,Terminated,Class II,MA,United States,DAHLICIOUS,"DAHlicious ORGANIC Lassi India -Style DRINKABLE YOGURT, Grassland Plain, , 32 FL OZ (946 mL), UPC: 7 93573 01459 7",Product was improperly pasteurized.,Voluntary: Firm initiated,20181211,20190327,20190405
F-0399-2025,Terminated,Class I,TX,United States,HARDIES FRESH FOODS,"14019 Cucumber Select 6 CT, 01034 Cucumber Select 5# packaged in polybags Dairyland Produce, LLC",Cucumbers have the potential to be contaminated with Salmonella,Voluntary: Firm initiated,20241127,20250122,20260211
F-0615-2016,Terminated,Class I,IL,United States,Wholesome Soy Products,"Mung bean sprouts packaged in 10 lb., 15 lb., and 30 lb. plastic bags.",Listeria monocytogenes was found in the mung bean sprouts and the area where the sprouts are produced.,Voluntary: Firm initiated,20140829,20160224,20160413
F-0480-2015,Terminated,Class I,ME,United States,"Maine Natural Health, Inc.","Endurance Daily Vanilla Dietary Supplement  Packaged under the label:  Stronger Faster Healthier and Mainer Whey  Packaged in: 2 lb (32 oz), 10 oz. and 30 gram sizes",Protein supplement fails to declare allergen milk,Voluntary: Firm initiated,20120921,20141119,20150302
F-1101-2019,Terminated,Class III,NV,United States,"ProThera, Inc. dba SFI USA",Klaire Labs Melatonin Lozenge Formula  Fast Dissolving 1 mg tablets;  Packed in a 75 cc HDPE Bottle  60 Tablets  UPC: 8 28054 17845 8;  SKU: ML1,Small quantity of product labeled as Melatonin Lozenge Formula were filled with L-Theanine.,Voluntary: Firm initiated,20190117,20190306,20190326
F-0003-2020,Terminated,Class I,NY,United States,Great One Trading Inc.,"QQ Fish brand Mushroom Fish Ball, 200g","Products contain undeclared allergen, specifically egg.",Voluntary: Firm initiated,20190822,20190918,20200804
F-0729-2025,Terminated,Class I,FL,United States,Supplement Manufacturing Partner Inc.,"Spermidine, Maximum Strength, 10 mg per serving, Support healthy Aging, Dietary Supplement, 120 Capsules, oral consumption, shelf life: 24 months, PETE/White/150cc Plastic bottle/lid, 120 count.Supplement Facts: Spermidine 3HCL 10mg*** Other Ingredients: Hydroxypropyl Methylcellulose, Rice Flour",Undeclared allergen: Wheat,Voluntary: Firm initiated,20250404,20250430,20250903
F-1641-2019,Terminated,Class II,MA,United States,"C & S Wholesale Grocers, Inc.","CALIFIA FARMS XX ESPRESSO COLD BREW COFFEE - 48 FL OZ, UPC: 5290900349",Products were not held at an appropriate temperature due to a mechanical malfunction during transportation.,Voluntary: Firm initiated,20190617,20190731,20190731
F-1859-2017,Terminated,Class I,NY,United States,Vulto Creamery,"artisanal cheese VULTO Creamery HANDMADE CHEESE, Walton Umber, NET WT. 4 lbs",Listeria monocytogenes contamination,Voluntary: Firm initiated,20170303,20170412,20190614
F-2187-2015,Terminated,Class I,PA,United States,"Giant Eagle, Inc.","Apricot Filled Cookie OTC  Sell By: (all dates up to) 3/23/2015  Net WT. 1 OZ  Contains:Egg, Wheat, Soy  ;   Cookies affected are only sold direct from bakery counter and packaged at time per customer request and packed either in clam shell plastic or wax paper.  ;   Net Weight on label may differ depending on number of cookies a customer requested. Net Weights listed above are for 1 cookie.","On 3/20/2015, it was discovered that the labels for Apricot Filled Cookie, served over the counter at retail Eagle and affiliate stores, did not declare the milk allergen. Milk was not included on the labels which state ""contains: egg, wheat, soy.""",Voluntary: Firm initiated,20150320,20150610,20150817
F-0066-2015,Terminated,Class I,NY,United States,"Oscar's Hickory House, Inc.","OSCAR'S SMOKE HOUSE GARLIC CHEDDAR SPREAD, NET WT 7 OZS, keep refrigerated.  Distributed by: Oscar's Smoke House Warrensburg, NY 12885.",Products were recalled due to potential Listeria monocytogenes contamination.,Voluntary: Firm initiated,20140326,20141029,20180608
F-0046-2013,Terminated,Class I,NC,United States,3fish Inc.,"Harris Teeter, Stuffed Tilapia 8ct (Fresh)",Products were manufactured with diced onions that were recalled due to Listeria monocytogenes contamination.,Voluntary: Firm initiated,20120907,20121017,20140211
F-0693-2018,Terminated,Class II,FL,United States,Hom'ade Foods,"Mary B's Thins , 22 Biscuits, NET WT. 28.3 oz (1LB 12.3 OZ) 810g",Products have the potential to be contaminated with Listeria monocytogenes.,Voluntary: Firm initiated,20180108,20180207,20190424
F-1084-2016,Terminated,Class II,ND,United States,"Specialty Commodities, Inc.","Almonds, dry roasted, not salted, packaged in 25 lb. cardboard cartons",Cashews were mixed with almonds but allergen was not declared on outside packaging.,Voluntary: Firm initiated,20160301,20160427,20180207
F-1243-2024,Terminated,Class II,FL,United States,"CN Frozen Foods, INC",Sysco Classic Riced Cauliflower packed in a 4lb plastic bag (6 units of 4 lb. per carton box).,Riced Cauliflower tested positive for Listeria monocytogenes.,Voluntary: Firm initiated,20240427,20240522,20240624
F-1503-2012,Terminated,Class II,WI,United States,Kerry Foods,"KERRY, CULTURED NF BUTTERMILK 986, CODE 031001.010,  CONTAINS MILK,  Item # I2868.465 ,  Net Wt 50 Lb (22.68 Kg)",Kerry has decided to voluntarily recall its lactic acid containing products because they are contaminated with  metal fragments.,Voluntary: Firm initiated,20120601,20120627,20130131
F-0405-2024,Terminated,Class III,NY,United States,"The Sausage Maker, Inc.",The Sausage Maker Instacure #1,Contains Sodium Nitrite recalled for potential metal contamination,Voluntary: Firm initiated,20230725,20231115,20250410
F-1274-2019,Terminated,Class II,CA,United States,Impossible Foods,"Impossible Foods Bulk, 5 lb. vacuum sealed plastic-pack.  Keep Frozen;  This is a plant product that is looks like and is used like ground beef.  UPC: (01) 00816697020036;  Item # 60-00010",Piece of plastic was found in bulk product.,Voluntary: Firm initiated,20190321,20190417,20190417
F-0043-2022,Terminated,Class II,CA,United States,Chocolate and the Chip,"Chocolate & the Chip  Boozy Banana Walnut:  Cookies: 4 oz / 114 grams per pack. Cookies are packaged in uniform pairs in a food grade clear resealable bag and label  Corrected Ingredients: Not provided    Labels found during the inspection had undeclared wheat, milk, soy sulfites. Firm had listed ingredients on packaging but what was missing were the sub ingredients and allergen containment.",Inspection by the California Department of Public Health found undeclared allergens in numerous bakery products.,Voluntary: Firm initiated,20211005,20211027,20211130
F-2346-2016,Terminated,Class I,NJ,United States,United Natural Trading,"Woodstock Farms Mfg. Cape Cod Cranberry Mix Net Wt. 25 Lbs.  Distributed by Woodstock Farms Mfg. Edison, NJ 08817  UPC C250575",Walnut pieces may be contaminated with Listeria monoctyogenes which was determined through Third Party Sampling.,Voluntary: Firm initiated,20160506,20160928,20170614
F-0263-2023,Terminated,Class II,GA,United States,Something South African LLC,"Pepper Collection 8 Tube Gift Set - a colorful assortment of dried peppers.  This product contains peppers in 8 different glass tube and packaged in a printed paperboard sleeve and are visible through a window in the sleeve. Net wt. is 4.87oz/138g. The UPC is 6 009686 793712.  Packed in South Africa. US Importer: Something South African, LLC Seattle WA 98199, Email: info@somethingsouthafrican.net.",Due to presence of mold (Aspergillus brasiliensis) and Ochratoxin A.,Voluntary: Firm initiated,20221212,20230125,20230424
F-1902-2013,Terminated,Class I,OH,United States,JTM Provisions Co Inc,"Bean & Cheese Burrito Filling, 10 lb bags Labeled in part ""13210 B 1 77220 13:38 KEEP FROZEN BEAN & CHEESE BURRITO FILLING***INGREDIENTS: COOKED PINTO BEANS, WATER, CHEDDAR CHEESE***SOYBEAN OIL***STARCH-MODIFIED, ONIONS, CHEESE SAUCE BASE***CONTAINS LESS THAN 2% OF CHILI PEPPER, SALT, CHICKEN BASE***SODIUM PHOSPHATES, SPICE, CARAMEL COLOR DEHYDRATED, GARLIC, ANNATTTO EXTRACT.""  CONTAINS: Soy, Milk, Wheat JTM Food Group 200 Sales Dr. Harrison, OH 45030 Phone 800.626.2308.",Undeclared eggs in the product.  The firm was notified by their customer that the product contains pasta.  The pasta contains eggs which is not declared on the label.,Voluntary: Firm initiated,20130911,20130925,20140115
F-0122-2013,Terminated,Class I,WA,United States,Floyd Peterson Company Inc.,"Ricotta Salata Frescolina Brand Soft Cheese.  Product is packaged in a retail package, wedge shaped, size ranges from 6-7 oz.    The product is labeled in parts: ""***Frescolina Ricotta Salata MARTE***IMPORTED BY FOREVER CHEESE,NY 11106***PRODUCT OF ITALY***""",Ricotta Salata Frescolina Brand Cheese is recalled due to the potential contamination with Listeria monocytonenes.,Voluntary: Firm initiated,20120910,20121024,20121031
F-0950-2024,Terminated,Class II,IL,United States,The Quaker Oats Co.,Quaker Chewy Bars Less Sugar Peanut Butter Chocolate Chip 8ct 6.7 oz. Bars are individually wrapped in plastic and then packaged in paperboard boxes.,potential Salmonella,Voluntary: Firm initiated,20231215,20240306,20241120
F1583-2013,Terminated,Class II,FL,United States,"Florida Nutri Labs, LLC","""***DIETARY SUPPLEMENT 4HB STACK Bedtime***52 CAPLETS***MANUFACTURED EXCLUSIVELY FOR: Kirkland Science Labs 935 Jackson St #91810 Seattle, WA 98104-2818***"".","Customer reported that a product user complained that the caplets were not coated, making them difficult to swallow.",Voluntary: Firm initiated,20130522,20130710,20130919
F-1203-2022,Terminated,Class I,,Israel,ELITE CONFECTIONERY LTD,ELITE PESEK ZMAN WAFER ROLL UPC: 815871011495 NET WT. 1.4 oz (40g),Potential contamination with Salmonella,Voluntary: Firm initiated,20220428,20220615,20221103
F-0022-2015,Terminated,Class III,IL,United States,Kraft Heinz Foods,"Individually 2/3 oz. slices of American cheese product individually wrapped in transparent plastic an packaged in 12 oz. and 16 oz.. packages, and 4 lb. cartons under the Kraft brand name.     Cases of 12 oz. packages include 48 packages per case.     Cases of 16 oz. packages include either 12 or 36 packages per case.     Cases of 4 lb. cartons include 8 cartons per case.","Kraft Foods Group is voluntarily recalling 7,691 cases of select varieties of regular Kraft American Singles Pasteurized Prepared Cheese Product. A supplier did not store an ingredient used in this product in accordance with Kraft's temperature standards.",Voluntary: Firm initiated,20140829,20141022,20160808
F-2680-2017,Terminated,Class II,NH,United States,High Liner Foods Inc.,"HFS 1/10LB Lightly Breaded Cod Tail Portions 5oz,  Item Number: 02075",Product may contain undeclared milk.,Voluntary: Firm initiated,20170609,20170823,20171214
F-0272-2014,Terminated,Class I,OR,United States,"Reser's Fine Foods, Inc.","Farmstyle Potato Salad, Formula PO.27, packaged in 3/8-lb carton cases. Packaged Exclusively for use by: Yum! Brands Global Restaurants, Louisville, KY.  UPC 885251252626",The recalled products are potentially contaminated with Listeria monocytogenes.,Voluntary: Firm initiated,20131022,20140101,20170124
F-1230-2024,Terminated,Class I,FL,United States,Belgian Yummies,Vanilla Ice Cream Cookie Sandwich. Sandwiches packaged in a gold or clear bags. 50 sandwiches per case and weighting 4oz each sandwich.,"Undeclared Allergen: milk, eggs, wheat, peanuts, and tree nuts.",Voluntary: Firm initiated,20240320,20240515,20240716
F-0227-2022,Terminated,Class I,WI,United States,"Alsum Farms & Produce, Inc.","Alsum Farms & Produce  Whole Red onions packaged in 2lb. (907g) bags,  UPC 39186-60101 Produce of Mexico.  Packed by Alsum Farms & Product, Inc., Friesland, WI  53935.",Onions are being recalled by Keeler Family Farms due to potential Salmonella contamination.,Voluntary: Firm initiated,20211102,20211208,20220113
F-0601-2023,Terminated,Class II,GA,United States,Epic Baking,"Cafe' Intermezzo Strawberry Cr¿me Torte 5.5 lbs Ingredients: White Cake, Water, Vegetable Oil, Strawberry Buttercream (Sugar, Shortening, Strawberry Jell-O, Vanilla Extract, Salt), Chocolate Pudding Mix, Strawberry Glaze, Red Chocolate Curls. Contains: Milk, eggs, wheat, and soy, May contain tree nuts and peanuts.",Firm did not list sub-ingredients. Undeclared Blue 1; Yellow 5 and 6; Red 40. Remaining major allergens were listed in contains statement and/or ingredient list.,Voluntary: Firm initiated,20230130,20230322,20251217
F-1856-2016,Terminated,Class I,OH,United States,"Windy Acres Candy & Nut, Outlet Inc.","Windy Acres FRUITY TRAIL MIX Roasted Peanuts, Pineapple, Papaya, Raisins & Almonds 7 OZ (198 G) UPC 0 82987 02016 5 WILMINGTON, OH 45177 1-937-382-8057",The firm was notified by their supplier that the Sunflower kernels they received may be contaminated with Listeria monocytogenes.,Voluntary: Firm initiated,20160524,20160810,20161206
F-0139-2020,Terminated,Class I,CA,United States,California New foods,Carolyn's Cookie Company - Frozen Cookie Doughballs - Bake at Home.  Chocolate Chip  Net Wt. 22 oz. (623.7g)    UPC Code 680569160232,Firm received consumer complaint of an allergic reaction after consumption.,Voluntary: Firm initiated,20190923,20191120,20200108
F-3004-2015,Terminated,Class I,AZ,United States,Inventure Foods,"Fresh Frozen Grade A Cut White Corn, Net Wt. 32 Oz, (2 Lb.) 907g, Dist. By Fresh Frozen Foods, Inc., Jefferson, GA 30549, UPC 0-86069-20102-2, Fresh Frozen Grade A Cut White Corn, Net Wt. 80 Oz. (5 Lb.) Dist. By Fresh Frozen Foods, Inc., Jefferson, GA 30549, UPC 0-86069-50102-3",Listeria contamination due to various GMP violations. possible.,Voluntary: Firm initiated,20150423,20150826,20170301
H-0245-2025,Terminated,Class II,RI,United States,UNFI General Corporate,1. USA OG2 LEEKS,May be contaminated with fluid from a reach truck,Voluntary: Firm initiated,20250607,20250716,20260316
F-2094-2016,Terminated,Class I,WA,United States,Essential Foods Inc. dba Globespun Gourmet,"Globespun Gourmet Dolma La- Tibetan potato, net wt. 8 oz., plastic wrapped.  UPC 32328 00503.",Globespun Gourmet Dolma La 8 oz wrap is recalled because an ingredient (peas) has the potential to be contaminated with Listeria monocytogenes.,Voluntary: Firm initiated,20160615,20160928,20161102
F-0792-2016,Terminated,Class II,OH,United States,Nestle USA,"Stouffer's vegetable lasagna.  Keep Frozen. Sold in the following sizes and UPC:  1.  Party Size  Net Wt. 96 oz (6 lb) 2.72kg  UPC 13800-19002.  2.  Net Wt. 10 1/2 oz (297g)  UPC 13800-10323.  3.  Family Size Net Wt. 37 1/2 oz (2 lbs. 5 1/2 oz) 1.06 kg, UPC 13800-55510.  4.  Food Service Professional Product Net Wt. 6 lbs (2.72 kg)  UPC 13800-30322.(this product is not available in retail stores)","Nestle is recalling a limited number of DiGiorno, Lean Cuisine, and Stouffer's products due to the potential presence of glass pieces.",Voluntary: Firm initiated,20160310,20160330,20200319
F-0571-2021,Terminated,Class I,OH,United States,Velvet Ice Cream Company,Velvet Cookies n Cream   16oz - 8 cartons to a case  3 Gallon Tub - 1 Tub per case,Potentially contaminated with Listeria monocytogenes,Voluntary: Firm initiated,20210423,20210512,20210720
F-1332-2020,Terminated,Class II,WA,United States,San Francisco Street Bakery Inc.,"Pain Au Levain Bread, San Francisco Street Bakery brand, keep at ambient temperature.  Individually packaged in flex poly bag, net weight 16 oz (454 g). UPC 0 08613 10013 1.    The product label is read in parts: ""***Pain Au Levain Bread ***Ingredients: unbleached wheat flour, water, sourdough culture, sea salt ***San Francisco Street BAKERY, Olympia, WA ***"".","The firm used pan release spray, which contains soy lecithin, on equipment and finished products labels do not declare soy lecithin.",Voluntary: Firm initiated,20200723,20200819,20200827
F-0511-2015,Terminated,Class I,FL,United States,M & M Farm Inc.,"M & M brand Number 2 Florida Avocados, packed in 50 lb cardboard boxes",Samples of avocados tested by FDA were positive for Salmonella.,Voluntary: Firm initiated,20141017,20141126,20190802
F-1746-2016,Terminated,Class I,IL,United States,"Rucker's Wholesale & Service Co., Inc.","HC SUNFLOWER KERNEL 3 OZ. packaged in a clear plastic bag with attached green brown and yellow label that reads in part "" Uncle Bucks Sunflower kernel"" UPC code 752545070894","Sunflower kernels in this product are contaminated with Listeria Monocytogenes per the original supplier, SunOpta.",Voluntary: Firm initiated,20160608,20160727,20180227
F-0661-2021,Terminated,Class II,OH,United States,RC Industries Inc.,Mideo's Marinara Glass 32oz jars - 6 jars per case,Potassium mg per serving on label is incorrect.,Voluntary: Firm initiated,20210511,20210616,20211108
H-0270-2026,Terminated,Class I,NJ,United States,CHETAK NEW YORK LLC,Deep-brand Select Bhindi Cut Okra KEEP FROZEN a) Net Wt. 12 oz (340 g); b) Net Wt. 1 LB 8 oz. (24 oz.) (680 g); c) Net Wt. 2 LB (907 g),Product tested positive Salmonella .,Voluntary: Firm initiated,20250905,20251217,20260212
F-2892-2015,Terminated,Class II,MO,United States,Dairy Farmers OF America Inc,"Pasteurized Prepared Cheese Product:    BORDEN 12/13.12OZ DTT AMERICAN CHEDDAR  PROD, 45110155767.3  .",Dairy Farmers of America Inc. is recalling a number of cheese products due  that a piece of plastic  film strip might remain attached to the cheese slice upon peeling the film from the product.,Voluntary: Firm initiated,20150612,20150805,20151202
F-1367-2020,Terminated,Class I,PA,United States,Giant Eagle,"MD Salad Bar- Cucumber Tomato Salad. Expiration 07/31/2020. Ingredients:SALAD [CUCUMBER, TOMATOES, OIL BLEND (CANOLA OIL, EXTRA VIRGIN OLIVE OIL), ONIONS, VINEGAR (RED WINE VINEGAR (DILUTED WITH WATER TO 5% ACIDITY), POTASSIUM METABISULFITE (PRESERVATIVE)), DILL WEED, SALT, PEPPER].",Potential contamination with Salmonella Newport  in onions and prepared foods containing onions.,Voluntary: Firm initiated,20200802,20200909,20210512
F-1730-2018,Terminated,Class III,TX,United States,"Frito-Lay, Inc",Ruffles Cheddar and Sour Cream flavored potato chips 8.5 oz bag,Potential for cleaning solution to come into contact with the chips.,Voluntary: Firm initiated,20180720,20180808,20180904
F-1211-2018,Terminated,Class II,MN,United States,Target Corporation,Ben & Jerry's Chocolate Cookie PB Swirl Non-Diary Frozen Dessert 16 oz.    UPC: 76840580767    Target item number: 288-7-814,Shipping container from CA to HI was not held at proper temperature which could cause food items to be contaminated with spoilage organisms or pathogens,Voluntary: Firm initiated,20180327,20180509,20180503
F-2087-2019,Terminated,Class II,TX,United States,"CH Guenther & Sons, Inc","Winco Foods, Taco Seasoning Mild, Net Wt. 1.25 OZ, Distributed by Winco Foods, LLC, Boise, ID, UPC 0 70552 90126 1",Products contains an ingredient (cumin) potentially contaminated with Salmonella.,Voluntary: Firm initiated,20190724,20190814,20191121
F-2098-2014,Terminated,Class II,KY,United States,"Koogee-Queen Anne, LLC","Banana Puddin' Y'all Ice Cream. Manufactured by: Koogee-Queen Anne, LLC, d/b/a The Comfy Cow 2221 Frankfort Ave, Louisville, KY 40206.","During an FDA inspection the firm was notified that their bulk product lacked labels. Due to the lack of ingredient statement, the firm failed to declare direct allergens for the products. The products also lacked the declaration that they are packaged in a facility that processes peanuts, tree nuts, wheat, milk and eggs.",Voluntary: Firm initiated,20140410,20140716,20140902
F-1518-2016,Terminated,Class I,FL,United States,"Publix Super Markets, Inc.","Publix Deli, Wheatberry Salad,  sold in 3.5 oz clamshell, 1 lb Grab and Go kit, and Chef Select custom order behind the deli counter.  Received at retail store as a 12.75 lbs kit.  Ingredients are combined at retail store.  Manufactured for Publix Supermarkets in Lakeland, FL",Potential contamination with Listeria monocytogenes.,Voluntary: Firm initiated,20160505,20160622,20170413
F-0787-2023,Terminated,Class II,MN,United States,"Cargill, Inc         Corporate Headquarters","PROSANTE TSOYFLR 10P MNCD 50LB BG, paper bag",Products with a gluten free claim may contain gluten levels above 20 ppm.,Voluntary: Firm initiated,20230330,20230510,20230608
F-0143-2018,Terminated,Class II,IN,United States,Midway Specialty Vehicles LLC,"Triple Chocolate Mudslide Cookie, 120 1 oz. cookies, frozen","Midway Specialty Vehicles, LLC dba Aunt Beths Cookies, is voluntarily recalling multiple varieties of cookies sold between January 1, 2017 and September 28, 2017, because they may contain traces of undeclared peanut or tree-nut allergens.",Voluntary: Firm initiated,20171016,20171108,20180227
F-1790-2022,Terminated,Class III,WA,United States,Alida's Bakery LLC,"Alida's Samoon Pita Bread, 4 pieces per package, net wt. 21 oz.  UPC 8 60004 65933 4.  Product contains ingredients: While Flour, Water, Wheat Gluten, Yeast, Sorbitan monostearate, ascorbic acid, Salt, Canola Oil. CONTAINS: Wheat, Gluten.",Undeclared soy lecithin. The canola oil used to grease pans was found to contain soy lecithin.,Voluntary: Firm initiated,20220816,20221005,20221006
F-1126-2022,Terminated,Class I,OH,United States,The JM Smucker Company LLC,JIF 40 OUNCE CRUNCHY PEANUT BUTTER,Products are potentially contaminated with Salmonella.,Voluntary: Firm initiated,20220520,20220608,20230317
F-0379-2016,Terminated,Class II,OR,United States,Skipanon Brand Seafoods LLC,"Canned Chinook Salmon with paper label reading in part:  ***SKIPANON BRAND SEAFOOD CHINOOK SALMON***Ingredients:  Chinook Salmon, Sea Salt NET WT. 6 OZ. (170g)***""     UPC:  58071 00118  Can code beginning with OCCR.    Label background is yellow with a brown stripe at the bottom and multiple colored ink lettering.    Chinook (aka King) Salmon with salt added, canned and distributed as brites in 6oz cans.  Can code beginning with OCCR.","All cans and pouches of Skipanon Brand seafood, including salmon products are being recalled due to lack of documentation and possible under-processed product.  Under-processed seafood could lead to contamination with Clostridium botulinum.",Voluntary: Firm initiated,20151009,20151216,20170626
F-0686-2018,Terminated,Class I,NY,United States,Fieldbrook Foods Corporation,"RASPBERRY Cream Ice Cream Bars: Sundae SHOPPE, 12 Bars, UPC  041498204631",Product may be contaminated with Listeria monocytogenes.,Voluntary: Firm initiated,20180103,20180124,20190212
F-1339-2017,Terminated,Class II,NJ,United States,Schreiber Food International,Ambrosia Quality Foods Brand 4/1 gallon Worcestershire Sauce Net 128 Fl. Oz.,Ambrosia brand 4/1 Gallon Worcestershire Sauce may contain undeclared peanuts.,Voluntary: Firm initiated,20161222,20170201,20170413
F-3229-2017,Terminated,Class II,IL,United States,Newly Weds Foods Inc,"B4AAF3, BREADER X1, NET WT 50 LBS, Manufactured By: Newly Weds Foods, Inc., Chicago, IL 60639",Product may contain undeclared milk.,Voluntary: Firm initiated,20170503,20170726,20190805
F-0699-2017,Terminated,Class I,NY,United States,First Source Llc,"Flave! TROPICAL TRAIL MIX, NET WT 8OZ (226g), shipped 12 packs per case",Product has the potential to be contaminated with Listeria monocytogenes,Voluntary: Firm initiated,20160523,20161221,20180614
F-1785-2013,Terminated,Class III,OR,United States,Craft Brewers Alliance Inc.,Square Mile Spur & Vine Hopped Apple Cider is hopped hard cider is in liquid form and is an alcoholic beverage.  It is packaged in 22 fl oz glass bottles shipped in a corrugated master carton that contains 12 bottles.  Individual bottle is sold at retail stores.    UPC codes case: 7-02770-04912-0   UPC Bottle: 7-02770-24910-0  PDCN code: CAB12,Square Mile Spur & Vine Hopped Apple Cider is recalled because bottles may burst.,Voluntary: Firm initiated,20130716,20130821,20131118
F-2409-2014,Terminated,Class I,NY,United States,"Super Organic Foods, Inc","Sunburst SUPERFOODS ORGANIC RAW CAROB POWDER in ONE POUND and 5 POUNDS bags --- Firm on label: SunburstSuperfoods.com Clifton, NJ (old label) and SunburstSuperfoods.com Tuckahoe, NY (new label)",The repacked product has the potential to be contaminated with Salmonella (from raw material).,Voluntary: Firm initiated,20140729,20140910,20170509
F-2044-2012,Terminated,Class II,ND,United States,Cass Clay Creamery AMPI Fargo Division,"Dan's, LIGHT BUTTER PECAN, half gallon *(1.89 L),  0 70422 24210 4  Hornbachers, LIGHT BUTTER PECAN, half gallon (1.89 L),	 0 41130 21661 9    Sunnybrook, LIGHT BUTTER PECAN, half gallon (1.89 L),	0 70422 24908 0",Cass-Clay Creamery is voluntarily recalling a number of ice cream products because they may contain undeclared  soy (lecithin).,Voluntary: Firm initiated,20120720,20120905,20121115
F-1636-2016,Terminated,Class I,NJ,United States,Dr. Praeger'S Sensible Foods,"Ungar's Veggie Balls (Vegan), 1 oz., 10 lbs (4.54 kg), Best if used by: May-12-2018, UPC 0 0080868 81310 3, Ungar's Food Products, Elmwood Park, NJ 07407",Dr. Praeger's Sensible Food/Ungar's Food Products is voluntarily recalling various not-ready-to eat frozen products because they may be contaminated with Listeria monocytogenes.,Voluntary: Firm initiated,20160513,20160720,20171004
F-3479-2017,Terminated,Class I,NY,United States,Amrita Health Foods,"Amrita Cranberry Raisin Energy Bar, 50gm   UPC: 853009004032",Product may be contaminated with Listeria monocytogenes,Voluntary: Firm initiated,20170802,20170906,20190214
F-0268-2022,Terminated,Class I,NJ,United States,The Fillo Factory Inc.,TaDah! FALAFEL STREET WRAP WITH SPICY BROWN SUGAR HARISSA HUMMUS NET WT. 7.5 OZ. UPC Code:8-5019800307-5,Undeclared milk allergen,Voluntary: Firm initiated,20211115,20211215,20220211
F-1656-2016,Terminated,Class I,TN,United States,The Pictsweet Company,"Kroger(R) CAJUN STYLE MIREPOIX BLEND, onions, celery, and green bell peppers, RECIPE BEGINNINGS(R), NET WT 12 OZ (340g), UPC 11110 89787, DISTRIBUTED BY THE KROGER COMPANY, CINCINNATI, OH 45202",Products contain onions which were recalled for the possibility of Listeria monocytogenes contamination.,Voluntary: Firm initiated,20160409,20160713,20170803
F-2049-2015,Terminated,Class II,PA,United States,Con Yeager Spice Co,"Con Yeager Spice Company, Zelienople, PA 16063  PAPA WOOD BBQ ALL PURPOSE RUB    NET WEIGHT: 12 oz and 5.22 oz  UPC: 38756; 38755  Lot: .219098",Cumin and cumin containing spice mixes may contain undeclared peanuts.,Voluntary: Firm initiated,20150106,20150506,20151105
H-0030-2025,Terminated,Class I,FL,United States,LIPMAN FAMILY FARMS,"Cucumber Super Selec Repacked by Lipman Produce Hendersonville, NC 28792, Product of USA",Potential Salmonella Contamination,Voluntary: Firm initiated,20250520,20250618,20250807
F-0960-2013,Terminated,Class I,IN,United States,"United Natural Foods, Inc. - Greenwood","Kinnikinnick Pie Crust (frozen), Weight: 290 g/10 oz, Qty/Pkg: 2, Product packaged in a cardboard box with printed label. UPC: 62013300600 9","Kinnikinnick Foods, Inc. in Edmonton, Alberta Canada indicated that United Natural Foods Inc. distributors received pie crusts in association with their expanded recall/allergy alert issued 01/17/13.",Voluntary: Firm initiated,20130117,20130206,20130930
F-1683-2015,Terminated,Class II,CA,United States,Health One Pharmaceuticals Inc,SOD Herbal Mix,Health One Pharmaceuticals is recalling dietary supplements due to significant violations of the cGMP regulations for dietary supplements.,Voluntary: Firm initiated,20150204,20150408,20150331
F-0970-2022,Terminated,Class I,NY,United States,"Fruit Fresh Up, Inc.",1. Wegmans 10oz Watermelon Chunks	  2. Wegmans 32oz Watermelon Chunks  3.Fresh Harvest 18oz Watermelon Chunks  4. Tops Large Watermelon	BBD: 3/5/22 to	BBD: 3/22/22  5. Tops Small Watermelon 	BBD: 3/5/22 to	BBD: 3/22/22  6. Lexington Co-op 10oz Watermelon Chunks  7. Lexington Co-op 32oz Watermelon Chunks  8. Wegmans 24oz Mini Watermelon Hearts	  9. EDU Kids 2 oz. watermelon tidbits,may be contaminated with Listeria monocytogenes,Voluntary: Firm initiated,20220318,20220413,20230821
F-1957-2018,Terminated,Class II,MI,United States,Gourmet International Inc.,"SPARKLING POMEGRANETE JUICE DRNK, 6/34 oz., glass bottles",Gourmet International Inc. is voluntarily recalling LItaly Sparkling Juice Beverages due to packaging concerns following multiple reports of leaking caps.,Voluntary: Firm initiated,20180705,20180829,20181004
F-1199-2017,Terminated,Class I,CO,United States,"All American Seasonings, Inc.",Nacho Snack Seasoning / Harvest Pride /Tom Smith. Product Code: T3809. 50 lb bags,Products have been recalled due to potential for Salmonella contamination.,Voluntary: Firm initiated,20161207,20170118,20170508
F-0960-2016,Terminated,Class II,MA,United States,Bj Wholesale Club,ITALIAN SANDWICH RING.  This is a deli service item,Product may have been sliced on the same equipment where the mortadella with pistachios was sliced.,Voluntary: Firm initiated,20160205,20160413,20170124
F-0131-2016,Terminated,Class I,AR,United States,Shearer's Foods Inc.,ON THE BORDER MEXICAN GRILL & CANTINA Cafe Style Tortilla Chips 18 oz. bags,Product may have been exposed to a milk-containing ingredient.,Voluntary: Firm initiated,20150924,20151111,20160707
F-0889-2016,Terminated,Class III,TX,United States,"C. H. Guenther & Son, Inc.dba Morrison Milling",Morrison's Pancake Mix Net Wt 5 LB (2.27 kg),May contain small metal fragments from wire mesh sifter.,Voluntary: Firm initiated,20151207,20160420,20160802
H-0286-2026,Terminated,Class I,NJ,United States,CHETAK NEW YORK LLC,Deep-brand PREMIUM Select Peas and Carrots KEEP FROZEN Net Wt. 2 LB (907 g),Product tested positive Salmonella .,Voluntary: Firm initiated,20250905,20251217,20260212
H-0254-2025,Terminated,Class II,MI,United States,C SWEET PASTRY LLC,"C Sweet Maamoul with Dates 8 oz., UPC 852664042694",Undeclared soy and wheat,Voluntary: Firm initiated,20250625,20250716,20250812
F-0015-2023,Completed,Class I,GA,United States,Renaissance Food Group,"Large Mild Salsa, NET WT, 13 OZ (368g), Dist. By: Renaissance Food Group LLC 4322 Moreland Ave. Conley, GA 30288, UPC, 8 26766 19089 ?",Firm received positive test results for L. monocytogenes in a finished product. All products manufactured with the same components are being recalled.,Voluntary: Firm initiated,20220912,20221012,
F-0340-2013,Terminated,Class I,NM,United States,"Sunland, Incorporated","Heinen's Organic Peanut Butter Creamy 16 oz, UPC 2060140046; made for and distributed by Heinen's Inc, 4540 Richmond Road, Warrensville Heights, Ohio 44128.  Labeling is green, yellow, and white with white, red, green and black print writing.","Sunland, Inc. is conducting a voluntary limited recall of its Almond, Peanut, and Cashew Butter products and Tahini and Roasted Blanched Peanut Products, manufactured between May 1, 2010 and September 24, 2012, because these products may be contaminated with Salmonella.",Voluntary: Firm initiated,20120924,20121031,20141001
F-0506-2017,Terminated,Class II,GA,United States,CSM Bakery Products NA,"BM Westco Sup-R-Roll Donut Mix, 50#",Undeclared allergen; Peanut Protein,Voluntary: Firm initiated,20160421,20161130,20170825
F-0675-2023,Terminated,Class II,WA,United States,Lemonland Food Corp,"Seasoned Dried Pollack distributed in un-labeled plastic containers 6oz., 8 oz., and 12 oz.  Containers were then labeled at H-mart, G-mart, or M2M retail store.","Seasoned Dried Pollack was recalled due to undeclared Fish (Pollack), Wheat, Soybean.",Voluntary: Firm initiated,20230223,20230405,20230329
F-1715-2015,Terminated,Class II,CA,United States,Health One Pharmaceuticals Inc,"Femanol, 60 capsules, 500mg",Health One Pharmaceuticals is recalling dietary supplements due to significant violations of the cGMP regulations for dietary supplements.,Voluntary: Firm initiated,20150204,20150408,20150331
F-0140-2013,Terminated,Class I,NM,United States,"C.G. Higgins Confections, LLC","Peanut Butter Fudge 3 oz bag, manufactured from 6-28-12 thru 9-20-12","Peanut Butter used to product Peanut Butter Fudge was recalled by Sunland, Inc.; therefore, this product has the potential to be contaminated with Salmonella.",Voluntary: Firm initiated,20120928,20121024,20130111
F-1729-2016,Terminated,Class II,MI,United States,Kellogg Company,"Keebler Cookie Dough Minis, 150 ct., 2.5 oz.",Kellogg Company initiated a voluntary recall of multiple snack food items because of the potential for undeclared allergen peanut due to a supplier's recall of flour.,Voluntary: Firm initiated,20160613,20160727,20170213
F-0327-2022,Terminated,Class II,IL,United States,KRAFT HEINZ FOODS COMPANY,Kool-Aid cherry drink mix powder   19 oz. UPC 043000953532   19 oz. UPC 043000034163   63 oz. UPC 043000082201,potential for glass and metal in product,Voluntary: Firm initiated,20211111,20211222,20240906
F-0001-2015,Terminated,Class I,TX,United States,"Whole Foods Market Brand 365, Llc","Mini Butter Croissant 6 Pack  Ingredients: Wheat Flour (unbleached enriched wheat flour, malted barley flour, niacin, Iron, thiamin mononitrate, riboflavin, ascorbic acid, folic acid), Butter, Water, Sugar, Non Fat Dry Milk, Yeast, Salt, Dough Conditioner (dextrose, wheat flour, soybean oil, ascorbic acid, natural enzymes).  CONTAINS:  MILK, WHEAT, SOY.      NET WT 9.0 oz (0.56 lb)      COUNT/PACKAGES 1 SELL-BY DATE 04/22/2014 TOTAL PRICE $4.99      Dist. by Whole Foods Market 8190 Park Lane, Dallas, TX 75231",Undeclared egg allergen,Voluntary: Firm initiated,20140418,20141015,20150202
F-1091-2022,Terminated,Class II,PA,United States,DYMSKI PIEROGI LLC,Potato and Cheese Pierogi  Grandma s Cuisine Potato-Cheese Pierogi  UPC: 7 1375737813 0 & 8 67355 0030 3lb/3 dozen & 14oz (397g)/1dozen Bernat s Potato & Cheese 16oz (450g) Golden Eagle Potato and Cheese Pierogis UPC: 0 94922 10425 0	16oz Zuzanna s Potato-Cheese Pierogi 16 oz.,Undeclared milk and wheat,Voluntary: Firm initiated,20220506,20220608,20221025
F-0823-2016,Terminated,Class III,TX,United States,"C. H. Guenther & Son, Inc.dba Morrison Milling",HEB Lemon Seasonal Fish Fry Mix NET WT. 16 OZ (1 LB) CONT. NET 454g and HEB Lemon Seasonal Fish Fry Mix NET WT. 10 OZ  CONT. NET 284g  packed in paper box,May contain small metal fragments from wire mesh sifter.,Voluntary: Firm initiated,20151207,20160420,20160802
F-1261-2015,Terminated,Class I,WA,United States,Elevated Ice Cream Company,Mango Italian Ice Product can be packaged in 2.5 gallon or 1.5 gallon plastic tubs or cardboard quart container.  Firm is unable to determine how batches were packaged.,Elevated brand ice cream products are being recalled due to the potential to be contaminated with Listeria monocytogenes.  These products contain ice cream mix produced and recalled by Snoqualmie Gourmet Ice Cream,Voluntary: Firm initiated,20141223,20150304,20150223
F-1736-2018,Terminated,Class I,MD,United States,Whole Foods Market Group Inc.,"CUPCAKE BERRY CHANTILLY MEDIUM, 4.5 Ounce","Whole Foods Market, Inc. has initiated a recall of various bakery products  that was made in there Mid-Atlantic stores and sold between May 25th and July 13th which failed to declare soy flour (soy) as an ingredient.",Voluntary: Firm initiated,20180713,20180815,20210903
F-1519-2013,Terminated,Class I,OH,United States,Trophy Nut Co Inc,Trophy Nut Brand 1.5 oz. Red Pistachio Tube and Nut Barrel Brand 1.25 oz. Red Pistachio Tube.,"The product is being recalled because it was manufactured using pistachios recalled by Setton Pistachios of Terra Bella, CA because it has the potential to be contaminated with Salmonella.",Voluntary: Firm initiated,20090407,20130619,20130610
F-1041-2016,Terminated,Class II,VA,United States,Abbott Nutrition,"The product is labeled as follows: PediaSure Grow & Gain Vanilla, Unit size : 8 oz. , Container description : Metal Can, Total package size : 24 cans per case .","Abbott Nutrition is recalling PediaSure Grow & Gain Vanilla is product because the product may have a different color, smell, taste or texture  inconsistent with other lots of PediaSure Grow & Gain Vanilla.     Abbott Nutrition  also recognized a complaint trend for physical stability and sensory on this batch on 1/25/16 and an investigation revealed a possibility that a small portion of cans may",Voluntary: Firm initiated,20160310,20160413,20161101
F-0364-2022,Terminated,Class II,FL,United States,"Joy's International Foods, Incorporated","Joy's Gourmet Blast Off! Bloody Mary Mix, Net Wt. 24 Oz",Undeclared Fish and Soy,Voluntary: Firm initiated,20211213,20220112,20220316
F-2807-2015,Terminated,Class II,IL,United States,"Boba Direct, Inc.","Foil bags containing 2.2 lbs. each of pineapple flavored powder and sold under the Boba Direct, Inc. brand.",Bubble tea powders contain undeclared allergens.,Voluntary: Firm initiated,20130109,20150715,20170814
F-2351-2017,Terminated,Class II,AK,United States,Alaska Pasta Company,"Ravioli  Orso. Product is made refrigerated.    Product is packaged in plastic containers. The plastic containers are marked on the side of the container with the customer name (middle top), date of production (bottom left), and weight of product in lbs (bottom right). Some containers have Alaska Pasta written on them.     Product is not packaged for retail and weights vary depending on orders.","Undeclared soy lecithin. The firm used Canola oil cooking spray, which contains soy lecithin, in the manufacture of product but soy or soy lecithin is not declared on finished product label.",Voluntary: Firm initiated,20170522,20170614,20171019
F-0988-2022,Terminated,Class II,WA,United States,Continental Mills (Corporate Office),"Item # 721-1000, Krusteaz Belgian Waffle Mix.  Product is shelf stable and packaged in a box. net wt. 28 oz., UPC 0 41449 00186 9.",foreign materials,Voluntary: Firm initiated,20220310,20220420,20230515
F-2196-2014,Terminated,Class II,NY,United States,Country Life,"Country Life TARGET MINS CALCIUM MAGNESIUM With Vitamin D3 Complex, WILD BLUEBERRY FLAVOR, LIQUID Dietary Supplement, 16 FL. OZ. (1 PINT) (472 mL), Product No. 2523, Bar Code 015794025238, and 32 FL. OZ. (1 QT) (944 mL), Product No. 2522, Bar code 015794025221 --- Manufactured for Country Life, LLC 180 Vanderbilt Motor Parkway, Hauppauge, NY 11788",The affected lots do not meet quality standards due to insoluble particulates.,Voluntary: Firm initiated,20140619,20140730,20170503
F-1197-2023,Terminated,Class I,IL,United States,"Newly Weds Foods, Inc.",S04380	BEEF RUB                    X1	50.00	BAG,Products may contain Salmonella,Voluntary: Firm initiated,20230526,20230712,20240723
F-0832-2023,Terminated,Class I,MI,United States,Meijer Inc,Fresh From Meijer Chicken Cobb Salad 8.8 Oz UPC - 719283679321,Listeria monocytogenes,Voluntary: Firm initiated,20230405,20230517,20230512
F-0316-2018,Terminated,Class II,MI,United States,"GKI Foods, LLC","Dark Chocolate Almond Bark 10 oz.,10 lbs.","GKI Foods of Brighton, Michigan is voluntarily recalling multiple dark chocolate products because they may contain an undeclared milk allergen.",Voluntary: Firm initiated,20171027,20171129,20180709
F-0609-2019,Terminated,Class I,VA,United States,"Ukrop's Homestyle Foods, LLC","Ukrop's Cuban Style Sub,  NET WT 8.3 OZ (235g),   UPC 72251525152",The products may have come into contact with equipment used to process the country ham the supplier recalled for Listeria monocytogenes.,Voluntary: Firm initiated,20181004,20181121,20200626
F-0857-2020,Terminated,Class II,ID,United States,Winco Foods Llc,"WinCo Foods frozen Berry Medley (Strawberries, Blackberries, Raspberries and Blueberries), item# 107412, packaged in polyethylene bags. Product is distributed by WinCo Foods, LLC, Boise, ID 83704.    Net weight 16 oz (1 lb or 454 g).  UPC 70552 30522.  Net weight  32 oz (2 lb or 907 g). UPC 70552 30512.    The label is read in parts: ""***WinCo FOODS*** Berry Medley***strawberries, blackberries, raspberries $ blueberries***KEEP FROZEN***"".",The product was found to be adulterated with Norovirus.,Voluntary: Firm initiated,20200313,20200401,20200520
F-2240-2012,Terminated,Class I,WI,United States,"Garden-Fresh Foods, Inc.","Dairy Fresh Special  Recipe Mustard Potato Salad, 16 oz.., 0 70163 98105 8","Recalled salads, slaw, salsa, bean and dips contained onions that were recalled by Gills Onions due to potential Listeria monocytogenes contamination.",Voluntary: Firm initiated,20120727,20120919,20121115
F-0206-2025,Terminated,Class II,IL,United States,Treehouse Foods,GOOD & GATHER	12/9oz GRDL WFL MINI HSTYLE ORG-GDGTR	UPC	085239343029 H-E-B	12/9oz GRDL WFL MINI HSTYLE ORG-HEBUT	UPC	041220708413 365 ORGANIC	12/9oz GRDL WFL MINI HSTYLE ORG - 365OR	UPC	099482436995 WEGMANS	12/9oz GRDL WFL MINI HSTYLE ORG - WEGMN	UPC	077890481448,potential to be contaminated with Listeria monocytogenes,Voluntary: Firm initiated,20241017,20241204,20250811
F-1583-2019,Terminated,Class I,OH,United States,Brand Castle LLC,"Chocolate Mint Chip Cookie Mix, 27.1 oz glass jar, 6/case",Firm's supplier notified them of potential E.coli contamination in flour they received.,Voluntary: Firm initiated,20190617,20190731,20191204
F-0921-2021,Terminated,Class I,NV,United States,Able Groupe Inc,Lebenswert Anfangsmilch Stage 1 Organic Infant Milk Formula,"The required pre-market notifications for these new  infant formulas have not been submitted to the FDA. Some products contain less than 1 milligram of iron per 100 Calories and may not provide adequate iron for some infants, particularly infants born prematurely or with a low birth weight, had low iron levels at birth, or are at risk for becoming iron deficient due to illness. All products are not labeled as required by 21 CFR 107 .10 and 107.20 and do not bear mandatory labeling statements in English.",Voluntary: Firm initiated,20210808,20210825,20210908
F-2768-2015,Terminated,Class II,NY,United States,Fine Land Corp,"Fruit Juice Candy Bonbons de Jus de Fruits, Net Wt 8 oz (227g), UPC Code 6 923648 832113, Manufacturer. Jin Shun FA Food Co., Ltd. 147 community shops Southwest District Luoshan Street Jinjiang of Fujian, Sole Agent of U.S.A.: Fine Land Corp. 376 Vernon Ave, Brooklyn, NY 11206, Sole Agent of Canada: PT Trading Enterprises Ltd. 928 Kingsway, Vancouver, B.C. V5V 3C4.  Product of P.R.C.",The Florida Dept of Agriculture sample tested positive for lead at concentration of 0.226 ppm (ug/g).,Voluntary: Firm initiated,20150511,20150701,20170328
F-1177-2023,Terminated,Class I,IL,United States,"Newly Weds Foods, Inc.",G96378	LOTTA ZING SAUCE MIX    X2	15.00	CASE,Products may contain Salmonella,Voluntary: Firm initiated,20230526,20230712,20240723
F-0232-2013,Terminated,Class II,MI,United States,Spartan Central Kitchen,#333 Caribbean Fruit Salad	5 pounds,"During an FDA inspection, microbiological swabs were collected and the results found that 21 sub samples in zones 1, 2 & 3 are positive for Listeria Monocytogenes (L.M.), Listeria innocua (L.I.) or Listeria seeligeri (L.S.).  The firm is voluntarily recalling all products manufactured from August 20th to September 10th 2012 due to the possible contamination.  All lots with sell by dates on or befo",Voluntary: Firm initiated,20120910,20121024,20130219
F-0415-2019,Terminated,Class II,FL,United States,NUTRANEXT BUSINESS LLC,Parasite Cleansing Kit Peppermint,"Routine quality testing identified elevated levels of lead above applicable 2232 levels, which may pose potential health risks to a portion of the population.",Voluntary: Firm initiated,20181001,20181114,20190702
F-0714-2021,Terminated,Class I,NY,United States,Banner Smoked Fish Inc.,"Banner Smoked Fish Inc. brand Sliced Gravlax (Salmon (fish), Salt, Sugar, Dill, Pepper, Sodium Nitrite)",Product may be contaminated with Listeria monocytogenes.,Voluntary: Firm initiated,20210601,20210630,20211116
F-1998-2019,Terminated,Class II,WI,United States,"Kerry, Inc","Breader, Item Number 30753150.49, Net Wt. 50 lb, Distributed by Kerry Ingredients & Flavours, Beloit, WI",Product contains foreign material (nylon string),Voluntary: Firm initiated,20190729,20190821,20200206
F-1039-2014,Terminated,Class I,WI,United States,"Garden-Fresh Foods, Inc.","Garden-Fresh,	Seafood Salad Rouille,	1/5 lb.,		0 11596 55187 6,	12/6/2013;","Garden-Fresh Foods is recalling various cut vegetables,  ready-to-eat salads, slaw, spread and dip products sold under various brands and code dates manufactured prior to November 06, 2013  because they may be contaminated with Listeria monocytogenes.",Voluntary: Firm initiated,20131107,20131225,20151029
F-1938-2013,Terminated,Class III,CA,United States,Healthmaxx Global Inc.,"MAX Brand RESVERATROL, 120 Count Capsules.    Product labeling reads in part:""MAX RESVERATROL***Dietary Supplement 120 CAPSULES***Manufactured in FDA Approved Facility for:HealthMax Products Inc. Altadena, CA 91001***0 65176 30325 6"".","In response to a FDA inspection, the firm initiated this voluntary recall of various dietary supplements due to the following problems of mislabeling: 1) product named on the label is not actual product contained; 2)ingredients listed are not actual ingredients contained.",Voluntary: Firm initiated,20130610,20131002,20141114
F-1985-2017,Terminated,Class I,NY,United States,"Landies Candies, Inc.","Wegmans Milk Chocolate Sucker, NET WT 3 OZ.  The product is shipped within a carton labeled with an orange label as  WEGMANS SWISS RECIPE Milk Chocolate Big Ear Bunny Sucker (3 oz 36 count case).  The individual product contains a lavender label and read Wegmans Milk Chocolate Sucker,  comes in a 3-oz., clear plastic flow wrap 6  long by 2  wide.",Contains Undeclared Peanuts,Voluntary: Firm initiated,20170306,20170426,20180709
F-1229-2014,Terminated,Class I,OR,United States,"Reser's Fine Foods, Inc.","Stonemill Tabouli Salad, Formula VE.105 packaged in  2/5-lb (UPC 071117114966) carton cases.  Reser's Fine Foods, Inc., Beaverton, OR.",The recalled products are potentially contaminated with Listeria monocytogenes.,Voluntary: Firm initiated,20131022,20140101,20170124
F-0095-2020,Terminated,Class I,MN,United States,"Coborn's, Inc","Chicken Salad Croissant Sandwich, UPC 2 07275-XXXXX.  Keep Refrigerated.",Chicken Salad sandwiches have the potential to be contaminated with Listeria monocytogenes.,Voluntary: Firm initiated,20191001,20191030,20191204
F-0554-2016,Terminated,Class II,CA,United States,"Albertsons Companies, Inc.","Pantry Essentials Hot Dog Buns;  8 buns; NET WT 12 oz 340 g  UPC 0 21130 27084 2;  Distributed for: Lucerne Foods Inc.  Pleasanton, CA 94566    Contains: Wheat  May Contain eggs, milk.",Cloth material that is part of the production equipment may be in the product.,Voluntary: Firm initiated,20160110,20160217,20160209
F-1025-2018,Terminated,Class II,MN,United States,"Mrs Gerry's Kitchen, Inc","Mrs. Gerry's Deviled Egg Potato Salad, Packaged into the following size containers:    1.  Net Wt. 3 lb. (1.36 kg) UPC 17839-09003,     2.  Net Wt. 5 lb. (2.26 kg), UPC 17839-09005.    3.  Net Wt. 12 lb. (5.45 kg), UPC 17839-09012  Keep Refrigerated.  Manufactured by Mrs. Gerry's, Albert Lea, MN  56007",Firm is recalling various Egg Salads and Potato Salads because they may contain undeclared traces of imitation crab meat,Voluntary: Firm initiated,20180325,20180425,20190621
F-1218-2024,Ongoing,Class II,CA,United States,Sacramento Cookie Factory,California Wine Wafer - Mocha Chocolate and Original Wine Wafer - Mocha Chocolate [Two sizes: retail package of 8 wafers (7 oz) and retail gift package of 2 wafers (2 oz)],Undeclared allergen (milk),Voluntary: Firm initiated,20240417,20240515,
F-0577-2015,Terminated,Class II,WI,United States,Kerry Foods,"Kerry 52-0189-02 All Purpose Beef & Chicken Meatball Seasoning, Net WT 43.42 lbs (19.69 Kg) , B18517.01.","Kerry Ingredients is recalling two products, Italian Pork and Beef Meatball Seasoning, and Beef and Chicken Meatball Seasoning, because they were processed on the same equipment as Breakfast Sausage Seasoning which tested positive for Salmonella.  Kerry determined that the source of the Salmonella was an ingredient used in the Breakfast Sausage Seasoning.",Voluntary: Firm initiated,20140512,20141203,20170726
F-1634-2014,Terminated,Class III,NJ,United States,"International Foodsource, LLC","Valued Naturals Natural Coconut Net wt. 8oz (216.80g) Imported by Philippines   International Foodsource LLC 52 Richboynton Rd, Dover, NJ 07801    Packaged in 8 oz bag 12 per case.",NYSDAM Laboratory Analysis Reports has determined that Valued Naturals Natural Coconut contains 28.1 ppm sulfites.,Voluntary: Firm initiated,20131217,20140319,20141031
F-1427-2024,Terminated,Class II,NY,United States,FEEL GOOD FOODS INC,Cream Cheese Stuffed Plain Mini Bagels,Contains undeclared gluten,Voluntary: Firm initiated,20240410,20240703,20240701
F-1859-2013,Terminated,Class II,NH,United States,Contoocook Creamery,Butter (salted).  8oz round clear plastic tub and 5 gallon pail.  UPC Code 7 93573 09802 3.,Elevated coliform and standard plate count.,Voluntary: Firm initiated,20130517,20130911,20160414
F-3244-2015,Terminated,Class I,TX,United States,"Hardies Fruit & Vegetable Co., LP","FRESH ORIGINS Microgreens Celery NET WT 4 OZ San Marcos, CA 92069 packed in clear plastic clam shell.",Tested positive for Salmonella,Voluntary: Firm initiated,20150825,20150930,20160411
F-1218-2018,Terminated,Class II,MN,United States,Target Corporation,Ben & Jerry's Non Diary Coconut 7 layer 16 fl oz    UPC: 768406744668    Target item number: 288-7-2060,Shipping container from CA to HI was not held at proper temperature which could cause food items to be contaminated with spoilage organisms or pathogens,Voluntary: Firm initiated,20180327,20180509,20180503
F-0237-2024,Terminated,Class I,MD,United States,"FRESH IDEATION FOOD GROUP, LLC dba Fresh Creative Cuisine","Quick & Fresh, Tuna Salad Croissant, Net . Wt. 8 Oz. Single Serving, Keep refrigerated","On 02/03/2023, FRESH IDEATION FOOD GROUP, LLC dba Fresh Creative Cuisine of Baltimore, MD is  initiating a recall of  various products sold from January 24, 2023 through January 30, 2023 because the products have the potential to be contaminated with Listeria monocytogenes .",Voluntary: Firm initiated,20230203,20230322,20231017
F-1046-2019,Terminated,Class II,FL,United States,"Nutrafuels, Inc.","CTFO Pain Relief Oral Spray with pure CBD Hemp Oil isolate Dietary Supplement, 1oz/30ml.","Recalling firm's consignee conducted third party micro testing showing microbial contamination in specific lots of the following products: CTFO Sleep Support Oral Spray (Aspergillus), CTFO Pain Relief Oral Spray (total aerobic bacteria), and CTFO Weight Loss Oral Spray (Enterobacteriaceae).",Voluntary: Firm initiated,20190111,20190227,20190916
F-1239-2013,Terminated,Class II,MN,United States,Pan -O- Gold Baking Co,"Rye bread with the following brands:    Village Hearth , Rye Cottage Bread, NET WT 24 OZ ( 1 LB 8OZ) (680g) , East Coast Caraway Rye, NET WT 20 OZ (1 LB 4 OZ (567g) , PAN-O-GOLD VILLAGE HEARTH BAKER ST, ST. CLOUD, MN 56302.    	Cub Foods, Deli Rye, NET WT 16 OZ (1 LB) 454 g, Distributed by SUPERVALU INC., Eden prairie, MN 55344.    	Essential Everyday, Deli Rye Bread, NET WT 16 OZ (1 LB) 454 g Distributed by Supervalu Inc., Eden Prairie, MN 55344,                          Flvorite, Deli Rye, NET WT 16 OZ (1 lb) 454 g, Distributed by SUPERVALU INC., Eden prairie, MN 55344.    	Family Choice, Northern Rye Bread, NET WT 16OZ (1 LB) (454G), Seeded Bye Bread, NET WT 20 OZ (1 LB 4 OZ) (567g),  Unseeded Rye Bread, NET WT 20 OZ (1 LB 4 OZ) (567g), PAN-O-GOLD VILLAGE HEARTH BAKER ST, ST. CLOUD, MN 56302.    	Piggly Wiggly, Rye, Seeded Caraway Rye, NET WT 20 OZ (1LB 4 OZ) 568g., distributed by Piggly Wiggly LLC, Keene, NH 03431.    	Food  Club, Rye, NET WT 16 OZ (1 LB) 454g., Distributed by Topco Associates LLC, 7711 Gross Point Road, Skokie, ILL 60077.    	Shurfresh, Rye, Seeded Rye, Unseeded Rye, NET WT 16 OZ (1LB) 454g & 20 OZ (1LB 4 OZ) 567g., Distributed by Topco Associates LLC, 7711 Gross Point Road, Skokie, ILL 60077.",A recall has been initiated by Pan-O-Gold Baking Co. after they were notified by Dakota Specialty Milling of a potential foreign material (stainless steel wire from disintegrated sifter screen) risk to the rye flour Pan O Gold uses as an ingredient in all of their rye breads.,Voluntary: Firm initiated,20130206,20130327,20130404
F-1900-2017,Terminated,Class III,CA,United States,Lian Hwa Foods (USA) Inc.,"Good Plenty Brand Supreme Abalone Noodles, 21.2 oz. box.  Each box contains Retort pouch of Noodles and Abalone.  These two pouches are packed together in the box; 10 boxes per case.","During an FDA foreign inspection, it was discovered that Wheat was not properly declared on the product labeling. Wheat is an ingredient in the noodles contained in the product. Wheat is listed in the Contains statement.",Voluntary: Firm initiated,20170214,20170419,20170501
F-2397-2015,Terminated,Class II,PA,United States,Reaction Nutrition LLC,"RN BlueChip: Glutamine, L-Glutamine Powder, 400 grams, Distributed by Reaction Nutrition, Carnegie, PA",Work out support nutritional supplements manufactured on shared equipment may contain unknown amounts of whey protein and soy.,Voluntary: Firm initiated,20150415,20150617,20181121
H-0255-2025,Terminated,Class II,MI,United States,C SWEET PASTRY LLC,"C Sweet Sweet Kaak 12 oz.,  UPC 721782348912",Undeclared wheat,Voluntary: Firm initiated,20250625,20250716,20250812
F-1343-2013,Terminated,Class II,NJ,United States,Ozone Confection & Bakers Supply Co.,"Assorted Non-Pareil Seeds; Ozone Confectioners, Elmwood Park, New Jersey 07407.  Non-Pareil Seeds, 10 LBS. Net","Undeclared FD&C Colors Yellow #5, Yellow #6, Red #3, Red #40, Blue #1 and Blue #2.",Voluntary: Firm initiated,20130307,20130501,20130701
F-2176-2015,Terminated,Class II,FL,United States,Cott Beverages Inc.,Inked Mango Energy Drink,May contain a trace amount of Tree Nuts (walnut) which is not listed in the ingredient list,Voluntary: Firm initiated,20150224,20150513,20180823
F-1492-2024,Terminated,Class III,NY,United States,Tiffany Food Corp.,"Sweet Preserved Dried Plums; Farmer's Grange; Series Food; 88g; Plastic synthetic (flexible) package; INGREDIENTS: Plum, Salt, Sugar, ADDITIVES: Clove, Cinnamon, Liquorice, Citric acid, Red #40.; Product contains sulfite; PRODUCT OF CHINA (T.F.C).",Product contains undeclared cyclamates.,Voluntary: Firm initiated,20240418,20240731,20250314
F-0875-2018,Terminated,Class II,MI,United States,"Meijer Distribution, Inc",Meijer Greek Yogurt 0% Blueberry 5.3 oz.    The products are packaged in a plastic cup with a foil seal and a label listing the above-mentioned UPCs.,The firm is announcing a voluntary recall of select Meijer branded Greek and Low-fat yogurt as a precautionary measure due to the potential risk of small particles of glass.,Voluntary: Firm initiated,20180205,20180307,20180626
F-1020-2014,Terminated,Class I,WI,United States,"Garden-Fresh Foods, Inc.","Garden-Fresh,	Red Cabbage Shredded,	1/5 lb.,		0 11596 50590,  	Manufactured on 10/28/2013 - 11/6/2013;  Garden-Fresh,	Red Cabbage Shredded	4/5 lb.,		0 11596 50592 3,	10/28/2013 - 11/6/2013;","Garden-Fresh Foods is recalling various cut vegetables,  ready-to-eat salads, slaw, spread and dip products sold under various brands and code dates manufactured prior to November 06, 2013  because they may be contaminated with Listeria monocytogenes.",Voluntary: Firm initiated,20131107,20131225,20151029
F-0792-2023,Terminated,Class II,MN,United States,"Cargill, Inc         Corporate Headquarters","PROSANTE TVGPTN 12BF7 MNCD 50LB BG/36P, paper bag",Products with a gluten free claim may contain gluten levels above 20 ppm.,Voluntary: Firm initiated,20230330,20230510,20230608
F-0168-2018,Terminated,Class I,CA,United States,"Mann Packing Company, Inc.","Mann's Family Favorites Broccoli Cauliflower Florets, 16 oz bags - UPC  716519012174- US    12 oz bags - UPC 716519013034 - US and Canada    Also sold under brand names of:  US  Archer Farms - 12 oz. bag:  UPC - 085239341148    HEB - 12 oz. bag  UPC - 4122097503    Signature Farms -   12 oz. bags  UPC - 021130983407  28 oz. bags  UPC -021130984497     Walmart - 12 oz. bag  UPC 681131328852-",CFIA sampled one salad product which resulted in a positive result for Listeria monocytogenes.,Voluntary: Firm initiated,20171019,20171115,20171205
F-2059-2016,Terminated,Class II,PR,United States,"Productos La Finca, Inc.","Product label reads in part: ""MR.SPECIAL PANCAKES***PANCAKES & WAFFLE MIX***Peso Neto/Net Weight 11 gr""",Undeclared allergen: Soy lecithin,Voluntary: Firm initiated,20160712,20160914,20170703
H-0366-2026,Terminated,Class II,NY,United States,D. Coluccio & Sons Inc.,Sapori Amaretti Almonds 175 g Cookies,Contains elevated levels of hydrocyanic acid,Voluntary: Firm initiated,20251214,20260114,20260430
F-0492-2019,Terminated,Class I,FL,United States,Working Cow Homemade Inc.,"Coffee House Crunch Ice Cream, 3 gallons",Products may be contaminated with  Listeria monocytogenes.,Voluntary: Firm initiated,20180928,20181121,20190426
F-1602-2016,Terminated,Class II,TN,United States,"Grain Craft, Inc.","Donut Flour, Net Wgt. 50 lbs. (22.68 kgs.), Mfg. By: Grain Craft, Birmingham, AL 35214.",Possible Peanut Protein contamination.,Voluntary: Firm initiated,20160524,20160713,20170119
F-1671-2022,Terminated,Class I,CA,United States,"Lyons Magnus, Inc","kate farms Peptide  1.5 Cal/mL, Plain, Sole-Source Nutrition Formula.  325 mL (11 fl oz) UPC  8 51823-00646 1.  12 count case UPC 00851823006379.  Shake Well.  A ready-to-use oral and tube feeding formula with enzymatically hydrolyzed organic pea protein.  Made for Kate Farms, Inc., 101 Innovation Place, Santa Barbara, CA  93708",Findings and potential for Cronobacter sakazakii and Clostridium botulinum.,Voluntary: Firm initiated,20220722,20220907,20240725
F-2433-2016,Terminated,Class I,IL,United States,Treehouse Foods,"UPC 041498205379,	Southern Grove Tuscan Trail Mix, Best By/Date Code: 4/28/2017 .",TreeHouse Foods is recalling products that may be impacted by sunflower seeds  contaminated with Listeria monocytogenes.,Voluntary: Firm initiated,20160503,20161012,20170815
F-0738-2020,Terminated,Class II,OR,United States,"Lanvin French Bakery, LLC","Deep-fried Donut (Banh Tieu) 3.2-ounce package in clear plastic bag, no UPC, no brand.    Product is labeled in part, ""BANH TIEU***Ingredients: bread flour, sugar, baking powder, salt, sesame seed, water, shortening oil.***Lanvin French Bakery***"".",Undeclared wheat and soybean oil.,Voluntary: Firm initiated,20200212,20200304,20200605
F-0369-2017,Terminated,Class II,NY,United States,"Roland Foods, LLC.","Roland¿ Preserved Lemons, NET WT. 12.35 OZ., and Roland¿ PRESERVED LEMONS - BELDI, NET WT. 13 OZ., Item UPC 4122461002 and Case UPC 10041224610023 -- PACKED EXCLUSIVELY FOR ROLAND FOODS LLC, NEW YORK, NY 10010 --- The product is packed in a glass jar.",The product contains undeclared sulfites based on sampling and analysis by New York State Department of Agriculture and Markets and private laboratory testing.,Voluntary: Firm initiated,20161011,20161109,20180618
F-1572-2016,Terminated,Class I,IA,United States,Hy-Vee Stores Inc,"Whole wheels and cuts of Maytag blue cheese re-packaged in foil or clear plastic wrap with scale labels in various weights.  Product was labeled as Maytag Blue Raw Milk, Maytag Blue, or Maytag Iowa Blue Cheese with PLU numbers beginning with 854089001.",Product may be contaminated with Listeria monocytogenes.,Voluntary: Firm initiated,20160303,20160907,20160826
H-0932-2026,Ongoing,Class II,FL,United States,Galaxy RG Corp,"Marquesita de Chocolate y Vainilla [image] Delighted Flavored Cakes The Original, Net Wt. 16 oz, packaged in a transparent and rigid plastic clamshell container, one unit per container. KEEP REFRIGERATED. UPC 824790852706","Undeclared colors (Yellow #5, Yellow #6, and/or Red #40).",Voluntary: Firm initiated,20260403,20260617,
F-1858-2019,Terminated,Class II,MA,United States,"C & S Wholesale Grocers, Inc.",SABRA ROASTED RED PEPPER HUMMUS SINGLES - 6PK  UPC: 4082234273,Products were not held at an appropriate temperature due to a mechanical malfunction during transportation.,Voluntary: Firm initiated,20190617,20190731,20190731
H-0417-2026,Ongoing,Class II,CA,United States,BHARAT BAZAR,"SOMA KITCHEN NATURAL ASAFOETIDA Net Wt. 4 oz (0.25 lb) Product of India Manufactured for and Imported by: Bharat Bazar, Fremont, CA 94539 Use by : JULY-2027 Lot : NATL/ASFTP/G/24 (BB/ASFTP/G/24) UPC : 4 973993 173586 Ingredients :- Natural Hing",Undeclared wheat.,Voluntary: Firm initiated,20251205,20260204,
F-1098-2022,Terminated,Class II,PA,United States,DYMSKI PIEROGI LLC,Cheese & Scallion Pierogi  Grandma s Cuisine Cheese & Scallion Pierogi UPC: 8 67355 00040 2	16oz (454g) / 1 dozen,Undeclared milk,Voluntary: Firm initiated,20220506,20220608,20221025
F-1836-2014,Terminated,Class I,MN,United States,Parkers Farm Inc,Bacon Cold Pack Cheese sold under the following sizes and brands:    1.   Parkers Farm or Parkers label in 8 ounce (14002) and 14 ounce (17002) cups with snap on lid; 5 lb. Cheeseball Base - Bacon (14441) and 10 lb. (61760) pail with snap on lid;     2.  Bucky Badger in 8 oz. (31611) and 14 oz. (41611) cups with snap on lid.,"Various Peanut butters, cheese spreads, cold pack cheese, salsa, cheese balls/logs have the potential to be contaminated with Listeria monocytogenes.",Voluntary: Firm initiated,20140321,20140423,20151021
F-1916-2013,Terminated,Class III,CA,United States,Healthmaxx Global Inc.,"Dietary Supplements under the same formulation, Labeled and Packaged in the Following:    MAX Brand Proste-Support, 150 Count Tablets.  Product labeling reads in part:""Manufactured for: HealthMax Products Inc. Altadena, CA 91001***"".","In response to a FDA inspection, the firm initiated this voluntary recall of various dietary supplements due to the following problems of mislabeling: 1) product named on the label is not actual product contained; 2)ingredients listed are not actual ingredients contained.",Voluntary: Firm initiated,20130610,20131002,20141114
F-2581-2017,Terminated,Class II,CA,United States,Lyrical Foods Inc,"Kite Hill Almond Yogurt, Peach,  NET WT.  5.3 oz (150G)    Case UPC: 8-56624-00415-9    Distributed by Lyrical Foods, Hayward, CA.",Lyrical Foods is voluntarily recalling four flavors of Kite Hill Almond Yogurt with best by dates 07/03/17 and 07/04/17 as some of these packages have spoiled before the best by date.,Voluntary: Firm initiated,20170607,20170719,20170814
F-0438-2021,Terminated,Class II,NY,United States,Bonduelle USA Inc.,"El Sembrador Peas and Carrots, poly bags, 12/16 oz",Product may contain a foreign object (blue plastic).,Voluntary: Firm initiated,20210316,20210421,20220523
F-2794-2015,Terminated,Class II,IL,United States,"Boba Direct, Inc.","Foil bags containing 2.2 lbs. each of blueberry flavored powder and sold under the Boba Direct, Inc. brand.",Bubble tea powders contain undeclared allergens.,Voluntary: Firm initiated,20130109,20150715,20170814
F-0379-2025,Terminated,Class I,IL,United States,Grecian Delight/Kronos,"Nick The Greek Spicy Yogurt Pail, 42lbs pail, UPC 10075365177756, SKU SA000085",potential for salmonella,Voluntary: Firm initiated,20241202,20250115,20250423
F-0096-2022,Terminated,Class II,IA,United States,Picket Fence Creamery L.L.C.,"Picket Fence Creamery, Woodward, IA, Chocolate Cherry ice cream, in Quarts, Pints, and 1/2 Pints",Undeclared soy lecithin.,Voluntary: Firm initiated,20210915,20211110,20211118
F-2439-2016,Terminated,Class I,IL,United States,Treehouse Foods,"UPC 071725711939,	Amport Foods Milk Chocolate Peanuts, Best By/Date Code: 1/7/2017 .",TreeHouse Foods is recalling products that may be impacted by sunflower seeds  contaminated with Listeria monocytogenes.,Voluntary: Firm initiated,20160503,20161012,20170815
F-1733-2012,Terminated,Class II,GA,United States,"Coca-Cola Refreshments, USA Inc.","Coca Cola Zero, 20 fl. oz., The Coca Cola Company.",The product may exhibit off odor and off taste due to low levels of ammonium salts that may exist in these beverages.,Voluntary: Firm initiated,20120601,20120718,20121011
F-1504-2017,Terminated,Class I,IA,United States,"Palmer and Company, dba Palmer Candy Co","Palmer's Candies Swirled Pretzels NET WT 5 OZ (141 g) packaged in foil bags, UPC Code 77232-13990",Product contains an ingredient that was recalled by a supplier because it may be contaminated with Salmonella,Voluntary: Firm initiated,20170109,20170301,20190507
F-0502-2016,Terminated,Class II,CT,United States,Nestle Waters North America,"Sweet Leaf Organic Raspberry Iced Tea, 16 oz glass bottle  UPC: 6-51538-06703-6",Product contains glass particles,Voluntary: Firm initiated,20151209,20160120,20160607
F-1634-2022,Terminated,Class I,CA,United States,"Lyons Magnus, Inc","Sysco Imperial Med Plus 2.0 butter Pecan Nutritional Drink.  High Calorie, High Protein.   Mildly Thick Nectar Consistency.    32 FL OZ (1 QT)  946mL  UPC 0 74865-92732 1.  Reorder # 0108936.  12 count case UPC 10074865927328.      Refrigerate prior to serving.  Shake well.   Refrigerate after opening and use within 3 days.    Distributed by  Sysco Corporation, Houston, Texas  77077.",Findings and potential for Cronobacter sakazakii and Clostridium botulinum.,Voluntary: Firm initiated,20220722,20220907,20240725
F-3016-2015,Terminated,Class I,AZ,United States,Inventure Foods,"Steamables California Blend, Net Wt. 10 Oz., Dist. By Fresh Frozen Foods, Inc., Jefferson, GA 30549, UPC 0-86069-11275-5,  Fresh Frozen California Blend, Net Wt. 16 Oz. (1 Lb.), Dist. By Fresh Frozen Foods, Inc., Jefferson, GA 30549, UPC 86069-20013-1, Fresh Frozen Grade A California Blend, Net. Wt. 32 Oz. (2 Lb.), Dist. By Fresh Frozen Foods, Jefferson, GA 30549, UPC 0-86069-20011-7, Fresh Frozen Grade A California Blend, Net Wt. 80 Oz. (5 Lb.) 2268g, Dist. By Fresh Frozen Foods, Jefferson, GA 30549, UPC 86069-50011-8, Fresh Frozen Grade A Premium California Blend, Net Wt. 32 Oz. (2 Lb.) 907g, Dist. By Fresh Frozen Foods, Inc., Jefferson, GA 30549, UPC 86069-20014-8, The Inn Grade A Fancy California Blend, Net Wt. 32 Oz. (2 LB) (907g), Packed For Inn Foods Inc., 310 Walker St., Watsonville, CA 95076, UPC 86289-20420-9",Listeria contamination due to various GMP violations. possible.,Voluntary: Firm initiated,20150423,20150826,20170301
F-0257-2023,Terminated,Class II,TX,United States,Hippos and Hashbrowns,Take & Bake Sourdough Biscuits UPC 44216-26512 packaged in metal tin with clear plastic nonflexible lid,Label does not include the common name for the allergens milk and wheat,Voluntary: Firm initiated,20221121,20230118,20240430
F-2152-2014,Terminated,Class II,KY,United States,"Koogee-Queen Anne, LLC","Mocha Almond Fudge Ice Cream, Manufactured by: Koogee-Queen Anne, LLC, d/b/a The Comfy Cow 2221 Frankfort Ave, Louisville, KY 40206.","During an FDA inspection the firm was notified that their bulk product lacked labels. Due to the lack of ingredient statement, the firm failed to declare direct allergens for the products. The products also lacked the declaration that they are packaged in a facility that processes peanuts, tree nuts, wheat, milk and eggs.",Voluntary: Firm initiated,20140410,20140716,20140902
F-1479-2020,Terminated,Class II,NY,United States,Sundial Herbal Products,"""SUNDIAL***Traditional Herbal Products***TRADITIONAL ORGANIC HERBS***WHITE JOINTA***1 oz.***USES: NERVES, COLD, ASTHMA, BRONCHITIS, MUCOUS FEVER MENSTRUAL PROBLEMS***""; packaged in clear plastic zip-top bags",Recall required by Order of Permanent Injunction. The products are misbranded and deemed unapproved drugs based on labeling claims.,FDA Mandated,20200630,20200909,20221026
F-0362-2025,Terminated,Class I,OR,United States,"Reser's Fine Foods, Inc.","Beef & Lamb Gyro Sandwich Express Meal Kit. Net wt. 31.8oz. UPC 0 13454 38313 1.   Each kit contains 6 Pitas, Gyro Meat, Tzatziki Sauce 3oz. cups, Fire Feta Sauce, Feta Cheese Crumbles.  Packaged in clear plastic clamshell. Distributed by Fresh Creative Foods, Vista CA.",Salmonella. Beef & Lamb Gyro Sandwich Express Meal Kit contains implicated cucumber in the tzatziki sauce 3oz. cup.,Voluntary: Firm initiated,20241206,20250108,20250226
F-0777-2017,Terminated,Class II,NJ,United States,Wakefern Food Corp.,Gourmet Chocolate Dipped Cookies  Net Wt. 46 oz UPC 269969414994,Cookies may contain metal pieces.,Voluntary: Firm initiated,20160805,20161228,20201118
F-0049-2025,Terminated,Class II,WA,United States,Lemonland Food Corp,"Item FLD1040A, Wild Leeks, distributed in plastic clamshell containers. Net wt. 0.315lb.  The H-Mart label declares: Wild Leeks, Sugar, Soy Sauce.",Soy Sauce is declare but Wheat and Fish (Anchovy) are not declared.,Voluntary: Firm initiated,20240911,20241023,20241126
F-2769-2017,Terminated,Class II,NH,United States,High Liner Foods Inc.,HFS 10/6lb Breaded Crispy Style Cod Fish Portions  Item Number: 10003220,Product may contain undeclared milk.,Voluntary: Firm initiated,20170609,20170823,20171214
F-1560-2015,Terminated,Class I,WA,United States,Snoqualmie Gourmet Ice Cream,"Hazelnut Gelato, sold under Snoqualmie Ice Cream brand.  Product is sold in 1.5 gallon plastic tubs, in addition to other unknown size/containers. No UPC.",Hazelnut Gelato is being recalled due to the potential to be contaminated with Listeria monocytogenes.,Voluntary: Firm initiated,20141221,20150708,20160223
F-0723-2015,Terminated,Class II,NY,United States,"Wegmans Food Markets, Inc.","Lg. Fruit Crostata, 21 oz., UPC 20829300000;   Sm. Fruit Crostata, 7 oz., UPC 20829900000;   Lg. Nectarine Crostata, 21 oz., UPC 20823100000;   Sm. Nectarine Crostata, 6 oz.,  UPC 20832600000","Wegmans Food Markets, Inc. voluntarily recalled fresh individually sold, bagged and sliced fresh plums, nectarines and peaches, peach salsa and several in-store baked desserts that may contain fresh peaches, nectarines, and/or plums.  The fruit may be contaminated with Listeria monocytogenes.",Voluntary: Firm initiated,20140720,20141224,20141216
F-0482-2018,Terminated,Class II,NY,United States,"First Source, LLC","Wegmans Dark Chocolate Strawberries 13.5oz (383g) tub, UPC: 0 77890 38187 8",Chocolate products contain undeclared milk,Voluntary: Firm initiated,20171030,20171220,20180816
F-1254-2020,Terminated,Class II,WA,United States,"Natures Path Foods USA, Inc.","Gluten-Free Organic Mesa Sunrise Cereal USA, Nature's Path brand.  Shop Order # 127895. Product is Ready to eat breakfast cereal and shelf stable.  Packaged in poly film bag.  Each bag has a net Wt. 26.4 oz., each case has 6 bags.  Case UPC: 0 58449 77901 8.    The label is read in parts: ""***Gluten-Free***MESA SUNRISE REAL Crunchy Cereal *** CORN, FLAX, BUCKWHEAT, QUINOA & AMARANTH *** INGREDIENTS: Corn meal and/or yellow corn flour, cane sugar, flax seeds, buckwheat flour, quinoa, amaranth, sea salt, tocopherols (vitamin E) ***Produced in a facility that uses tree nuts, peanuts, and soy***"".",Undeclared Wheat and/or Barley.,Voluntary: Firm initiated,20200807,20200826,20201207
H-0090-2026,Terminated,Class I,OR,United States,"Reser's Fine Foods, Inc.","Fresh Creative Foods (FCF) item #404637 Basil Pesto Bowtie Pasta Kit Item V, UPC#13454 38053. Perishable/Refrigerated product. Net wt. 10.5625lbs. This kit contains 2/3lbs. sealed bags of affected Bowtie Pasta, and it is not sold directly to consumers.",Salad Kits are recalled due to potential contamination with Listeria monocytogenes.,Voluntary: Firm initiated,20250926,20251029,20260331
F-1662-2013,Terminated,Class I,MI,United States,"Lipari Foods, Inc.","Item Number: 192874  Item Description: BAG CLR SUNFLOWER MEAT W/SLT  Case Pack: 12  Package Size: 7 OZ Clear Plastic Bag (Pic-A-Nut Label on Front, Nutritional Label on Back)  UPC Number: 070207000424","Contamination with Listeria monocytogenes, an organism which can cause serious and sometimes fatal infections in young children, frail or elderly people, and others with weakened immune systems. Although healthy individuals may suffer only short-term symptoms such as high fever, severe headache, stiffness, nausea, abdominal pain and diarrhea, Listeria infection can cause miscarriages and stillbirt",Voluntary: Firm initiated,20130604,20130717,20131017
F-0789-2014,Terminated,Class II,MO,United States,National Enzyme Co,"Bulk B807 True Botanica Digestive, packaged in varying quantities within poly bags within corrugated boxes (for domestic distribution) or fiber drums (for international distribution) (SKU 83377);",Firm is recalling dietary supplements containing a raw material which may contain >0.3 ppb chloramphenicol,Voluntary: Firm initiated,20131030,20131225,20150303
F-0693-2019,Terminated,Class II,OR,United States,TILLAMOOK COUNTY CREAMERY ASSOC,"Chocolaty Chip Cookie Dough ice cream (item #67016), packaged in 1.75 qt. container. UPC 0 72830 07016 4.    The label is read in parts: ""***Tillamook ***ICE CREAM *** CHOCOLATY CHIP COOKIE DOUGH *** CONTAINS: MILK, WHEAT, SOY, TREE NUTS (COCONUT), EGG.  IT IS MADE WITH EQUIPMENT THAT ALSO MAKES PRODUCTS CONTAINING PEANUTS.***""","Chocolaty Chip Cookie Dough ice cream (item #67016), packaged in 1.75 qt. containers, is recalled because product contains trace amounts of undeclared color additives Amaranth and Yellow No. 6 in the chocolate freckles and chocolate fudge pieces ingredients.",Voluntary: Firm initiated,20181116,20181212,20190417
F-2444-2017,Terminated,Class II,Nova Scotia,Canada,Oxford Frozen Foods Plant 1,"1/2"" Thick Cut Beer Battered Onion Rings: ALE HOUSE BEER BATTERED STEAK CUT ONION RINGS NET WT. 10 lb (4.45 kg) - 33074",Product may contain undeclared milk.,Voluntary: Firm initiated,20170607,20170712,20191028
F-2069-2012,Terminated,Class I,MA,United States,Fresh Ideas Inc.,"Small Soup Vegetable Mix:-(Item #CC4)  Spanish Onions {1/4"" dice), Carrots, Celery  Medium Soup Mix Vegetables (Item #CC5)  Spanish Onions (1/2"" dice), Carrots. Celery  5 lb poly bags  Packed by: Fresh Ideas Co., 18 Bunker Hill Industrial Park, Boston, MA 02129  Item # 00254",Products contain recalled Gill's Onions due to Listeria monocytogenes,Voluntary: Firm initiated,20120726,20120905,20130307
F-1502-2017,Terminated,Class I,IA,United States,"Palmer and Company, dba Palmer Candy Co","Palmer's Candies Peppermint Bark A) NET WT 9 OZ (255 g) packaged in plastic clamshell containers, UPC Code 77232-17270; B) NET WT 10 OZ (283 g) packaged in paper bags, UPC 77232-23091; C) NET WT 8 OZ (226 g) packaged in paper boxes UPC 77232-12146; C) NET WT 9 OZ (255 g) packaged in plastic clamshell containers UPC 77232-16309; D) NET WT 9 OZ (255 g) packaged in paper boxes UPC 77232-16042; E) 10 lbs. Net Weight (4.54 kg) packaged in cardboard boxes UPC 77232-10770",Product contains an ingredient that was recalled by a supplier because it may be contaminated with Salmonella,Voluntary: Firm initiated,20170109,20170301,20190507
F-0278-2013,Terminated,Class II,MI,United States,Spartan Central Kitchen,#024 Diced Pepper & Onions	9 ounces,"During an FDA inspection, microbiological swabs were collected and the results found that 21 sub samples in zones 1, 2 & 3 are positive for Listeria Monocytogenes (L.M.), Listeria innocua (L.I.) or Listeria seeligeri (L.S.). The firm is voluntarily recalling all products manufactured from August 20th to September 10th 2012 due to the possible contamination. All lots with sell by dates on or before",Voluntary: Firm initiated,20120910,20121024,20130219
F-1894-2016,Terminated,Class I,CA,United States,"Let's Do Lunch, Inc.",Cafe Favorites  Oven Roasted Turkey Breast & Cheese Deli Flatz-IW  Code #C22348/22348,Potential Listeria monocytogenes contamination.,Voluntary: Firm initiated,20160523,20160817,20170531
F-3175-2017,Terminated,Class II,IL,United States,Newly Weds Foods Inc,"B2ADU3,  BATTER MX X1*,  NET WT 50 LBS, Manufactured By: Newly Weds Foods, Inc., Chicago, IL 60639",Product may contain undeclared milk.,Voluntary: Firm initiated,20170503,20170726,20190805
F-1451-2019,Terminated,Class II,CA,United States,"Wismettac Asian Foods, INC","CHOCOLATE ALMOND CHOCOLATE MEIJI, 3.1 oz.  Item number 64344    UPC 074410643447 - only on those bars with English labeling.    Distributed by Wismettac Asian Foods, Inc.","Some chocolate products imported from Japan do not have the English label for Nutrition facts, ingredients or allergens, which include milk, soy, egg, tree nuts.",Voluntary: Firm initiated,20190516,20190619,20190705
F-0978-2021,Terminated,Class II,N/A,Canada,Naturo Aid Pharmaceutical Inc.,"Vita Aid SynerClear (Unflavoured), VA-925.  The product is a powder, packaged in a plastic bottle and a white cap, with a net weight of 650g.",Undeclared Milk.  Products may be contaminated with milk residue.,Voluntary: Firm initiated,20210525,20210922,20210921
F-1325-2020,Terminated,Class II,WA,United States,San Francisco Street Bakery Inc.,"Poppy Seed Bagel, San Francisco Street Bakery brand, keep at ambient temperature.  Packaged in flex poly bags for bulk or various quantities specific to customer order. No UPC.    The bagel bulk product label read: POPPY SEED BAGEL: Bread Flour (Unbleached Wheat Flour, Vitamin C, Niacin, Reduced Iron, Thiamine Mononitrate, Riboflavin, Folic Acid), Poppy Seed, Water, Salt Yeast, Brown Sugar.","The firm used pan release spray, which contains soy lecithin, on equipment and finished products labels do not declare soy lecithin.",Voluntary: Firm initiated,20200723,20200819,20200827
F-1456-2019,Terminated,Class III,OR,United States,LAIRD SUPERFOOD INC,"Performance Mushrooms product is dried mushroom blend of 4 different mushroom mycelial biomass powders cultured on certified organic oats, brand Laird Superfood, uses as Beverage Booster and Functional Fuel Supplement.    Product is packaged in 3.17 oz (90 gram) stand up with zipper, heat-sealed pouches. There are 6 pouches per case or 24 pouches cases.",The product  is incorrectly labeled with 14 mg of Iron and 78% DV when the actual amount is 14 mcg of Iron and 0% DV.,Voluntary: Firm initiated,20190524,20190619,20191023
F-3608-2017,Terminated,Class II,CO,United States,"Vitamin Cottage Natural Food Markets, Inc.","Natural Grocers Organic Deglet Noor Dates, Target weight is 0.60 - 0.70 lb random weight package, Zip lock plastic bag.",Recalling Natural Grocers brand Organic Deglet Dates because it may contain undeclared coconut,Voluntary: Firm initiated,20170912,20171011,20180209
F-0285-2016,Terminated,Class I,NJ,United States,UNITED TRADING CENTER INC,"Basma 3 Chris Court Dayton, New Jersey 08810  Tel.:7323559600 Fax: 7323559644  16 oz package    This golden raisin product is labeled in a foreign language.",Product contains undeclared sulfites.,Voluntary: Firm initiated,20150915,20151230,20160428
F-0795-2017,Terminated,Class II,PA,United States,Crescent Vending Co. Inc.,"Turkey, Bacon and Swiss on Macaroni Salad wrapped in clear film, 8 oz.   Undeclared allergens - Wheat, Soy (oil, flour), Milk, Egg","Crescent vending sandwiches failed to declare allergen ingredients: wheat, soy (oil) and milk.",Voluntary: Firm initiated,20161104,20161228,20170818
F-1552-2023,Terminated,Class II,NM,United States,"Vitality Works, Inc","100 vegetarian  Fenugreek Capsules 90 count, 600mg, packaged in 150cc Amber Glass Packer  with White Polypropylene Cap.",Foreign material: pieces of a pen (writing utensil).,Voluntary: Firm initiated,20230822,20231004,20231113
F-0606-2017,Terminated,Class III,MA,United States,"Safecor Health, LLC","Safecor Vitamin B-1 (THIAMINE) 100 mg tablets  NDC: 48433-0108-01  Distributed by: SAFECOR HEALTH, 317 NEW BOSTON STREET, WOBURN, MA",Box labeled Thiamine Hydrochloride instead of Thiamine Mononitrate,Voluntary: Firm initiated,20160912,20161214,20170801
F-1586-2016,Terminated,Class I,MO,United States,Schnucks Markets Corporate Office,"Maytag Blue cheese cut and wrapped in clear plastic wrap at store level, sold in various sizes (approximately 3-4 oz pieces), labeled with company issued Maytag Blue cheese label and Schnuck Markets scale label, UPC 0021806200000.",Product may be contaminated with Listeria monocytogenes.,Voluntary: Firm initiated,20160229,20160914,20170127
F-0612-2016,Terminated,Class II,OR,United States,Umpqua Dairy Products Co,"Pint Umpqua Dairy 4% Cottage Cheese, item no. 04308, Net wt. 16 oz. UPC 0 71203 00248 1    24 oz. Umpqua Dairy 4% Cottage Cheese, item no. 04286, UPC 0 71203 00255 9.    3 lbs.  Umpqua Dairy 4% Cottage Cheese, item no. 03980, UPC 0 71203 00280 1.",Umpqua Dairy 4% Cottage Cheese was made from milk which was tested presumptive positive for beta lactam antibiotics. The firm did not conduct any confirmation test.,Voluntary: Firm initiated,20160114,20160224,20161013
F-1541-2018,Terminated,Class I,OH,United States,"Shearers Foods, Llc",Meijer DILL PICKLE FLAVORED CLASSIC CRUNCH POTATO CHIPS***UPC 719283594365***LOT CODE***,Milk allergen was not declared on the labeling of the product.,Voluntary: Firm initiated,20180529,20180620,20190214
H-0272-2026,Terminated,Class I,NJ,United States,CHETAK NEW YORK LLC,Deep-brand Indian Kitchen Quick Cubes Ready For Cooking Green Chili of India Net Wt. 10 oz. (283 g) KEEP FROZEN,Product tested positive Salmonella .,Voluntary: Firm initiated,20250905,20251217,20260212
F-2219-2017,Terminated,Class II,OH,United States,"Moondance Heavenly Desserts, LLC",Moondance desserts gluten free Chocolate Chip Cookie Bar 12 oz (340g)  UPC 36211 68096 9,undeclared milk,Voluntary: Firm initiated,20170417,20170524,20170809
F-0566-2023,Terminated,Class I,MD,United States,"FRESH IDEATION FOOD GROUP, LLC dba Fresh Creative Cuisine","Fresh Creative Cuisine, Smoked Turkey & Swiss Croissant, Net . Wt. 7 Oz. Single Serving, Keep refrigerated","On 02/03/2023, FRESH IDEATION FOOD GROUP, LLC dba Fresh Creative Cuisine of Baltimore, MD is  initiating a recall of  various products sold from January 24, 2023 through January 30, 2023 because the products have the potential to be contaminated with Listeria monocytogenes .",Voluntary: Firm initiated,20230203,20230322,20231017
F-1049-2023,Terminated,Class I,IL,United States,"Newly Weds Foods, Inc.",A89471	BATTER MIX   X1	50.00	BAG,Products may contain Salmonella,Voluntary: Firm initiated,20230526,20230712,20240723
F-0113-2024,Terminated,Class I,MD,United States,"FRESH IDEATION FOOD GROUP, LLC dba Fresh Creative Cuisine","Orchard Bistro, Garden salad with Dressing Net Wt. 8.2 Oz. Single Serving, Keep refrigerated","On 02/03/2023, FRESH IDEATION FOOD GROUP, LLC dba Fresh Creative Cuisine of Baltimore, MD is  initiating a recall of  various products sold from January 24, 2023 through January 30, 2023 because the products have the potential to be contaminated with Listeria monocytogenes .",Voluntary: Firm initiated,20230203,20230322,20231017
F-0853-2021,Terminated,Class II,IL,United States,"5000 Years Foods, Inc.","5000 Years Foods NO MSG SLICED CABBAGE KIMCHI in 5GAL plastic tubs, and 128 oz, 64 oz, 32 oz, & 16 oz glass jars",potential to be contaminated with Listeria monocytogenes,Voluntary: Firm initiated,20210706,20210818,20220201
F-1702-2015,Terminated,Class II,CA,United States,Health One Pharmaceuticals Inc,"Bone Rebuilder, 120 tablets",Health One Pharmaceuticals is recalling dietary supplements due to significant violations of the cGMP regulations for dietary supplements.,Voluntary: Firm initiated,20150204,20150408,20150331
F-1985-2012,Terminated,Class II,CA,United States,"Tomales Bay Foods, Inc.","Tomales Bay Foods brand Artisan Cheese in PARTIAL WHEELS of Cheese,   from cheese makers in US (VA, VT, Ca, WI, OR, WA and UT) and Ireland, Italy, Switzerland, France, Holland and Greece.  Varieties include Appalachian, Coolea, Cabot clothbound Cheddar, Big Rock Blue, Goat Gouda, Holey Cow, Big Woods Blue, Fiore Sardo,, Valdeon, Pecorino Romano, Sottocenere, Capriago, Capricious, Cave Aged Gruyere, Cave Aged Marisa, Fenacho, Pondhopper, Comte, L'Amuse Signature Gouda, Dante Waxed Rind, Dry Jack Special Reserve, Mezzo Secco,  Extra Mature Bandage Cheddar,  San Joaquin Gold, Flagship Reserve Truckle, Fontina Vallet Pietro, Grana Padano, Parmigiano Reggiano Organic,  Taleggio Organic,  Comte Reserve Ete, Loma Alta,  Mt. Viko Barrel Aged Feta,  Pepato, San Andreas Bellwether Farms, Reading, Tarentaise, Seahive, St. George, Toma and Wagon Wheel.  Cheese is cut per order and wrapped in cheese paper and marked with a magic marker indicating the type of cheese, poundage and pack date as well as a Tomales Bay Foods label. There are no code numbers or expiration dates marked on the product.",Firm received a positive environmental for Listeria Monocytogenes from their internal testing samples.,Voluntary: Firm initiated,20120728,20121212,20121206
F-1528-2013,Terminated,Class I,AZ,United States,"Blessing Seafood, Inc.","Blessing Brand Wild White EZ Peel Shrimp, 16/20 CT.    4 x 5 lbs cartons. The product is bagged in 5 lbs clear plastic bags, the only label iss on the master carton.  The product is sold in a seafood retail case.    Product labeled as:""WILD WHITE EZ PEEL SHRIMP 16/20 CT WILD CAUGHT PRODUCT OF USA CHEM FREE INGREDIENTS: Shrimp, Salt***PACKED BY: BLESSINGS, INC.***.","Blessing Seafood, Inc. is voluntarily recalling one lot of Blessing Inc. Wild White EZ Peel Shrimp due to undeclared sulfites.",Voluntary: Firm initiated,20130524,20130619,20130730
F-2075-2019,Terminated,Class I,OH,United States,The Kroger Co,"PRIVATE SELECTION FROZEN TRIPLE BERRY MEDLEY, 16 oz",Possible Hepatitis A contamination.,Voluntary: Firm initiated,20190607,20190828,20190920
F-0475-2024,Terminated,Class II,MD,United States,The Coastal Companies DBA Hearn Kirkwood,Le Croissant Turkey & Cheddar Net Wt. 5.5oz (156g) UPC:766375261629 Packaged in clamshell container. Sold as single unit and 6-unit pack under Food Unlimited brand,Undeclared milk and soy,Voluntary: Firm initiated,20231103,20231206,20240925
F-0665-2023,Terminated,Class II,WA,United States,Lemonland Food Corp,"Stir-Fried Kimchi distributed in un-labeled plastic containers 12oz.  Containers were then labeled at H-mart, G-mart, or M2M retail store.","Stir-Fried Kimchi was recalled due to undeclared Fish (Anchovy), Shrimp, Wheat, and Sesame Oil.",Voluntary: Firm initiated,20230223,20230405,20230329
F-1576-2013,Terminated,Class I,CA,United States,See's Candies Inc.,"See's Dark  Raisins:    Ingredients: Raisins, Sugar,chocolate, cocoa butter, butter (milk), vanilla, soy lecithin,  Dextrin, Confectionery glaze.  May contain traces of eggs, tree nuts and peanuts.    Sold in Net Wt. 8 oz (227 g) clear plastic packages or purchased by customer at counter in See's Stores.  UPC 7 37666 08305 3    Manufactured by: See's Candy Shops Incorporated  So. San Francisco, CA 04080",Potential for nuts and/or nut and egg residue may be present in some of the dark and milk chocolate covered raisins.,Voluntary: Firm initiated,20130614,20130703,20130814
F-1732-2024,Terminated,Class I,MN,United States,"Metro Produce Distributors, Inc.","Lunds & Byerlys Fresh Guacamole Dip, Net Wt 14 oz (396g).  UPC 0 72431-66072 6.  Keep Refrigerated.",Guacamole products may be contaminated with Listeria monocytogenes.,Voluntary: Firm initiated,20240731,20240821,20241126
F-1695-2013,Terminated,Class I,MI,United States,"Lipari Foods, Inc.","Item Number: 366568  Item Description: TUB LG MIX DIET DELIGHT  Case Pack: 12  Package Size: 14 OZ 2-Piece Clear Plastic Tub (No Label on Top, Nutritional Label on Bottom)  UPC Number: 094776081769","Contamination with Listeria monocytogenes, an organism which can cause serious and sometimes fatal infections in young children, frail or elderly people, and others with weakened immune systems. Although healthy individuals may suffer only short-term symptoms such as high fever, severe headache, stiffness, nausea, abdominal pain and diarrhea, Listeria infection can cause miscarriages and stillbirt",Voluntary: Firm initiated,20130604,20130717,20131017
F-0514-2024,Completed,Class I,VT,United States,WILCOX ICE CREAM,Wilcox SUPER PREMIUM Salted Caramel Brownie; 1.5 QT (UPC 04372601520) and Pint (UPC 04372601620),Products may be contaminated with Listeria monocytogenes.,Voluntary: Firm initiated,20231115,20231220,
F-1124-2015,Terminated,Class I,WA,United States,Numbskull LLC,"Orange Ginger ice cream; Bulk product is labeled with flavor name and date code, which is affixed to the plastic container (1, 1.5 and 3 gallon).",The recalling firm was notified that raw materials used in producing the ice cream products have the potential to be contaminated with Listeria monocytogenes,Voluntary: Firm initiated,20141223,20150218,20150223
F-0617-2017,Terminated,Class I,OH,United States,"Shearers Foods, Llc","Meijer brand No Salt Added Original Kettle Cooked Potato Chips, 8.5oz bag.  15 bags per case.",Undeclared allergens: milk (whey) and soy.,Voluntary: Firm initiated,20160908,20161214,20170822
F-2614-2015,Terminated,Class I,TX,United States,"Blue Bell Creameries, L.P.",Blue Bell Ice Cream Chocolate Chip Cookie Dough 3 Gallon,Five patients who were treated in a single hospital in Kansas were infected with one of four rare strains of Listeria monocytogenes.,Voluntary: Firm initiated,20150313,20150701,20161103
F-0027-2024,Terminated,Class I,MD,United States,"FRESH IDEATION FOOD GROUP, LLC dba Fresh Creative Cuisine","Quick & Fresh, Albacore Tuna Finger Sandwiches, Net . Wt. 6.5 Oz. Single Serving, Mylar Wrap, Keep refrigerated","On 02/03/2023, FRESH IDEATION FOOD GROUP, LLC dba Fresh Creative Cuisine of Baltimore, MD is  initiating a recall of  various products sold from January 24, 2023 through January 30, 2023 because the products have the potential to be contaminated with Listeria monocytogenes .",Voluntary: Firm initiated,20230203,20230322,20231017
F-0697-2014,Terminated,Class II,IL,United States,"Simply D'Lish, LLC","Key Lime Sugar Cookie, 3-oz (85g), individually wrapped in plastic and labeled in part: Manufactured for Simply D'lish, LLC.; Aurora, IL 60504; www.simplydlish.biz","On the back label of the individual cookie, the milk allergen was not declared in the allergen statement, however, butter was listed as an ingredient.",Voluntary: Firm initiated,20131029,20131211,20160411
F-1067-2014,Terminated,Class I,WI,United States,"Garden-Fresh Foods, Inc.","Garden-Fresh,	Sweet & Sour Cucumber,	2/5 lb.,		 0 11596 52014 8,	11/15/2013 - 11/30/2013;","Garden-Fresh Foods is recalling various cut vegetables,  ready-to-eat salads, slaw, spread and dip products sold under various brands and code dates manufactured prior to November 06, 2013  because they may be contaminated with Listeria monocytogenes.",Voluntary: Firm initiated,20131107,20131225,20151029
F-1488-2024,Terminated,Class II,CA,United States,STARTER BAKERY,Starter Bakery Multigrain Sourdough Bread with UPC 8 50025 60902 9,"Allergen (sesame seeds) declared in the ingredient statement but missing from the ""Contains"" statement",Voluntary: Firm initiated,20240621,20240724,20240926
F-0593-2018,Terminated,Class II,PA,United States,"Ventura Foods, LLC","Sysco Imperial Glazed Hot Bacon Dressing; Net Contents 1 GAL; Distributed by Sysco Corporation, Houston, Texas  77077; Code: B12917",A plastic foreign object was inadvertently introduced into the product stream. The firm is recalling product as not all plastic has been accounted.,Voluntary: Firm initiated,20171207,20180124,20180628
H-0835-2026,Ongoing,Class I,IL,United States,JOHN B SANFILIPPO & SONS INC,"Good & Gather Mexican Street Corn Trail Mix 8 oz bag UPC 085239270240, 8 bags per case",potential presence of Salmonella,Voluntary: Firm initiated,20260505,20260527,
F-2951-2017,Terminated,Class I,MO,United States,"Dierbergs Markets, Inc Corporate Office","Dierbergs Kitchen, Santa Fe Grilled Chicken Wrap, NET WT. 11 oz, UPC 0 231789 804996",Undeclared milk in wraps.,Voluntary: Firm initiated,20170628,20170802,20170809
F-0984-2018,Terminated,Class II,WA,United States,Schwartz Brothers Restaurants dba Schwartz Brothers Bakery,"Gourmet Cream Cheese Cinnamon Rolls, packaged in a 16 oz. plastic clam shell container and sold under the Schwartz Brothers Bakery brand. The product UPC is 7 17887 65082 1.    The product is read in parts: ""***GOURMET CREAM CHEESE CINNAMON ROLLS***NET WT. 16 OZ***Produced By Schwartz Brothers Bakery Seattle, WA 98108***Contains Milk, Wheat, Soy.  May Contain Egg, Peanuts, Tree Nuts***"".",Gourmet Cream Cheese Cinnamon Roll is recalled due to undeclared egg.,Voluntary: Firm initiated,20180311,20180404,20180412
F-1363-2024,Terminated,Class I,WI,United States,GRANDE CHEESE COMPANY,"Grande Bravo 300 Functional Whey Protein  SKU 32102.  34% Protein.   Grade A.  Pasteurized.  Net Wt 50 lbs.  Ingredients: Whey Protein Concentrate  Contains Milk.   Grande Custom Ingredients Group, 250 Camelot Drive, Fond du Lac, WI",Possible Salmonella contamination.,Voluntary: Firm initiated,20240501,20240619,20250626
H-1071-2026,Terminated,Class III,ID,United States,Albertsons Companies LLC,UPC 29604300000 SALMON WASABI GRILLED FS COLD               This is Albertson's store-made item and sold by unit at point of sale with grocery store's scale label.,Contains statement does not declare Salmon,Voluntary: Firm initiated,20260506,20260610,20260702
F-1321-2013,Terminated,Class II,IN,United States,"SIB, Inc.","Bakehouse Granola, 12 oz, 340 g   Scholar's Inn Bakehouse Granola 16 oz, 454 g All Natural, Baked locally","Bake House Granola, does not list the source of the unsalted butter ingredient as milk, an allergen.  People who have an allergy or severe sensitivity to milk, run the risk of serious or life-threatening allergic reaction if they consume these products.",Voluntary: Firm initiated,20130325,20130501,20140707
F-0082-2021,Terminated,Class I,TX,United States,Country Fresh Inc.,Seasonal Trio  32oz UPC 681131180696 packaged in clear plastic container,Potential to be contaminated with Listeria monocytogenes,Voluntary: Firm initiated,20201001,20201021,20201216
F-1179-2022,Terminated,Class I,,Israel,ELITE CONFECTIONERY LTD,ELITE WHITE CHOCOLATE BAR	UPC:815871011471 & 815871012799. Net Wt. 3.53 oz (100g). Red packaging.,Potential contamination with Salmonella,Voluntary: Firm initiated,20220428,20220615,20221103
F-1678-2023,Terminated,Class I,NY,United States,ICE CREAM HOUSE,Mini Sorbet Pops; parve; 7 PACK / SINGLE; UPC: 0-91404-15305-8,Products may be contaminated with Listeria monocytogenes.,Voluntary: Firm initiated,20230822,20231004,20240614
F-1722-2022,Terminated,Class II,MA,United States,"Piantedosi Baking Co., Inc.",Brioche-Style Slider Roll 24-pack (033474512021),Products may be contaminated with Cronobacter sakazakii and/or Clostridium botulinum,Voluntary: Firm initiated,20220817,20220914,20221229
F-3241-2017,Terminated,Class II,IL,United States,Newly Weds Foods Inc,"B52432, BREADER X3@, NET WT 50 LBS, Manufactured By: Newly Weds Foods, Inc., Chicago, IL 60639",Product may contain undeclared milk.,Voluntary: Firm initiated,20170503,20170726,20190805
F-1308-2015,Terminated,Class I,TX,United States,Adams Extract & Spice LLC,Adams Pantry Basics Multi-Season Seasoned Salt Net Wt. 30 oz (851 g) UPC: 041313024888;  50# Multi Seasoning Item Code: 06095 Item UPCA: 041313060954; 25# Multi Seasoning Item Code: 06096 Item UPCA: 041313060961,Product may contain undeclared peanut protein.,Voluntary: Firm initiated,20141226,20150304,20161005
F-2733-2017,Terminated,Class II,NH,United States,High Liner Foods Inc.,"HFS 1/10.35 lb Whole Grain Oven Ready Potato Breaded Pollock Wedges 3.6 oz,, Item Number: 53374",Product may contain undeclared milk.,Voluntary: Firm initiated,20170609,20170823,20171214
F-2192-2019,Terminated,Class I,TX,United States,Pita Pal Foods LP,PitaPal Mezza Sundried Tomato Hummus  11 oz. UPC 851351007336 packaged in Plastic tub with clear lid with green rim.,Product has potential to be contaminated with Listeria monocytogenes,Voluntary: Firm initiated,20190715,20190925,20200413
F-0419-2022,Terminated,Class I,GA,United States,NutraCap Labs LLC,BlakeFit Everyday All-in-one Lime Watermelon 44oz Jar UPC CODE X002J9E9KD 323359000058,During an FDA investigation the firm was notified that the product contains undeclared milk.,Voluntary: Firm initiated,20211109,20220119,20240521
F-1515-2022,Terminated,Class I,NJ,United States,MKS Enterprise LLC,Dose Vital VIP Products Vital Honey With Caviar and Tongkat Ali Powder; 12 sachets-15g,Undeclared Tadalafil,Voluntary: Firm initiated,20220718,20220810,20230615
F-0585-2020,Terminated,Class I,MO,United States,"Dierbergs Markets, Inc Corporate Office","Dierbergs Kitchen Remoulade packaged in 12 OZ containers, UPC 2393330149 and 24616200000",The firm received a recall notice for hardboiled eggs that were potentially contaminated with Listeria monocytogenes. The eggs were subsequently used to manufacture various salad and deli products.,Voluntary: Firm initiated,20191224,20200122,20200211
F-1360-2013,Terminated,Class III,IN,United States,"Paleteria Y Neveria La Rosita, LLC","Pina Colada Dessert Bar  , 4 oz. Undeclared FD&C Red # 40 in clear flexible plastic, ingredients: water, sugar, partially hydrogenated palm kernel oil, nonfat milk solids, cream of coconut, whey powder,","Product labeling is incorrect, FD&C colors are undeclared.",Voluntary: Firm initiated,20130406,20130508,20130829
F-2175-2017,Terminated,Class I,OH,United States,Killer Brownie Distributing LLC,"ORIGINAL KB KILLER BROWNIE¿ 3x35 CT NET WT 36 LBS (16.33 kg) CONTAINS: Milk, Nuts: Pecans, Soy, Wheat UPC 10858061005031. Item #48-2016",The firm was notified by a customer that they received product that was mislabeled due to undeclared peanuts.,Voluntary: Firm initiated,20170401,20170510,20180524
F-1603-2022,Terminated,Class I,CA,United States,"Lyons Magnus, Inc","Aloha Organic Protein Drink, Chocolate Sea Salt, Plant-based protein.  Net 11 FL OZ (330 mL) Tetra Pak container UPC 8 42096-11235 5.  Sold in 4 count package wrap with UPC  842095122354.  Shake Well.  Best Chilled.     Manufactured for:  Aloha, Littleton, CO  80127",Findings and potential for Cronobacter sakazakii and Clostridium botulinum.,Voluntary: Firm initiated,20220722,20220907,20240725
F-2267-2014,Terminated,Class II,CA,United States,GM Manufacturing Inc.,"Noni Supplement, Capsules",GM Manufacturing is recalling dietary supplements due to significant violations of the cGMP regulations for dietary supplements.,Voluntary: Firm initiated,20140703,20140806,20140916
F-0797-2018,Terminated,Class II,MN,United States,"General Mills, Inc","Larabar Chocolate Chip Cookie Dough, 5 - 1.6 oz (45g) bars Net Wt 8.0 oz(226g), UPC 21908-48817.  Case UPC 000-21908-41675-5","Larabar Chocolate Chip Cookie Dough, 5 count, are being recalled because they may contain individually wrapped and labeled Coconut Cream Pie Bars.",Voluntary: Firm initiated,20180125,20180221,20200121
F-1984-2016,Terminated,Class I,NY,United States,SM Fish Corp.,"OSSIE'S PICKLED LOX & CREAM, NET WT. 8 OZ., UPC 739885104113; -- Far Rockaway, NY 11691 --- The product is packed in a plastic deli tub.",The product has the potential to be contaminated with Listeria monocytogenes based on the presence of the bacteria in the plant.,Voluntary: Firm initiated,20160729,20160831,20160825
F-0581-2020,Terminated,Class I,NY,United States,CATSMO LLC,Daniel Boulud brand Baja flavored (8oz) smoked salmon products manufactured on 11/19/19 by Catsmo Acquisition LLC packaged in vacuum pouches.,Product may be contaminated with Listeria monocytogenes.,Voluntary: Firm initiated,20191210,20200212,20200325
F-0990-2023,Terminated,Class I,CA,United States,Aquamar Inc,"Miyako Select Shredded Crab Meat Keep Refrigerated #1485 Ingredients: Fish Protein (Pollock, Threadfin Bream and/or Flying Fish), Water, Potato Starch, Modified Food Starch, Contains less than 2% of the following: Sugar, Salt, Sorbitol, Carrageenan, Natural and Artificial Flavors (Hydrolyzed Soy Protein, Qab Extract), Carrageenan, Sodium Tripolyphosphate, Tetrasodium Pyrophosphate, Carmine, Natural and Artificial Color. Contains: Fish (Pollock, Threadfin Bream and/or Flying Fish), Soy, Crustacean Shellfish (Swimming Crab) Net Weight 12/2.5 Ib Distributed By: MUTUAL TRADING CO, El MONTCAE 91731 30 lbs. (12 packages/2.5 lb vacuum sealed in clear film, pasteurized)  Crab Flavored Seafood Shred Style 91403 AS10C Ingredients: Fish Protein (Pollock, Whiting and or Threadfin Bream), Water, Potato Starch, Modified Food Starch, Contains less than 2% of the following: Sugar, Sat, Sorbitol, Natural and Artificial Flavors (Hydrolyzed Soy Protein, Crab Extract), Carrageenan, Sodium Tripolyphosphate, Tetrasodium Pyrophosphate, Carmine, Natura and Artificial Color. Contains: Fish Pollock, Whiting and or Threadfin Bream), Soy, Crustacean Shellfish Swimming Crab) Net Weight 4/2.5 lb Keep Refrigerated Product of U.S.A. Aquamar, Rancho Cucamonga, CA 91730 30 lbs. (12 packages/2.5 lb vacuum sealed in clear film, pasteurized)  Crab Flavored Seafood Shred Style 92407 KS21 Ingredients: Fish Protein (Pollock, Threadfin Bream and or Flying Fish), Water Potato Starch, Modified Food Starch, Contains less than 2% of the following: Sugar, Salt, Sorbitol, Carrageenan.  Natural and Artificial Flavors (Hydrolyzed Soy Protein, Crab Extract), Carrageenan, Sodium Tripolyphosphate, Tetrasodium, Carmine, Natural and Artificial Color Contains: Fish (Pollock, Threadfin Bream and/or Flying Fish), Soy, Crustacean Shellfish (Swimming Crab). Net Weight 12/2.5 lb Keep Frozen Product of U.S.A. Aquamar, Rancho Cucamonga, CA 91730 30 lbs. (12 packages/2.5 lb vacuum sealed in clear film, pasteurized)  Crab Flavored Seafood  Shred Style  91408  KSA Ingredients: Fish Protein (Pollock, Threadfin Bream and or Flying Fish), Water Potato Starch, Modified Food Starch, Contains less than 2% of the following: Sugar, Salt, Sorbitol, Carrageenan.  Natural and Artificial Flavors (Hydrolyzed Soy Protein, Crab Extract), Carrageenan, Sodium Tripolyphosphate, Tetrasodium Pyrophosphate, Carmine, Natural and Artificial Color Contains: Fish (Pollock, Threadfin Bream and/or Flying Fish), Soy, Crustacean Shellfish (Swimming Crab). Net Weight 12/2.5 lb Keep Refrigerated Product of U.S.A. 30 lbs. (12 packages/2.5 lb vacuum sealed in clear film, pasteurized)",Product found to contain undeclared wheat and eggs,Voluntary: Firm initiated,20230519,20230628,20250107
F-1685-2022,Terminated,Class II,UT,United States,"Clinical Innovations, LLC","Sweetums 24% sucrose solution with preservative. Vials containing 1ml or 2ml of 24% sucrose in purified water.  Product is administered by drop using vials and tip allows controlled administration directly to tongue or buccal surface.  Product is only used in the hospital setting including the NICU.     -VPSU15032250, 1mL vial, bagged qty 250","Firm received complaints of leaking, black liquid, and black particulates in the product vials.",Voluntary: Firm initiated,20220719,20220907,20230320
F-1284-2024,Terminated,Class II,CT,United States,Charles Boggini Company Llc,Charles Boggini Pink Lemonde; 1 or 5 U.S. Gallons,Products contain undeclared FD&C Red No. 40,Voluntary: Firm initiated,20240329,20240612,20240703
F-1532-2012,Terminated,Class II,WI,United States,Kerry Foods,"KERRY, MELOBLEND 737, CODE:QO-05358, CONTAINS MILK,  Item # I7126.465,  Net Wt 50 Lb (22.68Kg)",Kerry has decided to voluntarily recall its lactic acid containing products because they are contaminated with  metal fragments.,Voluntary: Firm initiated,20120601,20120627,20130131
F-1099-2014,Terminated,Class I,WI,United States,"Garden-Fresh Foods, Inc.","Grandpa's	,Red Skin Potato Salad,	2/5 lb.,		0 11596 51080 4,	11/22/2013 - 12/10/2013;  Grandpa's,	Red Skin Potato Salad,	12/16 oz,.	0 11596 14061 2,	0 11596 24061 9,	11/25/2013 - 12/10/2013;","Garden-Fresh Foods is recalling various cut vegetables,  ready-to-eat salads, slaw, spread and dip products sold under various brands and code dates manufactured prior to November 06, 2013  because they may be contaminated with Listeria monocytogenes.",Voluntary: Firm initiated,20131107,20131225,20151029
F-0978-2017,Terminated,Class II,FL,United States,Sunset Natural Products Inc.,"Colon Therapy, bulk capsules","Pursuant to a consent decree that prohibits the company and its owners for marketing dietary supplements until they, among other things, recall and destroy the dietary supplements that have been manufactured or distributed since April 2, 2014, hire a cGMP expert and receive written permission from FDA to resume operations.",FDA Mandated,20151013,20170104,20170410
F-0965-2018,Terminated,Class II,IL,United States,GRIFFITH FOODS,Product Name 	Lot Number or ID     Premix Roasted Chicken 1258969	660025,"Griffith Foods, Inc. has initiated a voluntary recall of multiple products following a supplier's recall of Autolyzed Yeast Powder due to the presence of Salmonella.",Voluntary: Firm initiated,20180314,20180404,20180709
H-0264-2025,Terminated,Class I,TX,United States,AND GO CONCEPTS DBA SALAD AND GO,"FG20004 	Cucumber, Sliced packaged in poly bag, and cardboard case. 16 lbs per case",Potential to be contaminated with Listeria monocytogenes,Voluntary: Firm initiated,20250527,20250723,20250924
F-1792-2013,Terminated,Class I,NY,United States,Terrafina,"1) terrafina Natural Roasted Unsalted Pistachios, Net wt. 10 oz (283g) UPC 847938103201, 2) terrafina Natural California Unsalted Pistachios, Net wt. 13 oz (368g) UPC 847938063208, 3) terrafina Natural California Unsalted Pistachios, Net wt. 18 oz (510g) UPC 847938032051, 4) terrafina Natural California Unsalted Pistachios, Net wt. 20 oz (567 g) UPC 847938073207, 5) terrafina Natural California Unsalted Pistachios, Net wt. 7 oz (198g) UPC 847938003204.",Potential Salmonella contamination.,Voluntary: Firm initiated,20130607,20130911,20170331
F-2418-2015,Terminated,Class II,IA,United States,Natural Creations Inc,"250cc White Plastic Container containing 120 capsules, labeled Natural Creations New Zealand Colostrum, Colostrum Supplement, MFG. FOR: Natural Creations, Woodbine, IA 51579, 712-647-1600",Natural Creations announces allergy alert and voluntary recall of New Zealand Colostrum dietary supplement due to unidentified allergen inclusion (milk).,Voluntary: Firm initiated,20150508,20150617,20151203
F-2106-2014,Terminated,Class II,KY,United States,"Koogee-Queen Anne, LLC","Egg Noggin' Ice Cream. Manufactured by: Koogee-Queen Anne, LLC, d/b/a The Comfy Cow 2221 Frankfort Ave, Louisville, KY 40206.","During an FDA inspection the firm was notified that their bulk product lacked labels. Due to the lack of ingredient statement, the firm failed to declare direct allergens for the products. The products also lacked the declaration that they are packaged in a facility that processes peanuts, tree nuts, wheat, milk and eggs.",Voluntary: Firm initiated,20140410,20140716,20140902
F-0341-2021,Terminated,Class I,MI,United States,KAREEM MART INC,Tahina Sesame Paste packaged in 1lb and 2lb plastic jars and 10kg metal containers; UPC CODES 6215000382207,Product tested positive for Salmonella.,Voluntary: Firm initiated,20210225,20210324,20210901
F-0972-2019,Completed,Class II,NC,United States,Sysco Charlotte,Belgioioso CHEESE GORGONZOLA WHEEL HALF 8#,"The firm discovered that one of their coolers malfunctioned and the food was not held at an appropriate temperature.  Because the holding temperature could affect food safety, this food could be unsafe for consumption.",Voluntary: Firm initiated,20181101,20190227,
F-0749-2013,Terminated,Class II,MI,United States,"Zingerman's Bakehouse, Inc.",Zingerman's Bakehouse Hot Cocoa Cake Net wt. 3 LB; 1.25 LB,"Zingerman's BAKEHOUSE pastry labels were found  not identifying the source of butter and cream ingredients as milk; the source of flour as wheat, and lacking identity of soy allergen found in products.",Voluntary: Firm initiated,20121102,20121212,20130201
F-1185-2017,Terminated,Class I,IL,United States,FONA Int'l,"Vanilla Type Flavor, Nat & Art, NET WEIGHT: 22.68 KGS, FONA International, Inc., 1900 Averill road, Geneva, IL 60134",Possible contamination of product with Salmonella.,Voluntary: Firm initiated,20161207,20170118,20190726
F-0120-2013,Terminated,Class II,AZ,United States,Lehi Valley Trading Co.,"Licorice Sticks sold under the following brand names:  1) Orange Patch Country Store Licorice Sticks, New Wt, 12 oz.  Packaged in plastic bag; 2) Desert Delite Licorice Sticks, New Wt, 12 oz.  Packaged in plastic bag; 3) 17th Street Market Licorice Sticks, New Wt, 12 oz.  Packaged in plastic bag; 4)  Flagstaff Farmers Market Farm Fresh Licorice Sticks, New Wt, 16 oz.  Packaged in plastic bag; 5) Farmers Market Licorice Sticks, New Wt, 8 oz., Packaged in plastic bag; 6) AJ's Fine Foods Licorice Sticks, New Wt, 16 oz.  Packaged in plastic bag; 7) Schneph Farms Licorice Sticks, New Wt, 8 oz.  Packaged in plastic bag; 8)  Carlo's Produce Licorice Sticks, New Wt, 16 oz.  Packaged in plastic bag; 9) Emery's Berry Patch Licorice Sticks, New Wt, 16 oz.  Packaged in plastic bag; 10) Ben Becnel's Fruit Outlet Licorice Sticks, New Wt, 8 oz.  Packaged in plastic bag; 11) The Country Store Licorice Sticks, New Wt, 12 oz.  Packaged in plastic bag; 12) Woody's SmokehouseLicorice Sticks, New Wt, 8 oz  and 12 oz.  Packaged in plastic bag; 13) Hubbell Trading Post National Historic Site Licorice Sticks, 8 oz; 14) El Rancho Marketplace Licorice Sticks, New Wt, 16 oz.  Packaged in plastic bag; 15) Jacob Lake Inn Licorice Sticks, New Wt, 8 oz.  Packaged in plastic bag; 16) S&T Enterprises Licorice Sticks, New Wt, 1 lb, Packaged in plastic bag; 17) Arizona Snack Company Licorice Sticks, New Wt, 12 oz,  Packaged in plastic bag; 18) Upchurch Candy Licorice Sticks, New Wt, 1 lb,  Packaged in plastic bag; 19) Power Road Farmers Market Licorice Sticks, New Wt, 1 lb, Packaged in plastic bag; 20) Mountain Top Licorice Sticks, New Wt, 8 oz,  Packaged in plastic bag; 21) Linn's Licorice Sticks, New Wt, 12 oz,  Packaged in plastic bag; 22) Rosabella's Garden Bakery Licorice Sticks, New Wt, 4 oz,  Packaged in plastic bag; 23) DiiIorio Farms & Roadside Market Licorice Sticks, New Wt, 8 oz,  Packaged in plastic bag; 24) Foster's Product and Corn Maze Licorice Sticks, New Wt, 12 oz,  Packaged in plastic bag; 25) Carleton Farm ProduceLicorice Sticks, New Wt, 8 oz and 12 oz,  Packaged in plastic bag; 26) High Valley Orchard Licorice Sticks, New Wt, 16 oz,  Packaged in plastic bag; 27) Murray Farms Licorice Sticks, New Wt, 1 lb,  Packaged in plastic bag; 28) Venison World.Com Licorice Sticks, New Wt, 8 oz,  Packaged in plastic bag; 29) Panorama Orchards, Inc. Licorice Sticks, New Wt, 8 oz,  Packaged in plastic bag; 30) Jay Country Store Licorice Sticks, New Wt, 1 lb,  Packaged in plastic bag; 31) Klicker's Licorice Sticks, New Wt, 16 oz,  Packaged in plastic bag; 32) Rosie's Farm Market Licorice Sticks, New Wt, 8 oz,  Packaged in plastic bag; 33) Stowe Mercantile Licorice Sticks, New Wt, 16 oz, Packaged in plastic bag; 34) Venice Gourmet Licorice Sticks, New Wt, 16 oz, Packaged in plastic bag; 35) Ragged Point Licorice Sticks, New Wt, 4 oz,  Packaged in plastic bag; 36) Rawhide at Wild Horse Pass Licorice Sticks, New Wt, 8 oz, Packaged in plastic bag; 37) Petty's Meat Market Licorice Sticks, New Wt, 8 oz, Packaged in plastic bag; 38) Fly High with Pax Snax Licorice Sticks, New Wt, 12 oz,  Packaged in plastic bag; 39) Bulk Foods Licorice Sticks, New Wt, 12 oz, Packaged in plastic bag; 40) Guantanamo Bay Gourmet Licorice Sticks, New Wt, 12 oz, Packaged in plastic bag; 41) Newport Harbor Gourmet Licorice Sticks, New Wt, 12 oz, Packaged in plastic bag; 42) Omni Resort Amelia Island Plantation Licorice Sticks, New Wt, 8 oz, Packaged in plastic bag; 43) The Big Easy Licorice Sticks, New Wt, 12 oz, Packaged in plastic bag; 44) Baker's Bay Associates Licorice Sticks, New Wt, 1 lb, Packaged in plastic bag; 45) Arizona Beagle Rescue Licorice Sticks, New Wt, 8 oz, Packaged in plastic bag; 46) Thomas Family Farm Licorice Sticks, New Wt, 4 oz, Packaged in plastic bag;",We were notified by American Licorice Co. through email that levels for lead above those allowed by the FDA were found during testing.  We have voluntarily recalled our entire product purchased from them for the required time range.,Voluntary: Firm initiated,20120906,20121024,20130905
F-0294-2024,Terminated,Class II,OH,United States,Katies Korner Inc.,"3 Gallon, plastic container of mint chip flavored ice cream","Undeclared wheat, soy and coconut",Voluntary: Firm initiated,20230914,20231025,20231018
F-3487-2017,Terminated,Class III,WI,United States,"Rushing Waters Fisheries, LLC","Whole Foods Smoked Whitefish Fillet, packed in bulk boxes.  Labeling states: Smoked on: 08/09/17, Sell Through: 09/04/17.  Smoked fish portions are placed inside of a box lined with a plastic bag, which is hand-tied when the box is filled.  Weights of each box vary.",Rushing Waters Fisheries is recalling 3 smoked fish products because they may have been underprocessed.,Voluntary: Firm initiated,20170811,20170913,20170905
F-0027-2020,Terminated,Class II,CA,United States,SONORA MILLS FOODS INC DBA POPCH,Popchips Sour Cream & Onion Potato Popped Chips;  5 oz. bag and 8 oz. bag    UPC: 0 82666 50070 4 - 5 oz.            0 82666 77700 7 - 8 oz.,Some batches of PopChips may contain gluten levels that exceed the firms specification.,Voluntary: Firm initiated,20190910,20191016,20200219
F-2517-2014,Terminated,Class I,CA,United States,BoKU International,"Boku Super Food 3.0, Product Sizes: 10 oz.",Boku is recalling Super Food because it may be contaminated with Salmonella.,Voluntary: Firm initiated,20140730,20141001,20150806
F-0719-2019,Terminated,Class II,MI,United States,"Hart Freeze pack, LLC","Pictsweet Farms Steam'ables Asparagus Spears  8oz. pouch, 10 per case  UPC 0 70560 97799 9   Frozen",Product was presumptive positive for Listeria monocytogenes.,Voluntary: Firm initiated,20181109,20181205,20200528
F-0571-2022,Terminated,Class I,IL,United States,Fresh Express Inc (Div of Chiquita Brands),"""Organic Baby Arugula"" (salad product) packed in 5oz. and 16oz. packages",potential to be contaminated with Listeria monocytogenes,Voluntary: Firm initiated,20211218,20220202,20230517
F-0156-2017,Terminated,Class II,OR,United States,Union Bagel Shop,"Package contains a business card for ""***BAGEL SHOP***""    ""***Sesame Seed:  Flour, Filtered Water, Organic Shortening, Olive Oil, Malt, Sugar, Sea Salt, Yeast, Organic Sesame Seeds.***""    2 bagels per package - plastic bag with twist tie.",Undeclared wheat,Voluntary: Firm initiated,20160407,20161026,20161017
H-0193-2026,Terminated,Class I,WA,United States,"Twin Sisters Creamery, LLC","Twin Sisters Creamery Whatcom Blue cheese, 2.5lb. round cheese wheel, made with raw milk and aged at minimum of 60 days. Ingredients: cultured raw cow's milk, salt, enzymes, penicillium roqueforti. Made in Ferndale, WA. www.twinsisterscreamery.com.",Raw milk Whatcom Blue cheese is recalled due to E. coli O103:H2.,Voluntary: Firm initiated,20251024,20251126,20260616
F-1608-2024,Terminated,Class II,MD,United States,"Totally Cool, Inc.","Dolcezza Peanut Butter Stracciatella Gelato 16 fl oz/1 pint, UPC 857838006090. Packaged in paper containers, 8 containers per case.",Possible contamination with Listeria monocytogenes,Voluntary: Firm initiated,20240613,20240807,20241008
F-1989-2014,Terminated,Class II,CA,United States,Prep Enterprises Llc,"Arena Ethnobotanicals and Kratom Pro, sizes: 1oz, 4oz, and 8oz.","Prep Enterprises is recalling Captain Kratom, Arena Ethnobotanicals and Kratom Pro products because they may be contain Kratom (mitragyna speciosa).",Voluntary: Firm initiated,20140501,20140611,20140716
F-0489-2020,Terminated,Class II,VA,United States,Gerber Products Company dba Nestle Infant Nutrition,"Nestle Toll House Oatmeal Raisin Cookie Bar (16.5oz), UPC 050000062195",Potential presence of food-grade rubber pieces.,Voluntary: Firm initiated,20191030,20200115,20200618
F-2305-2017,Completed,Class II,NJ,United States,"Pinnacle Foods, LLC","AUNT JEMIMA(R) 14 BLUEBERRY WAFFLES, NET WT 17.18oz UPC 019600062202",Potential for Listeria monocytogenes contamination,Voluntary: Firm initiated,20170505,20170614,
F-2209-2019,Terminated,Class I,TX,United States,Pita Pal Foods LP,PitaPal Edamame Dip with Pretzels 4.1 oz. UPC 851351007091 packaged in Clear tub with clear lid with green rim.,Product has potential to be contaminated with Listeria monocytogenes,Voluntary: Firm initiated,20190715,20190925,20200413
H-0068-2026,Terminated,Class I,MN,United States,WHOLESALE PRODUCE SUPPLY LLC DBA,"Cut Fresh Fruit Mix.  Contains:  Cantaloupe, Honeydew, Pineapple, and Red Grapes.  Keep Refrigerated. Packed under the following brands and sizes:    1.  Fruit Mix CHPG (MCT) 1/5 lb.   2.  Fruit Medley ""HC"" 24/8 oz.  Harvest Cuts  UPC 7 90629-08008 7.   3.  Fruit Mix CHPG (PAIL) 1/5 lb.  UPC 7 90629-11369.    Packed by WPS, Minneapolois, MN",Potential Listeria monocytogenes contamination.,Voluntary: Firm initiated,20250926,20251022,20251219
F-1613-2017,Terminated,Class I,AL,United States,J M Exotic Foods Inc,"Ground Turmeric packaged as follows:  a) FOOD LOCKER(R) , 16 oz, PHENIX FOOD SERVICE, PHENIX CITY, AL  36867  b) Ground Turmeric, Net Wt. 4 oz.,",The firm received a notice from their supplier that a sample of ground turmeric was tested and found to have elevated levels of lead.,Voluntary: Firm initiated,20160802,20170322,20170329
H-0328-2026,Terminated,Class II,NY,United States,CELEBRATION HERBALS US,"Celebration Herbals Senna Leaf Herbal Tea 24 Teabags, net wt. 1.48oz. UPC 628240201829",possible salmonella,Voluntary: Firm initiated,20251125,20251224,20260317
F-0133-2013,Terminated,Class I,IN,United States,"Caito Foods Service, Inc.","Garden Highway, Chef Essentials, Mango Salsa, Net Wt  7 oz, UPC 8.26766-42208.1, Ingredients: Mango, Lime Juice, Red Onion, Mint, Jalapeno Pepper, Packed in It's Own Juice","In cooperation with the FDA warning to not consume mangoes from Agricola Daniella, Mexico.  FreshLine of Indianapolis, Indiana, has initiated a voluntary recall of a limited quantity of expired products that contain fresh-cut mangoes due to the potential risk that the mangoes may contain Salmonella.",Voluntary: Firm initiated,20120915,20121024,20130828
F-0542-2014,Terminated,Class I,WI,United States,"Garden-Fresh Foods, Inc.","Garden-Fresh Farm Stand Pasta Salad,Product Code  0 11 11596 52204 9, 1/5 lb","Garden-Fresh Foods is recalling various ready-to-eat salads, slaw, and dip products sold under various brands and codes because they may be contaminated with Listeria monocytogenes.",Voluntary: Firm initiated,20131030,20131211,20140313
F-1530-2024,Terminated,Class I,CA,United States,"Prophet Premium Blends, LLC",Diamond Shruumz Chocolate Bars Dark Chocolate UPC 755003858829,Toxic levels of muscimol,Voluntary: Firm initiated,20240627,20240807,20250402
F-0711-2015,Terminated,Class II,GA,United States,Coca-Cola Company  (The),"Odwalla Chocolate Protein Shake, 15.2 fl. oz, and 32 fl. oz bottles, Distributed by: Odwalla, Inc., Dinuba, CA 93618.",There is the potential that some of the bottles could exhibit spoilage before end of shelf life.,Voluntary: Firm initiated,20141023,20141224,20150113
F-0164-2022,Completed,Class II,SC,United States,Carolina Ingredients,"Carolina Ingredients Smoked Peppered Bacon Seasoning Mfr. By: Carolina Ingredients, LLC Rock Hill, SC 29730",The firm was notified by their customer of possible lead  in their products. The firm sent samples of the product to a lab,Voluntary: Firm initiated,20211007,20211124,
F-1407-2015,Terminated,Class III,PA,United States,Keystone Food Products Inc,"Weis  Veggie Chips  Net Wt. 6 oz.  Packed For Weis Markets, Inc. Sunbury, PA 17801  With code dates: 10 Dec 2014 thru 7 Apr 2015    Natures Place  Veggie chips  Net Wt. 6 oz  Distributed By: DZA Brands, LLC, Salisbury NC 28147/Scarborough, ME 04074  With code dates: 15 Dec 2014 thru 10 Apr 2014      Market Basket  Veggie Chips   Net Wt. 6 oz  Distributed by: DeMoulas Supermarkets, Inc. Tewksbury, MA 01876  With code dates: 22 Jan 2015 thru 21 Mar 2015",Firm's sodium claims of 55 g/serving is incorrect. Product analyzed and found to contain shows approx. 290 mg/serving size,Voluntary: Firm initiated,20141216,20150318,20150825
F-0476-2023,Terminated,Class I,MD,United States,"FRESH IDEATION FOOD GROUP, LLC dba Fresh Creative Cuisine","Bistro To Go, Egg Salad Wheat, Net Wt. 5.5 Oz. Single Serving, Keep refrigerated","On 02/03/2023, FRESH IDEATION FOOD GROUP, LLC dba Fresh Creative Cuisine of Baltimore, MD is  initiating a recall of  various products sold from January 24, 2023 through January 30, 2023 because the products have the potential to be contaminated with Listeria monocytogenes .",Voluntary: Firm initiated,20230203,20230322,20231017
F-0403-2023,Terminated,Class II,CA,United States,Tampico Spice Company Inc,"Cayenne Pepper  1 pound jars, and 5 pound jars",Product was found to have an elevated amount of Aflatoxin,Voluntary: Firm initiated,20230202,20230301,20230815
H-0124-2026,Terminated,Class I,ID,United States,Albertsons Companies LLC,"Ready Meals Smoked Mozzarella With Hot Links Extra Large, UPC 200003 #####. Product was made in-store with store generated scale label applied to the container.    Sold under store banners Carrs-Safeway, Eagle, and Safeway in AK",Listeria monocytogenes. Albertson's store-made deli items contain a recalled Penne pasta ingredient which was recalled due to Listeria monocytogenes.,Voluntary: Firm initiated,20250926,20251029,20251125
F-1796-2015,Terminated,Class I,CT,United States,The Spicemill LLC.,"Cajun Seasoning, 4 oz., UPC: 811267011735.  Product is packaged in a plastic bottle with a black flip-top lid.",Product may contain undeclared peanut protein.,Voluntary: Firm initiated,20150128,20150408,20150413
F-0193-2021,Terminated,Class II,NY,United States,Rich Products Corp,"OUR SPECIALTY; Cake Truffles; Variety; Chocolate; Cookies 'N Creme; NO: Artificial Colors, Flavors, or High  Fructose Corn Syrup; Net Wt. 19.5 oz(1 LB 3.5 oz) (552 g)",Product contains undeclared wheat.,Voluntary: Firm initiated,20201222,20210113,20210430
F-2617-2016,Terminated,Class II,CA,United States,Federico's Bakery,"Federico's Mexican Cookies Excelente Variedad, Net Wt. 21oz, 10packs/case, UPC 9154450521.",Federico's Bakery is recalling Mexican Cookies because it contains undeclared milk as the sub ingredient for butter.,Voluntary: Firm initiated,20160912,20161005,20170127
F-1276-2013,Terminated,Class II,TX,United States,"Decoty Coffee Company, Inc","Taco Seasoning, Net Wt. 1.25 lb and 5.75 lb. Distributed by Decoty Coffee Company, San Angelo, TX 76903, 800-588-8001. The products come in 1.25lb and 5.75lb sizes and are distributed in plastic spice containers with resealable lids.","Recently, DeCoty Taco Seasoning, 1.25 lb (Lot numbers 010111-021313) and 5.75 lb (Lot numbers 010111-021313), were recalled for the undeclared ingredient Soy. Tests show that these lot numbers of this product also contain the undeclared ingredient Wheat Gluten, therefore represents a potential health hazard.",Voluntary: Firm initiated,20130325,20130403,20130618
F-1280-2022,Terminated,Class I,MN,United States,General Mills James Ford Bell Technical Center,"dibz Lunch Blox.  Entree, Grain, Veggie, Fruit",Potential Salmonella contamination.,Voluntary: Firm initiated,20220522,20220615,20230217
F-1526-2013,Terminated,Class I,NC,United States,Dairy Fresh LLC,"IGA Brand Vanilla & Chocolate Ice Cream, 1.75 Quart","Undeclared allergens: Almonds, Coconut, Soy Lecithin",Voluntary: Firm initiated,20130508,20130619,20140508
F-1181-2013,Terminated,Class I,FL,United States,"Publix Super Markets, Inc.",Publix 7 inch Chocolate with Chocolate butter cream layer cake  Scale ID Number * 002-95954-00000 *The last five digits of the scale ID number contain the unit price. For example $4.99 would have the last five digits ending 00499.,Maplehurst Deli-Bake South Inc. the cake supplier notified Publix Super market of a contamination with Listeria Monocytogenes on 11/15/2012.,Voluntary: Firm initiated,20121115,20130320,20130517
F-2620-2016,Terminated,Class II,NJ,United States,"PAO DE MILHO III, LLC","Triana Family Brioche Donuts Bavarian Cream Net Wt. 0.75 LBS (340 g)  12 -24 Jabez St., Newark, NJ 07106 UPC 000260003995    packaged in a clear plastic clam shell container",Brioche Donuts- Bavarian Cream contain undeclared FD&C yellow #5 and FD&C yellow #6.,Voluntary: Firm initiated,20160830,20161005,20170314
F-0490-2016,Terminated,Class II,OH,United States,Garden Harvest,"Keim's Garden Harvest pickled zesty mustard eggs Ingredients: eggs, water, vinegar, sugar, salt***yellow #5, red #40*** Manufactured by: Keim's Garden Harvest (937) 515.4518 2232 Honeysuckle Lane Wellston OH 45692 1 PT (17 oz 502 ML) UPC 6 09788 83464 9, 32 oz 6 09788 83459 5",The firm was manufacturing acidified foods without a license.,Voluntary: Firm initiated,20150812,20160120,20190226
F-1749-2013,Terminated,Class II,NY,United States,Price Chopper Golub Corperisable Warehouse,"Jacqueline's GOURMET COOKIES Raspberry Burst Cookies, Net Wt. 11 oz (8 units in total) packed in clear plastic with white labeling---Shelf life is 12 months frozen and 7 days after baked.",Undeclared Milk allergen,Voluntary: Firm initiated,20130621,20130731,20170501
F-1035-2020,Terminated,Class II,UT,United States,BUILT BRANDS LLC,"Banana Chocolate Creme Chocolate covered protein bars, packaged in metalized polypropylene wrappers, packed in 6 count to 18 count boxes, net wt. ranges from 53 to 58 grams.",Products may be moldy prior to the end of the stated shelf life.,Voluntary: Firm initiated,20200624,20200805,20220309
F-1852-2014,Terminated,Class I,MN,United States,Parkers Farm Inc,Cheddar Cheese Ball and Logs sold under the following sizes and brands:    1. Aldi label in 10 ounce balls (1087 / #7713) in film overwrap;     2.   Win Schuler Original label in 10 ounce balls (55560) and logs (55570) in film overwrap; 3. CP in 8 ounce cheese logs (CH111000) in film overwrap.,"Various Peanut butters, cheese spreads, cold pack cheese, salsa, cheese balls/logs have the potential to be contaminated with Listeria monocytogenes.",Voluntary: Firm initiated,20140321,20140423,20151021
F-1028-2023,Terminated,Class I,IL,United States,"Newly Weds Foods, Inc.",A21470	BATTER MIX X1	50.00	BAG,Products may contain Salmonella,Voluntary: Firm initiated,20230526,20230712,20240723
F-1467-2012,Terminated,Class I,CA,United States,Santos Inc.,"Santos Brand, Garam Masala (Indian Spice Mix) packed in clear plastic bags,  7 ounces, 16 ounces","The recall was initiated after it was discovered during a routine inspection that the products i.e. various kinds of flours, legumes and spices were cross packaged on shared equipment with peanuts and wheat flour.  The products i.e. various kinds of flours, legumes and spices were distributed in packaging that did not reveal the presence of peanuts or wheat, but may contain traces of it.",Voluntary: Firm initiated,20120518,20120627,20130925
F-0037-2022,Terminated,Class II,CA,United States,Chocolate and the Chip,"Chocolate & the Chip  Peanutbutter Spice Cookies: 4 oz / 114 grams per pack. Cookies are packaged in uniform pairs in a food grade clear resealable bag and label  Corrected Ingredients:  Ingredients: All purpose flour (bleached wheat flour, malted barley flour, niacin, reduced iron, ascorbic acid, thiamin mononitrate, riboflavin, folic acid, ascorbic acid) unsalted butter (pasteurized cream, natural flavorings), eggs, semi sweet chocolate chips (sugar, chocolate, cocoa butter, milkfat, soy lecithin, natural flavors), light brown sugar, white granulated sugar, peanut butter (Roasted peanuts 91.5% Dextrose - 6% Hydrogenated vegetable oil (rapeseed, cottonseed, soybean) - 2% Salt - .5%), cinnamon chips (Sugar, partially hydrogenated palm kernel oil, cocoa powder, natural and imitation cinnamon flavor, salt, soy lecithin, and vanillin, pure vanilla extract (vanilla bean extractives in water and alcohol), Himalayan salt, baking soda (sodium bicarbonate), instant decaf coffee (decaffeinated instant coffee, caramelized sugar), cinnamon, salt flakes. Contains: wheat, milk, eggs, soy, tree nuts (peanuts)   Labels found during the inspection had undeclared wheat, milk, soy. Firm had listed ingredients on packaging but what was missing were the sub ingredients and allergen containment.",Inspection by the California Department of Public Health found undeclared allergens in numerous bakery products.,Voluntary: Firm initiated,20211005,20211027,20211130
F-0913-2024,Terminated,Class II,VA,United States,"Country Corner Dairy, LLC","Fresh Local , Country Corner Dairy,  YELLOW COLBY CHEESE, INGREDIENTS: Pasteurized Milk, Salt , Rennet, Calcium Chloride,  Cheese Culture, Contains Milk. Product comes in various sizes, 6 oz. up to 42 lbs. and is in vacuum sealed plastic packaging.",Product was made with a lack of proper pasteurization.,Voluntary: Firm initiated,20240201,20240228,20240325
F-0736-2018,Terminated,Class II,WI,United States,Wienke LLC,"Wienke's Market Strawberry Raspberry Jam, Net Wt. 8 oz (226g), UPC 14106-00235.    Refrigerate after opening.  Ingredients:  strawberries, raspberries, sugar, pectin.",Jams and Jellies are made with butter which is not declared on the label.,Voluntary: Firm initiated,20180119,20180214,20181010
F-0845-2017,Terminated,Class I,TX,United States,"Country Fresh Products, LLC","Harris Teeter, Kabob Kit 23oz",Products may be contaminated with Listeria monocytogenes.,Voluntary: Firm initiated,20160825,20170111,20170123
F-0656-2020,Terminated,Class I,MI,United States,"Lipari Foods Operating Company, LLC.","Premo and Fresh Grab Chicken Salad Wedge Sandwich, 5 oz., UPC: 612510002032",Products recalled due to potential contamination with Listeria monocytogenes,Voluntary: Firm initiated,20200106,20200212,20200818
F-1154-2016,Terminated,Class III,IA,United States,Iowa Select Herbs LLC,"Iowa Select Herbs LLC, Burdock Root, www.iowaselectherbs.com, 4 fl. Oz.., Cedar Rapids, IA 52402","Pursuant to a consent decree for injunctive relief the recalling firm was ordered to recall all products because they are misbranded, unapproved new drugs and adulterated dietary supplements.",FDA Mandated,20150911,20160511,20170227
F-0302-2021,Terminated,Class II,WI,United States,Barron County Organics,"20 Mile Rhubarb, Organic Frozen Custard, Contents:  One U.S. Pint and 86 oz. Scoopers.  UPC 50005-48811.  Made by Barron County Organics, LLC, 10-Mile Organic and Local General Store, 796 29 3/4 Ave. Barronett, WI  54813.",Ingredients were not pasteurized after blending as required by State of Wisconsin.,Voluntary: Firm initiated,20210203,20210224,20210609
F-0504-2018,Terminated,Class II,MI,United States,Rocky'S Historic Eastern Market,"DARK CHOCOLATE CHERRY, 16 oz., 25 pound bulk case","Rockys Historic Eastern Market initiated a voluntary recall of DARK CHOCOLATE CHERRY, and DARK CHOCOLATE CRANBERRY due to undeclared allergen milk following a supplier's recall.",Voluntary: Firm initiated,20171108,20171227,20180709
F-2662-2017,Terminated,Class II,NH,United States,High Liner Foods Inc.,"Whole Foods 12/12oz Oven Ready Breaded Calamari Rings,  Item Number: B1322",Product may contain undeclared milk.,Voluntary: Firm initiated,20170609,20170823,20171214
F-1347-2017,Terminated,Class II,FL,United States,"IQ Formulations, LLC","E.S.P. Pre-Workout, Energy Stimulant Pre-workout, Powder, 300 g, blue raspberry flavor  (UPC 764779-410728.","Products contain Picamilon and/or methylpentane citrate (DMBA),  which are not recognized as a dietary ingredients",Voluntary: Firm initiated,20160816,20170201,20240920
F-0119-2025,Terminated,Class III,OR,United States,My Chai Inc,"Oregon Orchards Banana Smoothie Mix. Product is packaged in the same square 0.5gallon HDPE plastic bottles and the volume is 68 fl oz.  Ingredients: Sugar, banana puree, water, natural flavor, citric acid, xanthan gum, sodium benzoate (to help protect flavor-1/10 of 1%), vanilla extract. Made by: MyChai, Inc. 1110 SE Centennial St. # 6, Bend, OR 97702  Up until fall of 2023, expiration dates were 2 years from the date of production. In the fall of 2023 expiration dates were extended an additional year to 3 years from the production date.",Acidified product is recalled due to lack production record.,Voluntary: Firm initiated,20240821,20241113,20260203
F-2387-2012,Terminated,Class I,CA,United States,Ready Pac Foods Inc,"Starbucks¿ Seasonal Harvest Fruit Blend, 6oz, UPC 6211171390, Use by dates 8/22/2012 through 9/7/2012 and 9/4/2012 & 9/5/2012.","Firm is voluntarily recalling, out of an abundance of caution, packaged fruit products containing mangoes, distributed through August 30th 2012, since they contain Daniella Brand mandoes, which have been recalled by supplier Splendid Products, due to potential contamination with Salmonella Braenderup.",Voluntary: Firm initiated,20120831,20121003,20121025
F-0302-2025,Terminated,Class I,GA,United States,"Terry and Joe Baker Farms, LLC dba Baker Farms","Baker Farms CURLY MUSTARD 16 oz NET WT 16 oz UPC 8 13098 02018 4 Baker Farms 3667 Ellenton-Norman Park Road Norman Park, GA 31771",The firm was notified by the Texas Department of Agriculture that the product test positive for Listeria monocytogenes.,Voluntary: Firm initiated,20241129,20241225,20260109
F-0890-2017,Terminated,Class I,CA,United States,Simply Fresh Fruit,2/1 GL JAR SYSCO IMP. SPRING MIX,Simply Fresh Fruit is recalling cantaloupe and fruit mixes with cantaloupe because they may be contaminated with Listeria monocytogenes.,Voluntary: Firm initiated,20160414,20161228,20161227
F-1163-2017,Terminated,Class II,NY,United States,Midwest International Corp,"LONGAN ARIL, Net Wt: 7.4oz (210g), contains yellow and orange labeling","The item is subject to Import Alert 21-04 in that it appears to bear or contain cyclamate and dulcin which are unsafe food additives, the item does not declare saccharin on it's labeling and the the product appears to contain or bear the following unsafe color additive such as FD&C Yellow #5 (C.I. No. 19140 - tartrazine) FD&C Red #3 (C.I. No. 45430 - Erythrosine), and Carmoisine (C.I. No. 14720 - former ext. D&C Red #10).",Voluntary: Firm initiated,20161123,20170111,20180620
F-0061-2017,Terminated,Class II,IL,United States,"Gold Standard Baking, Inc.","Archer Farms Strawberry Danish | NET WT 14 OZ  (397g) | Distributed by Target Corporation Minneapolis, MN 55403 | UPC 085239101094",Presence of small metal shavings.,Voluntary: Firm initiated,20160908,20161019,20190805
F-0609-2017,Terminated,Class I,OR,United States,"Calbee North America, LLC","HARVEST SNAPS, SNAPEA CRISPS, BLACK PEPPER FLAVORED GREEN PEA CRISPS, NET WT 3.3 OZ (93g)",One lot of black pepper flavored green pea crisps may contain wasabi ranch flavored green pea crisps which contain milk which is not declared on the black pepper flavored product.,Voluntary: Firm initiated,20161116,20161214,20170125
F-1626-2012,Terminated,Class I,CA,United States,River Ranch Fresh Foods  LLC,"Sysco brand Garden with Romaine, 4 x 5 lb bag, UPC: n/a; Product is a salad item; bagged in clear polyethylene film (foodservice) and polypropylene/polyethylene (retail). Refrigerate and consume within Best By date. Product is processed and packaged by River Ranch Fresh Foods, LLC","River Ranch was notified that two separate samples of products pulled by the FDA which were produced by River Ranch, tested positive for Listeria monocytogenes.",Voluntary: Firm initiated,20120518,20120815,20120919
F-1567-2017,Terminated,Class I,MD,United States,"Dairy Maid Dairy, LLC","Grove Fresh Pasteurized Apple Juice from concentrate, 4-ounce cartons, 100 % Pure.",The firm received several customer complaints regarding foreign material in the product.  The firm tested seven of the returned product units and found that they were positive for undeclared milk.  The product has been recalled due to undeclared milk.,Voluntary: Firm initiated,20170216,20170315,20170602
F-0636-2024,Terminated,Class I,GA,United States,Renaissance Food Group,"Sprouts Tropical Fruit Blend NET WT 10 OZ (283g) UPC 8 26766 89490 1 Manutfactured Exclusively for Sprouts Farmers Market Phoenix, Arizona 90504",Salmonella,Voluntary: Firm initiated,20231124,20231227,20240611
F-1139-2019,Terminated,Class I,CA,United States,Whole Foods Market,"Whole Foods Hipster Chipster Cookies;  9 oz. container with 6 cookies;  UPC 0247449 006990  Sold at Whole Foods, Yulupa Ave., Santa Rosa, CA",Report of anaphylactic reaction reported following the consumption of mislabeled cookies - undeclared walnuts.,Voluntary: Firm initiated,20190201,20190313,20190315
F-1330-2016,Terminated,Class I,FL,United States,Garden Of Life Llc,"Raw Meal Organic Vanilla Spiced Chai Powder; Organic Shake and Meal Replacement; 909 g, 455 g, and 10-ct tray (65 g each).  Packaged in plastic bottle with colored label.",Products possibly contaminated with Salmonella,Voluntary: Firm initiated,20160129,20160518,20240926
F-1885-2019,Terminated,Class II,MA,United States,"C & S Wholesale Grocers, Inc.",SIMPLY LIGHT LEMONADE JUICE DRINK - 52 FL OZ  UPC: 2500010061,Products were not held at an appropriate temperature due to a mechanical malfunction during transportation.,Voluntary: Firm initiated,20190617,20190731,20190731
F-0363-2022,Ongoing,Class I,GA,United States,Flowers Foods (Corporate Offices),"Nature's Own Honey Wheat Bread, NET WT 20 oz (1LB 4 OZ) 567g, DISTRIBUTED BY FLOWERS BAKERIES, LLC THOMASVILLE, GA 31757 Single loaf UPC 0 72250 03706 8 & Double pack UPC 0 72250 00539 5",Undeclared milk,Voluntary: Firm initiated,20211217,20220112,
F-1784-2022,Terminated,Class II,MN,United States,"Russ Davis Wholesale, LLC","Dragon Fruit Mix.   Contains:  Mango, Dragon Fruit, Pineapple, Clementines, Blueberries.   Keep Refrigerated.   Item 89348.  Net Wt. 16 oz.  Kowalski's Markets.",Various vegetable and fruit products are recalled due to inadequate sanitizer in wash water.,Voluntary: Firm initiated,20220729,20220928,20220923
H-0191-2026,Terminated,Class I,WA,United States,"Seoul Trading, Inc.","Item IL1014A, PIGGY Lotte Crispy Crunch Ice Cream Cone, Strawberry flavor, Keep Frozen, (4/5/160ML), UPC 8801118255045. Product of Korea.  The label of recalled product declared: Ingredients: Cone snack, Strawberry syrup, Biscuit, Chocolate spray, Topping Chocolate, Ice cream mix (Sugar, Mixed milk powder, Processed Butter, Processed oligosaccharide, Mixed formulation, Natural vanilla flavor, synthetic vanilla flavor, water) CONTAIN: Milk.",Undeclared peanut.,Voluntary: Firm initiated,20250110,20251119,20251125
F-0700-2014,Terminated,Class II,IL,United States,"Simply D'Lish, LLC","Sea Salt Chocolate Chip Cookie, 3-oz (85g), individually wrapped in plastic and labeled in part: Manufactured for Simply D'lish, LLC.; Aurora, IL 60504; www.simplydlish.biz","On the back label of the individual cookie, the milk allergen was not declared in the allergen statement, however, butter was listed as an ingredient.",Voluntary: Firm initiated,20131029,20131211,20160411
F-1015-2022,Terminated,Class I,OH,United States,Produce Packaging Inc,Produce Packaging Inc. brand Spicy Southwest Grain Bowl in a 11.75oz plastic bowl with a plastic lid. One bowl per case.,Undeclared wheat on product label.,Voluntary: Firm initiated,20220414,20220504,20220504
F-1893-2015,Terminated,Class I,CA,United States,California Snack Foods Inc,"Karm'l Dapple;  Net Wt. 4 oz. (124g)  Red/Crunch  Sold in Single size and 3 pack and Halloween.  Ingredients: Fresh Selected Apples, Sugar, Water, Corn Syrup, Nonfat Dry Milk Solids, Cottonseed shortening and/or soybean oil,Peanuts and/or corn and soy cereal parts, flour, salt, lecithin, soda, Artifical Flavors and colors (FD&C Yellow #6, Yellow # 5, Blue# 1 and Red #40  Allergy Information: This product is manufactured on equipment that also processes peanuts and tree nuts (almonds, Walnuts, Pecans, Cashews and macadamia nuts).  UPC 0 79002 22434 9   A product of California Snack Foods, Inc.  So. El. Monte, CA 91733",Firm was notified by supplier of apples that Caramel apples may be associated with a current Listeria Monocytogenes outbreak.,Voluntary: Firm initiated,20141227,20150415,20150407
F-1054-2015,Terminated,Class I,WA,United States,Full Tilt Ice Cream,"Port Townsend Lavender ice cream, labeled in part, ""***Full Tilt ice cream Port Townsend Lavender***Ingredients: Cream, milk, skim milk, sugar, infusion of lavender buds, guar gum, carob bean gum, soy lecithin, carrageenan***Seattle WA 98106 www.fulltilticecream.com***"".      Ice cream is packaged in 16 oz paper containers, and 1.5 gallon and 3 gallon plastic tubs.  UPC code: 713757814621 for 16 oz container only","Full Tilt Brand ice cream is being recalled due to the potential to be contaminated with Listeria monocytogenes. These products contain ice cream mix, an ingredient manufactured and recalled by Snoqualmie Gourmet Ice Cream, Inc.",Voluntary: Firm initiated,20141222,20150218,20150223
F-0949-2013,Terminated,Class I,CA,United States,Unified Grocers Inc.,"Kinnikinnick Foods Pie Crusts, 10.2 oz, Item  code: 21-35265, UPC 6-20133-00600.",Unified Grocers is recalling Kinnikinnick Pie Crust because it contains undeclared egg allergen.,Voluntary: Firm initiated,20121231,20130206,20130301
H-1180-2026,Ongoing,Class I,CA,United States,Green Jeeva LLC,Organic Moringa Powder; 15kg/bag (bulk);  Product code: GJ96,Moringa Powder ingredient positive for salmonella,Voluntary: Firm initiated,20260708,20260729,
F-1643-2016,Terminated,Class I,NJ,United States,Dr. Praeger'S Sensible Foods,"Dr. Praeger's Tex Mex Veggie Burgers, 6 x 10 oz. (283g)/box, Best if used by: Jan -4-2018, UPC (01) 6 0080868 00048 , Dr. Praeger's Sensible Foods, Elmwood Park, NJ 07407",Dr. Praeger's Sensible Food/Ungar's Food Products is voluntarily recalling various not-ready-to eat frozen products because they may be contaminated with Listeria monocytogenes.,Voluntary: Firm initiated,20160513,20160720,20171004
F-0127-2018,Terminated,Class III,WA,United States,"San Gennaro Foods, Inc","Traditional Polenta, San Gennaro brand, Pre-cooked Ready to Heat & Serve, 12/18 oz packages, UPC# 7-62676-15000-6     Traditional Polenta, San Gennaro brand, Pre-cooked Ready to Heat & Serve, 6/18oz packages, UPC# 7-62676-15000-6    Traditional Polenta, San Gennaro brand, Pre-cooked Ready to Heat & Serve, 12/24 oz packages, UPC# 7-62676-12400-7    Traditional Polenta, San Gennaro Canadian brand, Pre-cooked Ready to Heat & Serve, 12/24 oz packages, UPC# 7-62676-12400-7    Traditional polenta, Sun of Italy brand, Pre-cooked Ready to Heat & Serve, 12/24oz packages, UPC# 0-33698-81697-4    Traditional Polenta, Scarpone's brand, Pre-cooked Ready to Heat & Serve, 12/1 KG packages,  UPC# 7-77465-00236-7    Traditional Polenta, Italy brand, Pre-cooked Ready to Heat & Serve, 12/24oz packages, UPC#0-71742-99951-8    Ingredients: Water, Yellow Corn Meal,  Salt, Tartaric Acid, Ascorbic Acid, Beta Carotene","Date coding ink was being printed directly on the food contact surface of packaging, allowing the ink to be in direct contact with the product.  The ink is not approved for food use.",Voluntary: Firm initiated,20171013,20171115,20180518
F-1211-2019,Terminated,Class I,N/A,Chile,Procesadora Aguas Claras LTDA.,"Premium Sustainable Atlantic Salmon (Farm Raised);  22 lb. case - Master carton - corrugated cardboard box. Internal Packaging: IQF vacuum packed with tray.  Origin: Chili  Packed for Osamu Corporation, Carson, CA  For   institutional use only",Direct customer tested Premium Sustainable Atlantic Salmon (Farm Raised) from Chile and had a positive result for Listeria monocytogenes.,Voluntary: Firm initiated,20190304,20190410,20190712
F-1468-2018,Terminated,Class I,N/A,Canada,Greenbelt Greenhouse Ltd,"Fresh Microgreen Mix, Greenbelt Microgreens brand, net wt. 75 gram. Product is packaged in a clear plastic clam shell container.  UPC 8 90082 00041 4",Fresh Microgreen Mix product is recalled due to a potential to be contaminated with Listeria monocytogenes.,Voluntary: Firm initiated,20180424,20180516,20180531
F-0171-2015,Terminated,Class II,MI,United States,"Good Herbs, Inc.","Good Herbs, Inc., CT, 1 & 4 oz bottle, 550 Oliver Dr Troy, MI 48084 The Quality Herb That Works",Products not manufactured under GMP's,Voluntary: Firm initiated,20140325,20141105,20160203
F-1562-2018,Terminated,Class II,TX,United States,H-E-B GROCERY COMPANY LP DBA HEB,HEB Creamy Creations Orange & Cream Swirl Sherbet quart,May contain broken metal pieces,Voluntary: Firm initiated,20180530,20180620,20180904
F-0304-2025,Terminated,Class II,IL,United States,GRIFFITH FOODS LTD,"Item 42081001, 104023600 SPICY BREADING EXPORT, 50 lb. bag",potential for pieces of metal in product,Voluntary: Firm initiated,20241101,20241225,20250307
F-1837-2017,Terminated,Class II,N/A,Taiwan,"Kwei Chow Sauce Industry Co., Ltd.","Kwei Chow brand Mustard Strip with chili in oil, net weight 7.05 Oz, sauce in glass jars, shelf stable",Products contain undeclared wheat.,Voluntary: Firm initiated,20170320,20170412,20170522
F-0692-2017,Terminated,Class I,CA,United States,"Green Cuisine, Inc.","Pesto Pasta Salad with Arugula, Net Wt. 16oz, UPC 857898004333",Green Cuisine is recalling Pesto Pasta Salad with Arugula because it may be contaminated with Listeria monocytogenes.,Voluntary: Firm initiated,20160616,20161221,20161212
F-2617-2017,Terminated,Class I,CA,United States,YouBar,"Nutrifuel - Paleo Nutrition Bar    Gluten Free, All Natural, 15 g protein    1.90oz. (54 g)    YouBar Inc. Monterey Park, CA.",Firm was notified by supplier that cashew butter used in protein bars is under recall due to the potential of Listeria monocytogenes.,Voluntary: Firm initiated,20170614,20170726,20171205
F-1848-2012,Terminated,Class I,CA,United States,"Gills Onions, LLC","Diced Red Onions, 7oz, UPC 643550000412;  Diced Red Onions, Oignons rouge frais, en des, 198 grams, UPC 643550000450.  Diced Red Onions, 5lbs., ""Gills Onions"" Label, no UPC;  Diced Red Onions, 5lbs, ""Crossvalley"" label, no UPC.  Diced Red Onions, 5lbs, ""Markon"" label, no UPC.  Diced Red Oninos, 5lbs, ""Cisco"" label, no UPC.",Gills Onions is recalling diced and slivered red and yellow onions and diced celery and onion mix because they may be contaminated by Listeria monocytogenes.,Voluntary: Firm initiated,20120717,20120815,20121025
F-0080-2016,Terminated,Class I,CA,United States,Karoun Dairies,"Nabulsi Cheese  16 oz, 25 lb    UPC Codes:  7 96252 03225 7, 7 96252 00225 0, 7 96252 00223 6,  7 96252 00125 3    Product is vacuumed packed or packaged in pails.",Karoun Dairies is recalling all cheese manufactured from an identified manufacturer due to potential Listeria monocytogenes contamination.,Voluntary: Firm initiated,20150916,20151028,20160412
F-0630-2022,Terminated,Class II,NE,United States,"WayFare Health Foods, LLC.","Wayfare Dairy Free Butter Salted & Whipped,",Product showed suspected mold growth prior to expiration date.,Voluntary: Firm initiated,20220106,20220209,20220217
F-1180-2014,Terminated,Class I,OR,United States,"Reser's Fine Foods, Inc.","Reser's Honey Chicken Salad Kit, Formula DR.105B32, packaged in 6/40-oz carton cases. Distributed by Reser's Fine Foods, Beaverton, OR.  UPC 7111711428",The recalled products are potentially contaminated with Listeria monocytogenes.,Voluntary: Firm initiated,20131022,20140101,20170124
F-0763-2021,Terminated,Class I,CA,United States,Designed by Nature LLC,"Designed by Nature Cow's Milk Formula:  12 oz. plastic pouch.    Easy to Digest, Nutritionally Alive, Developed for All Life Stages.  For the Little Ones in Your Life.    UPC: 0 19962 28421 2","Products are deficient in multiple nutrients required for infant formula, and the firms contract manufacturer does not test for Cronobacter, a pathogen that can be particularly dangerous to infants and is sometimes found in powdered infant formulas.",Voluntary: Firm initiated,20210614,20210630,20210716
F-0827-2021,Terminated,Class II,NY,United States,GIVE AND GO PREPARED FOODS (USA),"7 Eleven Selects Chocolate Chip 3pack Mini Muffins - 2.6 oz., 16 units per tray, 6 trays per case; UPC: 0 52548-62095 0",May be contaminated with Listeria monocytogenes,Voluntary: Firm initiated,20210717,20210811,20220519
F-0492-2013,Terminated,Class I,NM,United States,"Sunland, Incorporated","Sunland Organic Valencia Roasted Blanched and Salted Peanuts, 30 lbs UPC 83326.","Sunland, Inc. is conducting a voluntary limited recall of its Almond, Peanut, and Cashew Butter products and Tahini and Roasted Blanched Peanut Products, manufactured between May 1, 2010 and September 24, 2012, because these products may be contaminated with Salmonella.",Voluntary: Firm initiated,20120924,20121031,20141001
F-1618-2013,Terminated,Class I,TX,United States,"Del Monte Fresh Produce North America, Inc","Fruit Bowl, generic, 48 oz., sold at Wal-Mart, UPC 7-17524-77687-7","In cooperation with the FDA's warning to not consume mangoes from Agricola Daniella in Mexico, Del Monte Fresh Produce N.A., Inc, is initiating a voluntary recall of 1,600 bowls of fresh-cut mangoes distributed to retail outlets due to the potential risk that the mangoes may contain Salmonella. Salmonella is an organism which can cause serious and sometimes fatal infections in young children, frai",Voluntary: Firm initiated,20120920,20130717,20130731
F-1656-2017,Terminated,Class I,WI,United States,"Sargento Foods, Inc.","Sargento Shredded Chef Blends 4 Cheese Pizzeria, 8oz., UPC 4610041105, Sell By date: H10APR17",Sargento Foods Inc. was notified by their supplier that the cheese that was supplied may have been contaminated with Listeria monocytogenes.,Voluntary: Firm initiated,20170210,20170329,20170803
F-3046-2017,Terminated,Class II,IL,United States,Newly Weds Foods Inc,"A40126, BREADER X1, NET WT 50 LBS, Manufactured By: Newly Weds Foods, Inc., Chicago, IL 60639",Product may contain undeclared milk.,Voluntary: Firm initiated,20170503,20170726,20190805
F-1060-2014,Terminated,Class I,WI,United States,"Garden-Fresh Foods, Inc.","Copperwood Kitchens,	Steakhouse Macaroni Salad,	2/5 lb.,		8 11839 01018 0,	12/5/2013","Garden-Fresh Foods is recalling various cut vegetables,  ready-to-eat salads, slaw, spread and dip products sold under various brands and code dates manufactured prior to November 06, 2013  because they may be contaminated with Listeria monocytogenes.",Voluntary: Firm initiated,20131107,20131225,20151029
F-0839-2021,Terminated,Class II,NY,United States,GIVE AND GO PREPARED FOODS (USA),Uncle Wally's Twin Muffins - Blueberry - 3.75oz; UPC: 759313-89104 0,May be contaminated with Listeria monocytogenes,Voluntary: Firm initiated,20210717,20210811,20220519
F-1570-2023,Terminated,Class II,NM,United States,"Vitality Works, Inc","100 vegetarian  Fenugreek Capsules 90 count, 600mg, packaged in 150cc Amber Glass Packer  with White Polypropylene Cap.",Foreign material: pieces of a pen (writing utensil).,Voluntary: Firm initiated,20230822,20231004,20231113
F-1481-2019,Terminated,Class II,AZ,United States,"APS BioGroup, Inc","Immulox, UPC 1 82863 000064 6. Immune Balance Polypeptide Supplement with Naturally Occuring Bioactive Peptides.  5.07 oz (150 ml)","The recall is being conducted as a result of elevated APC levels.  Through additional testing, it was determined that the organism is Stenotrophomonas maltophilia.",Voluntary: Firm initiated,20190515,20190626,20191227
F-1340-2022,Terminated,Class I,NY,United States,Calico Cottage Inc,"1. SALTED NUT ROLL PRE-MADE FUDGE (6SS) 6LB NET WT - not consumer package, bulk carton",Fudge contains peanut butter that is potentially contaminated with Salmonella.,Voluntary: Firm initiated,20220524,20220629,20221027
F-3238-2017,Terminated,Class II,IL,United States,Newly Weds Foods Inc,"B51926, PREDUST X1*, NET WT 40 LBS, Manufactured By: Newly Weds Foods, Inc., Chicago, IL 60639",Product may contain undeclared milk.,Voluntary: Firm initiated,20170503,20170726,20190805
F-1282-2016,Terminated,Class II,MA,United States,"Bliss Bros Dairy, Inc.","Newport Creamery Butter Crunch Ice Cream,  3Gal  Product Code:  35108",Product failed to meet air space specifications,Voluntary: Firm initiated,20160317,20160504,20160606
F-0541-2013,Terminated,Class I,NM,United States,"Sunland, Incorporated","Sunland Salted Valencia Peanuts, 50 lb UPC 0-48687-12101-4; 25 lb UPC 0-48687-12102-1; 10 lb UPC 0-48687-12103-8; 5 lb UPC 0-48687-12104-5; 12 oz UPC 0-48687-12210-3; 2 lb UPC 0-48687-12215-8; 2 oz UPC 0-48687-12216-5; 4 oz UPC 0-48687-12217-2.","Sunland, Inc. is conducting a voluntary limited recall of its Almond, Peanut, and Cashew Butter products and Tahini and Roasted Blanched Peanut Products, manufactured between May 1, 2010 and September 24, 2012, because these products may be contaminated with Salmonella.  On October 12, 2012 the firm extended its recall to include Raw and Roasted Shelled and In-Shell Peanuts.",Voluntary: Firm initiated,20121012,20121107,20130214
F-1789-2019,Terminated,Class II,MA,United States,"C & S Wholesale Grocers, Inc.",JELL-O SUGAR FREE BLACK CHERRY GELATIN - 25OZ/8PK UPC: 4300005754,Products were not held at an appropriate temperature due to a mechanical malfunction during transportation.,Voluntary: Firm initiated,20190617,20190731,20190731
F-0852-2013,Terminated,Class I,NY,United States,Golub Corp,CMC Pumpkin Coffee Cake 16 oz  UPC: 041735225726 Price Chopper/Box,CMC Cinnamon Coffee Cake was incorrectly labeled as Pumpkin Coffee Cake and therefore did not list walnuts as an ingredient,Voluntary: Firm initiated,20121021,20130102,20131028
F-1613-2022,Terminated,Class I,CA,United States,"Lyons Magnus, Inc","Lyons Ready Care 2.0  Butter Pecan High Calorie, High Protein,  Nutritional Drink.  32 FL OZ (1 QT)  946mL  UPC 0 45796-10049 7  Item 10049.  12 count case UPC 10045796100494.    Refrigerate after opening.     Lyons Magnus, Fresno, CA  93702.",Findings and potential for Cronobacter sakazakii and Clostridium botulinum.,Voluntary: Firm initiated,20220722,20220907,20240725
F-1068-2019,Terminated,Class I,CA,United States,Ottogi America Inc,"Ottogi Ppushu Ppushu BBQ Flavor  3.17oz x 40ea  Item #21503007  Manufactured by: Ottogi Ramyon Co. Ltd.  Distributed by: Ottogi America, Inc. 1650 W. El Segundo Bl. Gardena, CA 90249",Undeclared allergen; egg.,Voluntary: Firm initiated,20190115,20190306,20190426
F-2536-2016,Terminated,Class I,KS,United States,Rabbit Creek Products Inc.,"The Inebriated Apple Wine Brownie Mix, packaged in a plastic bag which is placed in a cardboard box, net wt. 11oz, UPC 010749040151","Bread, muffin, and brownie mixes may have been manufactured with flour contaminated with E. coli O121",Voluntary: Firm initiated,20160809,20161012,20180110
F-0314-2020,Terminated,Class I,MN,United States,"Russ Davis Wholesale, Inc.","Broccoli Salad Kit V, Large white generic label with Small White label, packaged in a plastic bag.  Packaged for foodservice for deli",Products are being recalled because they may have the potential to be contaminated with Listeria monocytogenes,Voluntary: Firm initiated,20191105,20191127,20200611
F-0972-2015,Terminated,Class II,TX,United States,Zilks Foods,Hummus; All-natural ZILKS HATCH GREEN CHILI  HUMMUS GLUTEN FREE & NON-GMO NET WT. 8 OZ,Potential undeclared peanuts in cumin ingredient.,Voluntary: Firm initiated,20150101,20150211,20150724
F-0867-2016,Terminated,Class III,TX,United States,"C. H. Guenther & Son, Inc.dba Morrison Milling",Pioneer Sweet Corn Muffin Mix NET WT. 5 LBS 2.27 kg,May contain small metal fragments from wire mesh sifter.,Voluntary: Firm initiated,20151207,20160420,20160802
F-2516-2015,Terminated,Class I,TX,United States,"Blue Bell Creameries, L.P.",Blue Bell Ice Cream Buttered Pecan Still a 1/2 Gal (2 QTS),Five patients who were treated in a single hospital in Kansas were infected with one of four rare strains of Listeria monocytogenes.,Voluntary: Firm initiated,20150313,20150701,20161103
F-2044-2016,Terminated,Class I,OH,United States,Superior Dairy Inc,Mint Chocolate Chip Devils Food Rollcake -8939-Baskin Robbins.Cakes are sealed in plastic and packed in a labeled cardboard box. Roll cake is packed 8 per case. Product is frozen.  Label has Baskin Robbins,Undeclared walnuts in bakery cakes utilized in ice cream cakes,Voluntary: Firm initiated,20160803,20160928,20170707
H-0553-2025,Terminated,Class II,FL,United States,"TAMPA MAID FOODS, LLC","Clean-tail Coconut Farm Raise Breaded Butterfly Shrimp Clean Tail (21/25 CT per pound) in bulk packaging, corrugated master cartons. Master carton case (4 x 3lb), KEEP FROZEN. Product of Indonesia, Item# 1SH0468709H",Product may be contaminated with Cesium-137 (Cs-137),Voluntary: Firm initiated,20250816,20250910,20260121
H-0241-2026,Terminated,Class II,KY,United States,Hale inc,"Lotsa Pasta International Food Shop Fresh Basil Infused Olive Oil, Net Wt. 12 oz. (375ml), packaged in a glass bottle, UPC 736211448316, packed 12 bottles per case",Potential to be contaminated with Clostridium botulinum. Products manufactured without an approved process filed.,Voluntary: Firm initiated,20250909,20251210,20260507
F-1949-2017,Ongoing,Class I,FL,United States,"Greater Miami Caterers, Inc.","Pan Pita with soynut butter spread on top, 4"" pita. Manufactured by Greater Miami Caterers 4001 NW 31 Ave.,",Possible contamination with E. coli O157,Voluntary: Firm initiated,20170309,20170426,
F-0796-2023,Terminated,Class II,MN,United States,"Cargill, Inc         Corporate Headquarters","PROSANTE SOYFLR 3038P FLK 50LB BG, PROSANTE TSOYFLR 3038P FLK 50LB BG/18P, paper bags",Products with a gluten free claim may contain gluten levels above 20 ppm.,Voluntary: Firm initiated,20230330,20230510,20230608
F-0683-2021,Terminated,Class II,NJ,United States,Clio LLC,"Clio Berry Acai flavored Less Sugar Yogurt Bar in a Chocolate Coating 45g x 10 Clio Retail 10-pack, UPC: 854021008244",Possible metal fragments in Yogurt Bars,Voluntary: Firm initiated,20210515,20210630,20220414
F-1236-2017,Terminated,Class II,CA,United States,Williams-Sonoma,"Williams-Sonoma Meyer Lemon Poppy Quick bread mix, NET WT. 1 LB. 2 OZ (509 g)",Williams Sonoma was notified by their contract manufacturer that high heat non fat dry milk powder that is now under recall for Salmonella was used in production of one of their quick bread mixes.,Voluntary: Firm initiated,20161213,20170118,20170124
F-2094-2014,Terminated,Class II,KY,United States,"Koogee-Queen Anne, LLC","Cake Batter Up Ice Cream, Manufactured by: Koogee-Queen Anne, LLC, d/b/a The Comfy Cow 2221 Frankfort Ave, Louisville, KY 40206.","During an FDA inspection the firm was notified that their bulk product lacked labels. Due to the lack of ingredient statement, the firm failed to declare direct allergens for the products. The products also lacked the declaration that they are packaged in a facility that processes peanuts, tree nuts, wheat, milk and eggs.",Voluntary: Firm initiated,20140410,20140716,20140902
F-0732-2017,Terminated,Class II,FL,United States,"Publix Super Markets, Inc.","Publix Danish Apple Coffee Cake Strip, 15 oz.  UPC 002-19562-00000",Presence of small metal shavings,Voluntary: Firm initiated,20160908,20161221,20170414
F-1443-2015,Terminated,Class II,KY,United States,Chris A Papas & Son Co,Milk Opera Cream,During an FDA Investigation the firm was notified that their labels lack the declaration of soy and Yellow #5 which are known allergens.,Voluntary: Firm initiated,20150122,20150325,20150921
H-0458-2025,Ongoing,Class II,CA,United States,"Tropicale Foods, LLC",La Michoacana Coconut Con Crema Single Serve Paleta 3.75oz UPC: 7-67778-00001-3,Product label includes the ingredient CREAM but does not include Milk as the source.,Voluntary: Firm initiated,20250725,20250820,
F-1587-2015,Terminated,Class II,NY,United States,Aloha,"ALOHA VANILLA PREMIUM PROTEIN is a powder and product is packed as the following: 1) Tin: UPC 641061842606, 2) Pouch: UPC 641061842644 and 3) Protein Tower 14 pack: UPC 640864820729.  Formulated, Quality Tested & Exclusively Sold by ALOHA, Inc. NY, NY 10011 +1 888.444.3898",Aloha has recalled protein powder dietary supplements due to the presence of Staphylococcus enterotoxin,Voluntary: Firm initiated,20150129,20150401,20170503
F-0828-2024,Terminated,Class II,OH,United States,Greco Sidari,SAPUTO STELLA ASGO HLF MLD 11LB  SUPC/ITEM # 19009,The food was not held at an appropriate temperature.  The holding temperature could affect spoilage and potentially support pathogen growth.,Voluntary: Firm initiated,20240111,20240214,20240905
F-2400-2015,Terminated,Class II,PA,United States,Reaction Nutrition LLC,"REACTION RECOR: Pre Action- 336g Glacier Blue, Distributed by Reaction Nutrition, Carnegie, PA",Work out support nutritional supplements manufactured on shared equipment may contain unknown amounts of whey protein and soy.,Voluntary: Firm initiated,20150415,20150617,20181121
F-1337-2017,Terminated,Class II,MA,United States,Victory General Foods Inc,"ELDER PAINTSIL'S GA KENKEY, NET WT. 1.20, UPC: 6 61799 58166 0, MANUFACTURED BY  VICTORY GENERAL FOODS IN WORCESTER, MA 01603",Product manufactured under insanitary conditions and firm did not follow the Food Code-mandated scheduled process,Voluntary: Firm initiated,20160826,20170201,20170124
F-0279-2020,Terminated,Class I,CA,United States,"Mann Packing Company, Inc.",Mann's Rainbow Slaw  6 x 12 oz. UPC: 716519013089 - Canada - Mann  6 x 12 oz. UPC:  716519013089 - SS   Same UPC.  Two films: one for Canada and one for US.      Rainbow Salad 6/12 OZ GE   UPC: 3003492350,CFIA notified FDA of positive result for Listeria monocytogenes with various best by dates of Sweet Kale Salad Blend.,Voluntary: Firm initiated,20191103,20191127,20230406
F-0661-2015,Terminated,Class II,TX,United States,Whole Foods Market,"Whole Foods Market Balsamic Chicken Breast & Peaches, UPC/PLU 20254100000",The product has the potential to be contaminated with Listeria monocytogenes.,Voluntary: Firm initiated,20140723,20141217,20150519
F-3581-2017,Terminated,Class I,TX,United States,"Country Fresh Products, LLC","Vegetable Kabob, 23-oz. packaged in an overwrap; Kabob Sensations Veggie Kabob, 15-oz. packaged in am overwrap; Marketside Veggie Kabobs, 23-oz. packaged in an overwrap",Potential contamination with Listeria monocytogenes.,Voluntary: Firm initiated,20170902,20171004,20171213
F-0686-2023,Terminated,Class I,DE,United States,THE ISH COMPANY,"ISH Shrimpish Sample Meal Kit: ( Sample Meal Kit ) a package containing two ISH Foods plant-based Shrimpish products and several additional meal components.  Each kit is shipped frozen, using styrofoam and dry ice. Affected components: ¿	Broth   Plastic jar with lid ¿	XO Sauce   Plastic Jar with lid ¿	Rice Mushroom Grits   sealed plastic bag ¿	Breaded Shrimpish Sauce (previously referred to as Mississippi Comeback Sauce)   Plastic Jar with Lid",undeclared soy proteins,Voluntary: Firm initiated,20230109,20230405,20230502
F-0729-2017,Terminated,Class I,IL,United States,Woodland Foods,"Product is packaged into a plastic bag and placed into cardboard box. Product is labeled as ""N34D SALT-FREE ROASTED SUNFLOWER SEEDS"".",Sunflower seeds purchased from SunOpta that are potentially contaminated with Listeria.,Voluntary: Firm initiated,20160519,20161228,20181031
F-0531-2020,Terminated,Class II,NY,United States,"Wegmans Food Markets, Inc.","Signature Crab Cake, Signature Crab Cake (2 pk), and Signature Crab Cake (4pk); Wegmans Ready to Cook Signature Crab Cake; Oven ready tray; various sizes, keep Refrigerated or Frozen",Products contain undeclared soy.,Voluntary: Firm initiated,20200109,20200122,20200227
F-0232-2025,Completed,Class II,GA,United States,DYMA BRANDS,"Sysco Classic Lemonade Drink Mix Natural Flavor, NET WT. 24OZ (1 LB 8 OZ) 690g, UPC 0 74865 09325 5, Case UPC 10074865093252, DISTRIBUTED BY SYSCO CORPORATION, HOUSTON, TEXAS 77077ON, HOUSTON, TEXAS 77077","After an investigation, the firm discovered that a sifter used in the production of the Dextrose for each product was damaged and introduced metal fragments in the products.",Voluntary: Firm initiated,20241002,20241211,
F-1844-2019,Terminated,Class II,MA,United States,"C & S Wholesale Grocers, Inc.",READY PAC FOODS BISTRO SANTA FE STYLE SALAD BOWL - 6.25OZ UPC:7774529188,Products were not held at an appropriate temperature due to a mechanical malfunction during transportation.,Voluntary: Firm initiated,20190617,20190731,20190731
F1843-2014,Terminated,Class II,TX,United States,"Creative Foodworks, Inc","STAGECOACH SALSA CLASSIC SAN ANTONIO SALSAS MISS MICHELE'S PEACH SALSA Net Wt. 16 oz. (454g) Manufactured Exclusively for: Stagecoach Salsa Company 25011 Saddle Trail San Antonio, Texas 78255",Product may contain undeclared peanuts.,Voluntary: Firm initiated,20150202,20150408,20150821
F-1963-2012,Terminated,Class II,AR,United States,Flywheel's Pies,"Pineapple Pies    Case Label (side 1)  24 COUNT FRAGILE FLYWHEEL'S PIES PRESCOTT, AR Ingredients:  Cocoa, Coconut, Sugar, Butter, Vanilla, Cornstarch, Eggs    Case Label (side 2) 24 COUNT FRAGILE FLYWHEEL'S PIES PRESCOTT, AR Ingredients:  Fruit, Sugar, Butter, Almond, Salt    Pie Label:  Pineapple",Undeclared partially hydrogenated soybean oil and wheat.,Voluntary: Firm initiated,20120716,20120829,20151008
F-0583-2025,Completed,Class II,TX,United States,Rajbhog Distributors TX Inc.,"Rajbhog Sweets Jelebi Jaggery, 9.5 oz packages and sold by weight from bulk trays.",Undeclared milk,Voluntary: Firm initiated,20241220,20250305,
F-1134-2016,Terminated,Class III,IA,United States,Iowa Select Herbs LLC,"Iowa Select Herbs LLC, Acerola Berry (Malpighia), www.iowaselectherbs.com, 4 fl. Oz. (120 ml), Cedar Rapids, IA 52402","Pursuant to a consent decree for injunctive relief the recalling firm was ordered to recall all products because they are misbranded, unapproved new drugs and adulterated dietary supplements.",FDA Mandated,20150911,20160511,20170227
F-2510-2014,Terminated,Class II,NV,United States,"Supreme Distributors, Inc.","Supreme Choice brand Jumbo Lump, 16 oz;  Premium Pasteurized Crab Meat.  Product of Thailand.  Distributed by Supreme  Lobster and Seafood Company, Villa Park, IL 60181",Potential hazard of Clostridium botulinum toxin formation as a result of temperature abuse during storage.,Voluntary: Firm initiated,20140830,20141001,20150401
F-0871-2024,Terminated,Class II,NY,United States,DANONE US LLC,Dannon Plain Yogurt packaged in 32oz plastic carton with lid - 6 cartons per case,Potential contamination with sanitizer,Voluntary: Firm initiated,20240201,20240221,20240311
F-0322-2021,Terminated,Class I,FL,United States,Barbara's Orchard/Delicae Gourmet,"Thai Peanut Sauce, 12 fl. oz. (355ml),   UPC code #643558406919",Undeclared allergen: Shrimp,Voluntary: Firm initiated,20210205,20210303,20210720
F-1412-2014,Terminated,Class II,TX,United States,Fischer & Wieser Specialty Foods,"Harry & David; WILD 'N SPICY; JALAPENO TOMATO CHEESE DIP; NET WT 1 lb.; (453g);Medium;  in glass jars; MADE FOR HARRY AND DAVID, MEDFORD, OR, HARRYANDDAVID.COM; 800-547-3033",Undeclared Wheat due to a supplier's inadvertent use of a wheat product instead of whey in preparing the cheese premix for the recalling firm.,Voluntary: Firm initiated,20140219,20140618,20150204
H-0109-2026,Terminated,Class II,MN,United States,SNO PAC FOODS INC,"Frozen Organic Spinach Net Wt. 10 oz (283.5g) poly bags packaged under the following brands:   1.  Sno Pac Frozen Vegetables, UPC 0 24284-96910 5.  Keep Frozen.    Packed and Distributed by:  Sno Pac Foods, Inc., 521 West Enterprise, Caladonia, MN  55921.   2.  ***This product did not make it to retail.***  maika'i, UPC 6 18551-60436 5.  Keep Frozen.  Distributed by:  Foodland Super Market, Ltd. Honolulu, HI  96816.",Organic Spinach has the potential to be contaminated with Listeria monocytogenes.,Voluntary: Firm initiated,20251006,20251029,20260123
F-1667-2015,Terminated,Class II,CA,United States,Health One Pharmaceuticals Inc,Fish Collagen,Health One Pharmaceuticals is recalling dietary supplements due to significant violations of the cGMP regulations for dietary supplements.,Voluntary: Firm initiated,20150204,20150408,20150331
F-2639-2015,Terminated,Class I,TX,United States,"Blue Bell Creameries, L.P.",Blue Bell Ice Cream Mango 3 Gallon,Five patients who were treated in a single hospital in Kansas were infected with one of four rare strains of Listeria monocytogenes.,Voluntary: Firm initiated,20150313,20150701,20161103
F-0769-2025,Terminated,Class I,PA,United States,Knockroe Inc,"Bonya Raspberry Yogurt Parfait, 8oz, Plastic cups with plastic inserts for granola, 6 units per case for distributors, 12 units per case for all other customers, Always Refrigerate .",Undeclared Almonds,Voluntary: Firm initiated,20250329,20250521,20260729
F-2190-2015,Terminated,Class II,FL,United States,"Sazon, Inc.",Sazon without Annatto,Cumin used was contaminated with peanut protein.,Voluntary: Firm initiated,20150126,20150513,20170124
F-0489-2015,Terminated,Class I,ME,United States,"Maine Natural Health, Inc.","Hunger and Weight Vanilla  Dietary Supplement Packaged under the labels Stronger Faster Healthier Whey: 2 lb (32 oz),  and 10 oz sizes",Protein supplement fails to declare allergen: milk,Voluntary: Firm initiated,20120921,20141119,20150302
F-2084-2015,Terminated,Class I,VA,United States,"Sabra Dipping Company, LLC","Sabra Classic Hummus without Garnish 32oz  UPC 040822342049 / 301216   Sabra Dipping Co. LLC, White Plains, NY",Michigan Dept. of Agriculture collected a sample of Sabra Hummus that came up positive for L. Monocytogenes.  Baltimore District is  working with VDACS to investigate.,Voluntary: Firm initiated,20150407,20150506,20150826
H-0574-2025,Terminated,Class I,NJ,United States,CHETAK NEW YORK LLC,Deep Sprouted Mat 16 oz.,Product tested positive Salmonella .,Voluntary: Firm initiated,20250628,20250903,20251028
F-1899-2012,Terminated,Class I,CA,United States,GH Foods CA LLC,"Garden Highway Chef Essentials Celery, Onions, diced: 5 oz   Manufactured by GH Foods CA LLC,  Rancho Cordova, CA.",GH Foods CA received notification from Gills onions of a recall of onions due to Listeria Monocytogenes. GH Foods used the recalled onions in numerous product.,Voluntary: Firm initiated,20120726,20120815,20130131
F-0797-2015,Terminated,Class III,NJ,United States,Baroody Imports Inc.,"Baroody Pickled Labneh with Pepper, Net Wt. 20 oz., (1 lb. 4 oz.), 575-g, in sealed glass jar, UPC 642036010549",Product contains undeclared sorbic acid and undeclared sulfites (preservative),Voluntary: Firm initiated,20141104,20150128,20160418
F-0268-2024,Terminated,Class I,MD,United States,"FRESH IDEATION FOOD GROUP, LLC dba Fresh Creative Cuisine","Dietz & Watson, Turkey & Swiss Half Sub. Single Serving, Keep refrigerated","On 02/03/2023, FRESH IDEATION FOOD GROUP, LLC dba Fresh Creative Cuisine of Baltimore, MD is  initiating a recall of  various products sold from January 24, 2023 through January 30, 2023 because the products have the potential to be contaminated with Listeria monocytogenes .",Voluntary: Firm initiated,20230203,20230322,20231017
F-0100-2022,Terminated,Class II,IA,United States,Picket Fence Creamery L.L.C.,"Picket Fence Creamery, Woodward, IA, Mocha! ice cream, in Quarts, Pints, and 1/2 Pints",Undeclared soy lecithin.,Voluntary: Firm initiated,20210915,20211110,20211118
F-0228-2017,Terminated,Class III,OH,United States,National Foods Packaging Inc,National Foods Packaging Low Sodium Chicken Base in 50 lb white poly-lined paper bags,Product contains a spice which was tested and found to contain elevated levels of lead.,Voluntary: Firm initiated,20160916,20161026,20190625
F-0597-2019,Terminated,Class I,FL,United States,Working Cow Homemade Inc.,"JY Gator Tracks Ice Cream, 3 gallons",Products may be contaminated with  Listeria monocytogenes.,Voluntary: Firm initiated,20180928,20181121,20190426
H-1166-2026,Ongoing,Class I,NJ,United States,"D'Dioses Fruit Pops, Inc.","Ice Pop, D'Dioses Nuez, 1 Bar (81.7 g), with UPC 827912008548","May contain undeclared milk, pecans, pistachios, yellow #5 and red #40.",Voluntary: Firm initiated,20260504,20260722,
F-2359-2015,Terminated,Class II,CA,United States,Amys Kitchen Inc,"Amy's Gluten Free Tofu Scramble Breakfast Wraps, 5.5 oz 156 g) 12 boxes per case.  UPC: 0-42272-00807-0, US distribution only;  UPC : 0-42272-90807-3 - Canadian distribution    Amy Kitchen, Petaluma, CA",Notified by supplier of spinach that product showing the presence of Listeria Monocytogenes was erroneously shipped and used in further manufacturing of products.,Voluntary: Firm initiated,20150322,20150610,20150805
F-1744-2014,Terminated,Class I,NJ,United States,Net Food Import and Export llc.,"Net Food Turkey Dried Apricots Net Weight 16.1 oz (454 g) Thunderbolt Export & Imports 743 Fairview Avenue. Suit :2 Arcadia, CA 91007 USA  UPC 8697445250019",NYSDAM Analysis has revealed the presence of undeclared sulfites in Dried Apricots.,Voluntary: Firm initiated,20140224,20140409,20151016
F-1478-2013,Terminated,Class II,MI,United States,"Chemi- Source Inc, Nutra Pak","All Natural Whey - Natural Flavor 1.89 LBS: Whey Protein Concentrate and Isolate, Casein/Caseinate, Nitrozyme    UPC 6-09492 72000-9 :","Source of whey ingredient not listed as milk, an allergen.  Consumers who have an allergy or severe sensitivity to milk run the risk of a serious or life-threatening allergic reaction if they consume these products.",Voluntary: Firm initiated,20130402,20130612,20140415
F-2337-2016,Terminated,Class I,GA,United States,Flowers Foods,"Cobblestone Bread Co. Wheat English Muffins, 12 oz. (6 count)plastic bag (340g)  UPC: 0 72250 01316 1",Product contains undeclared milk,Voluntary: Firm initiated,20160330,20160928,20160916
F-0771-2014,Terminated,Class II,MO,United States,National Enzyme Co,"Bulk 9896 BIOMEDICALRESEARCH DIGE capsules, packaged in poly bags in corrugated boxes (for domestic distribution) or fiber drums (for international distribution) (SKU 92115).",Firm is recalling dietary supplements containing a raw material which may contain >0.3 ppb chloramphenicol,Voluntary: Firm initiated,20131030,20131225,20150303
F-1075-2013,Terminated,Class II,ND,United States,"Dakota Specialty Milling, Inc","10021 RM Honey Oat Bran Mixture - Hong Kong / Thailand (oats, oat bran, oat flour),   Roman Meal Company, Tacoma, Washington,  Net WT 20 KILOS.",Some flour and flour blends produced at Dakota Specialty Milling have the potential to be contaminated with pliable metal wire mesh fragments from a defective flour sifter.,Voluntary: Firm initiated,20130214,20130320,20140110
F-3165-2017,Terminated,Class II,IL,United States,Newly Weds Foods Inc,"B27478,  BATTER MIX X2, NET WT 50 LBS, Manufactured By: Newly Weds Foods, Inc., Chicago, IL 60639",Product may contain undeclared milk.,Voluntary: Firm initiated,20170503,20170726,20190805
F-0274-2023,Terminated,Class II,IN,United States,Klosterman Baking Company,Breads: Garlic product	8013	Clear Bag		Rolls	140	1.5 oz.	3 Garlic product	8014	Clear Bag		Breadsticks	110	1.5 oz.	23,Products held under insanitary conditions,Voluntary: Firm initiated,20221218,20230125,20230124
H-0526-2025,Terminated,Class II,CA,United States,Gelsons,Gelson's Hummus; Red Bell Pepper Old World Family Recipe California-Made No Added Oils NET WT 8OZ (226g) UPC: 23631-10262,"Gelson branded Hummus product labels do not include storage instructions ""keep refrigerated""",Voluntary: Firm initiated,20250725,20250903,20250930
F-0021-2021,Terminated,Class II,UT,United States,"Lucky Spoon Bakery, LLC","Lucky Spoon Bakery Gluten Free Chocolate Cupcakes with Vanilla Buttercream Frosting, 8.0 oz. plastic clam shell containing 4 cupcakes, UPC 8-50489-00310-4, P.O. Box 2954 Salt Lake City, UT 84110. 12 packages/case.",Products are labeled gluten-free. A batch of flour from the raw material supplier tested positive for gluten so the firm immediately initiated a recall of the affected products.,Voluntary: Firm initiated,20200826,20201021,20210302
F-1866-2012,Terminated,Class I,MA,United States,"Ken's Foods, Inc.",Lee's Cole Slaw Dressing 40oz pouches  Product Code: FQ2103,Products manufactured with Gills Onions recalled due to potential for Listeria monocytogenes,Voluntary: Firm initiated,20120726,20120815,20160322
F-0293-2017,Terminated,Class II,VT,United States,Koffee Kup Bakery Inc.,Big Y Plain Grinders- Enriched wheat  and Enriched White packaged 15 oz,Baked bread products may contain foreign material-plastic pieces,Voluntary: Firm initiated,20160917,20161116,20161207
F-0118-2021,Terminated,Class II,OH,United States,"Rosebud's Ranch and Garden, LLC",Rosebud's brand Elderberry Syrup Kit in a 3 oz. clear stand-up pouch (GS1 Code 852782007834).,Potential salmonella contamination in elderberries.,Voluntary: Firm initiated,20201106,20201125,20230314
F-1254-2018,Terminated,Class II,MN,United States,Target Corporation,Simply Balanced Quinoa Spinach Red Pepper Onion Chickpeas 10oz;    UPC: 85239058107    Target item number: 270-0-581,Shipping container from CA to HI was not held at proper temperature which could cause food items to be contaminated with spoilage organisms or pathogens,Voluntary: Firm initiated,20180327,20180509,20180503
F-1597-2023,Terminated,Class II,NM,United States,"Vitality Works, Inc","100 vegetarian  Fenugreek Capsules 90 count, 600mg, packaged in 150cc Amber Glass Packer  with White Polypropylene Cap.",Foreign material: pieces of a pen (writing utensil).,Voluntary: Firm initiated,20230822,20231004,20231113
F-1446-2016,Terminated,Class II,GA,United States,CSM Bakery Products NA,"¿ Sheet Unbaked Message Cookie, 20/20 oz. Unbaked Chocolate Chip Cookies, Net Weight 25 lbs/11.34 kg.",Undeclared allergen; Peanut protein.,Voluntary: Firm initiated,20160419,20160622,20170717
F-2280-2015,Terminated,Class II,NJ,United States,"Gourmet Kitchen, Inc.","Lobster & Shrimp Spring Rolls      Products are placed on plastic trays, shrink wrapped, placed in boxes, labelled, & shrink wrapped.",Products may contain peanut protein.,Voluntary: Firm initiated,20150315,20150520,20160412
F-0765-2018,Terminated,Class I,PR,United States,"Productos Pacheco, Inc.",Pound Cake NET WT 4OZ and 12OZ.,"Undeclared allergens: wheat, soy, and milk.",Voluntary: Firm initiated,20180102,20180214,20190919
F-0852-2015,Terminated,Class I,NC,United States,"SunBurst Foods, Inc.","Sausage, Egg & Cheese Croissant, Net Wt. 5.00 oz., UPC 7-01248-00523-8, MFG Code 623",Listeria monocytogenes,Voluntary: Firm initiated,20141010,20150204,20150618
F-0187-2016,Terminated,Class II,PA,United States,Herrs Foods Inc,Herr's Sour Cream & Onion Flavored Potato Chips,Herr Foods Inc. has initiated a voluntary recall of certain bags of its 1.875 oz. Sour Cream and Onion flavored Potato Chips due to a packaging error that incorrectly states that the product is gluten free.     While the back panel of the package complies with U.S. Food & Drug Administration (FDA) label regulations by listing Wheat in the ingredient statement as well as Contains Wheat in its,Voluntary: Firm initiated,20151027,20151125,20161201
F-3550-2017,Terminated,Class II,MD,United States,Kilby Cream,"Kilby Cream Ice Cream Various Flavors: Strawberry Cheesecake    Size: 2.5 Gal , 7 oz.",According to the firm a process deviation and proper temperatures were not reached during ice cream production and mix storage.,Voluntary: Firm initiated,20170804,20170927,20180103
F-1463-2018,Terminated,Class I,UT,United States,Badger Botanicals LLC,"Acadica Kratom:  Green Suma, 250g bags","Recalling Red Suma, Green Suma, Red Hulu 2, Green Hulu 2 Kratom products due to potential salmonella.",Voluntary: Firm initiated,20180502,20180516,20220419
F-1356-2018,Terminated,Class II,MN,United States,Target Corporation,CW ULTIMATE SOUTHWEST VEG 14OZ    UPC: 70332002881    Target item number: 270-0-4,Shipping container from CA to HI was not held at proper temperature which could cause food items to be contaminated with spoilage organisms or pathogens,Voluntary: Firm initiated,20180327,20180509,20180503
F-3299-2017,Terminated,Class II,IL,United States,Newly Weds Foods Inc,"B86036, BATTER MX X1*, NET WT 50 LBS, Manufactured By: Newly Weds Foods, Inc., Chicago, IL 60639",Product may contain undeclared milk.,Voluntary: Firm initiated,20170503,20170726,20190805
F-0580-2023,Terminated,Class III,NJ,United States,TWO RIVERS COFFEE LLC,"Cold Stone Creamery Hot Cocoa Peanut Butter Cup Perfection packaged in single serve pods.   Pods are packaged in the following Two Rivers Variety Pack boxes: -Two Rivers Coffee Hot Cocoa Pods, Single Serve Variety Sampler Pack , 40 Count UPC: 810683022554 -Two Rivers Coffee Hot Cocoa Pods Variety Sampler, 52 Count UPC:850027429601 -Two Rivers Coffee Hot Cocoa Pods Variety Sampler, 52 Count	UPC: 810683027030 -Two Rivers Coffee Coffee, Tea, Cocoa, Cider, Cappuccino Bit Of Everything Variety Sampler Pack, 40 count UPC: 810683022608 -Two Rivers Coffee Coffee, Tea, Cocoa, Cider, Cappuccino Bit Of Everything Variety Sampler Pack, 100 count UPC: 810683027009 -Two Rivers Coffee Coffee & Hot Cocoa Chocoholics, 40 Count UPC: 810683025197 -Two Rivers Coffee Hot Chocolate Variety, Gift Box, 12 Count UPC: 810683026989 -Two Rivers Coffee Best of The Best Pods Variety Sampler Assorted Cocoa, 40 Count UPC: 810683029744",Coffee pods may contain undeclared peanut residue,Voluntary: Firm initiated,20230131,20230322,20230816
F-3101-2017,Terminated,Class II,IL,United States,Newly Weds Foods Inc,"A85729, BATTER MX X1@, NET WT 1900 LBS, Manufactured By: Newly Weds Foods, Inc., Chicago, IL 60639",Product may contain undeclared milk.,Voluntary: Firm initiated,20170503,20170726,20190805
F-1620-2024,Terminated,Class III,OR,United States,Urban River Spirits,Lemon Drop Mixer is a non-alcoholic cocktail mixer.  Product is packaged in glass 750ml bottle and sold under brand Urban River Spirits. Label has listed instructions as Shake Well Refrigerated After Opening.,Firm made non-alcoholic drink mixer in an unlicensed and uninspected facility. The product safety is concerned due to potential under-processing.,Voluntary: Firm initiated,20240701,20240814,20240813
F-2686-2015,Terminated,Class I,TX,United States,"Blue Bell Creameries, L.P.",Blue Bell Ice Cream Purple Homemade Vanilla 3 Gallon,Five patients who were treated in a single hospital in Kansas were infected with one of four rare strains of Listeria monocytogenes.,Voluntary: Firm initiated,20150313,20150701,20161103
F-1402-2023,Terminated,Class II,CA,United States,"California Ranch Food Company, Inc.","Trader Joe's Fully Cooked Falafel Heat & Eat NET WT. 12 OZ (340g) Distributed and Sold Exclusively By: Trader Joe's Monrovia, CA 91016  UPC 0093 9355",Foreign object; rocks.,Voluntary: Firm initiated,20230728,20230823,20250320
F-1220-2018,Terminated,Class II,MN,United States,Target Corporation,2-ct. (9-oz.) Hot Pockets X Four Cheese Pizza    UPC: 43695071092    Target item number: 270-6-190,Shipping container from CA to HI was not held at proper temperature which could cause food items to be contaminated with spoilage organisms or pathogens,Voluntary: Firm initiated,20180327,20180509,20180503
F-2370-2015,Terminated,Class I,IA,United States,Frontier Natural Products Co-op,"Frontier Natural Products Co-Op Organic Mama Garlic packaged in a cardboard canister with paper label Net  Wt. 5 oz (141 g), UPC 0 89836 18506 8.  The responsible name on the package is Frontier Norway, IA.",Product may be contaminated with Salmonella.,Voluntary: Firm initiated,20150316,20150610,20170330
F-1062-2020,Terminated,Class II,FL,United States,Fresh Express Incorporated,"Fresh Express Chopped Kit Thai 'N' Cashews 11.7 oz, UPC 071279309248, (Canada UPC) 0 71279 30925 5, Green and red cabbage, green leaf lettuce, carrots & green onions","Ready to Eat salad products containing iceberg lettuce, red cabbage and/or carrot ingredients are recalled due to a possible health risk from Cyclospora.",Voluntary: Firm initiated,20200619,20200722,20201216
F-2473-2014,Terminated,Class II,OH,United States,Jenis Splendid Ice Creams LLC,Savannah Buttermint- possible pints/possible half gallon.  Flavor of frozen dessert on the immediate package.  No ingredients listed.,Frozen desserts do not include ingredients on the labeling.,Voluntary: Firm initiated,20080707,20140924,20141106
F1734-2016,Terminated,Class II,MI,United States,Kellogg Company,"Keebler Graham Crumbs, 160 oz. , 400 oz.",Kellogg Company initiated a voluntary recall of multiple snack food items because of the potential for undeclared allergen peanut due to a supplier's recall of flour.,Voluntary: Firm initiated,20160613,20160727,20170213
F-0767-2014,Terminated,Class II,MO,United States,National Enzyme Co,"Bulk 9730 BIOSANLABS GLUTENEZYME capsules, packaged in poly bags in corrugated boxes (for domestic distribution) or fiber drums (for international distribution) (SKU 92103).",Firm is recalling dietary supplements containing a raw material which may contain >0.3 ppb chloramphenicol,Voluntary: Firm initiated,20131030,20131225,20150303
F-2171-2012,Terminated,Class I,WI,United States,"Garden-Fresh Foods, Inc.","Acme Creamed Cabbage, Net Wt. 16 oz., UPC 0 11596 14025 1","Recalled salads, slaw, salsa, bean and dips contained onions that were recalled by Gills Onions due to potential Listeria monocytogenes contamination.",Voluntary: Firm initiated,20120727,20120919,20121115
F-2656-2017,Terminated,Class II,NH,United States,High Liner Foods Inc.,"Southern Home 12/24oz Breaded Minced Fish Sticks,  Item Number: B1133",Product may contain undeclared milk.,Voluntary: Firm initiated,20170609,20170823,20171214
F-0983-2015,Terminated,Class I,WA,United States,"Husky Ice Cream,Inc","Blackberry Cheesecake ice cream is packed in 2.5 gallon bulk, 1.5 gallon bulk, or half gallon retail size tubs.  Retail size ice cream flavor is labeled in part, ""***Husky Ice Cream, Inc. 4721 California Ave SW Seattle, WA 98116  HUSKY ""Cream of the Town"" HALF GALLON ICE CREAM www.huskydeli.com INGREDIENTS: CREAM, MILK, SKIM MILK POWDER, SUGAR, CORN SYRUP SOLIDS, CAROB BEAN GUM, GUAR GUM, SOY LECITHIN, CARRAGEENAN"".     No UPC code.","Blackberry Cheesecake Husky ice cream is being recalled due to the potential to be contaminated with Listeria monocytogenes. This product contains an ice cream mix ingredient manufactured and recalled by Snoqualmie Gourmet Ice Cream, Inc.",Voluntary: Firm initiated,20141224,20150211,20150323
F-0651-2019,Terminated,Class I,PA,United States,Bazzini LLC,BAZZINI S ROASTED & SALTED IN-SHELL SUPER COLOSSAL PISTACHIOS 25 LB BULK BOX   UPC #0 75062 30700 8,The product tested positive for Salmonella.,Voluntary: Firm initiated,20181006,20181128,20220315
F-3075-2017,Terminated,Class II,IL,United States,Newly Weds Foods Inc,"A81911, BATTER MX X1*, NET WT 50 LBS, Manufactured By: Newly Weds Foods, Inc., Chicago, IL 60639",Product may contain undeclared milk.,Voluntary: Firm initiated,20170503,20170726,20190805
F-1882-2012,Terminated,Class I,CA,United States,GH Foods CA LLC,"Asian Stir Fry, packaged under the following labels and sizes:  Delish, 8.5 oz.  Albertson's Generic Label, 10 oz,  Chef Essentials - 10 oz.  Raley's, 10 oz.    Manufactured by GH Foods CA LLC,  Rancho Cordova, CA.",GH Foods CA received notification from Gills onions of a recall of onions due to Listeria Monocytogenes. GH Foods used the recalled onions in numerous product.,Voluntary: Firm initiated,20120726,20120815,20130131
F-1595-2014,Terminated,Class I,IN,United States,"Rise'n Roll Bakery, LLC","Rise n Roll Bakery & Deli, Bavarian Creme Donuts, sold individually and  found in 6 count (436 g) UPC Code 6 26570 61744 0  or 12 count (861.83 g) UPC Code 6 26570 617457,    variety donut box identifying all donut varieties     Bavarian Creme Donuts  Enriched wheat flour, soybean oil, dextrose, salt, leaving, soy flour, dry whey, mono and diglycerides with BHT, sodium stearoyl, latylate, guar gum wheat starch, ascorbic acid, corn oil, beta carotene, citric acid, silicon dioxide, alpha tocopherols, tricalcium phosphate, soy shortening (palm oil, soybean oil, vitamin E)     FILLING: High fructose corn syrup, sugar, food starch modified, palm oil, salt, titanium dioxide, agar sorbic acid, sodium benzoate, potassium sorbate, artificial flavor, modified cellulose, propylene glyocol, glycerin, corn starch, dextrose, polysorbate 80 & 60, sorbitan monostearate, sodium citrate, xanthangum, annatto, caramel color, yellow 5, yellow 6.     Contains wheat, soy and milk",Undeclared egg ingredient,Voluntary: Firm initiated,20140115,20140312,20140423
F-0482-2013,Terminated,Class I,NM,United States,"Sunland, Incorporated","Sunland Organic Creamy Valencia Peanut Butter, 16 oz, UPC 048687329700;   500 g, UPC 48687328093.","Sunland, Inc. is conducting a voluntary limited recall of its Almond, Peanut, and Cashew Butter products and Tahini and Roasted Blanched Peanut Products, manufactured between May 1, 2010 and September 24, 2012, because these products may be contaminated with Salmonella.",Voluntary: Firm initiated,20120924,20121031,20141001
F-1984-2014,Terminated,Class II,OR,United States,Royal Rye LLC,KrustaVita¿ Bread of Life brand Sourdough Dark Rye Bread; Net Weight 20 oz (1.25 lb); packed in a clear plastic bag.  UPC: 8 5243000200 6.,Royal Rye LLC is recalling their KrustaVita¿ Bread of Life rye bread due to undeclared soy.,Voluntary: Firm initiated,20140520,20140611,20140602
F-1976-2019,Terminated,Class I,CA,United States,"Wismettac Asian Foods, INC","Shirakiku FISH CAKE GOBO MAKI SK F:  20/ 150G, Net Wt. 5.29 oz.  Keep Frozen, 5 pcs.  UPC 07441092550    Distributed by Wismettac Asian Foods, Inc. Santa Fe Springs, CA","Fish Cake items contain possible contaminating undeclared egg, milk and shellfish.",Voluntary: Firm initiated,20190711,20190814,20200128
F-0051-2016,Terminated,Class II,PA,United States,"Nutrition Resource Services, Inc.","JBN (Just Be Natural) French Vanilla Cream Whey Superior NET WT. 32.8 oz. (2.05 lb) 930g and NET WT. 98.4 oz. (6.15 lb) 2,790g - DIETARY SUPPLEMENT, packaged in plastic bottles, UPC codes: 655455001685, 655455001777, MANUFACTURED BY NRS -Nutrition Resource Services, Inc. DISTRIBUTED BY JBN -Just Be Natural INGREDIENTS: Whey protein concentrate, Whey protein isolate, Natural Flavor with other Natural Flavors, Soluable Corn Fiber, Cellulose, Xanthan and Carrageenan Gums, Maltodextrin, Salt, Sucralose. ALLERGEN STATEMENT: This product could have been transported, manufactured, or processed in a facility that contains milk, egg, fish, crustacean shellfish, tree nuts, wheat, peanuts and soybeans.","Protein powders and nutritional supplement products made of whey concentrate, whey isolate, casein, and colostrum are not labeled as containing milk",Voluntary: Firm initiated,20150730,20151028,20161205
F-0692-2018,Terminated,Class II,FL,United States,Hom'ade Foods,"Mary B's Butter Taste, 20 Biscuits, Value Pack, NET WT. 44 oz (2LB 12 OZ)1247g; and Mary B's Butter Taste, 30 Biscuits, Family Pack, NET WT. 60 oz (3LB 12 OZ) 1701g",Products have the potential to be contaminated with Listeria monocytogenes.,Voluntary: Firm initiated,20180108,20180207,20190424
F-0527-2021,Terminated,Class II,IL,United States,Newly Weds Foods Inc,"Newly Weds B70858 bread crumbs X1, 40lbs bag",Foreign material,Voluntary: Firm initiated,20210427,20210526,20220209
F-0388-2023,Terminated,Class III,NJ,United States,Corim International Coffee Inc.,"Smart Sips, 24 ct single serve coffee pods (12.7 oz carton)","Corim Industries, 1112 Industrial Parkway, Brick, NJ 08724 is initiating a recall of Agglomerated Peanut Butter Hot Chocolate, Peanut Butter Cappuccino, 500lb sacks; single serve cups (15g), single serve packets (28g) because of undeclared peanut allergen.",Voluntary: Firm initiated,20230113,20230308,20230308
F-2330-2016,Terminated,Class II,OH,United States,"Kanan Enterprises, Inc.","Southern Grove Cashews with Sea Salt, a 10 ounce stand up pouch bag with a UPC 0 38445 12286 5 and the date codes of Best By May 24 2017 KN and August 05 2017 KN",This recall has been initiated due to the possible presence of peanuts.,Voluntary: Firm initiated,20160903,20160928,20161220
F-1807-2024,Terminated,Class II,CO,United States,"American Outdoor Products, Inc.","American Outdoor Products - Astronaut Strawberries, packaged in 0.5oz (14g) metallic plastic pouches. Sold individually or in 6, 12, 40, or 160 count cases. One unit is also included in the Outerspace Survival Dessert Kit. Shelf stable.",Elevated levels of lead,Voluntary: Firm initiated,20240822,20240918,20250117
F-0482-2023,Terminated,Class I,MD,United States,"FRESH IDEATION FOOD GROUP, LLC dba Fresh Creative Cuisine","Naval Academy1845 Coffee, Gourmet Cheese & Fruit Plate, Net Wt. 6 Oz. Single Serving, Keep refrigerated","On 02/03/2023, FRESH IDEATION FOOD GROUP, LLC dba Fresh Creative Cuisine of Baltimore, MD is  initiating a recall of  various products sold from January 24, 2023 through January 30, 2023 because the products have the potential to be contaminated with Listeria monocytogenes .",Voluntary: Firm initiated,20230203,20230322,20231017
F-3398-2017,Terminated,Class II,MO,United States,Shatto Milk Co,"Cookin' Unsalted Butter, packaged in 8 oz plastic tubs. Plant # 29-685 Osborn, MO.",Undeclared allergens: Butter fails to disclose the presence of milk and ice cream sandwiches fail to disclose the presence of wheat.,Voluntary: Firm initiated,20170626,20170830,20180917
F-0759-2025,Terminated,Class II,KS,United States,Emily Kate's Foods,"Emily Kate's Gluten Free Vanilla Cake, Net Wt. 6.4oz, Emily Kate's Foods, Kansas City, KS 66106, UPC 850581007253",Foreign material (foil) found in cake slices,Voluntary: Firm initiated,20250411,20250507,20250605
F-0320-2017,Terminated,Class II,OR,United States,JJBL LLC,"The Stone Ground Peanut Butter Chocolate Bar, Net wt. 2.5 oz. UPC 8 55966 00107 9.",The Stone Ground Peanut Butter Chocolate Bar is recalled due to undeclared soy lecithin.,Voluntary: Firm initiated,20161011,20161109,20161221
F-1898-2017,Terminated,Class I,IN,United States,"Deutsch Kase Haus, LLC",Liquid Whey; Bulk.,Potential Listeria monocytogenes contamination.,Voluntary: Firm initiated,20170205,20170503,20171005
F-1622-2018,Terminated,Class II,WA,United States,Talking Rain Beverage Co Inc,"Sparkling ICE Cherry Limeade Naturally Flavored Sparking Water, packaged in a PET bottles with a plastic cap, Net Wt. 17 ounces (502.8 ml).    UPC code on bottle: 0 16571 95084 2.  UPC on Single Pack Wrapper (1 flavor/12 bottles): 016571953126  UPC on Single Pack Wrapper (1 flavor/24 bottles): NONE    ******************************************************************************************  Sparkling ICE Cherry Limeade is also assembled and sold in Variety Packs with other flavors (those other flavors are not affected by this recall).      The UPCs on those Variety Packs are:    016571953614 (4 flavors/6 bottles of Sparkling ICE Cherry Limeade/24 bottles total).    016571950927 (4 flavors/3 bottles of Sparkling ICE Cherry Limeade/12 bottles total).    016571951283 (3 flavors/6 bottles of Sparkling ICE Cherry Limeade/18 bottles total .    016571950866 (UPC on Pallets of variety packs).","Sparkling ICE Cherry Limeade, 17 oz. bottles, is recalled after the firm received a small number of customer complaints that reported an off-taste and off-odor of the product.",Voluntary: Firm initiated,20180622,20180718,20190708
F-1261-2023,Terminated,Class I,MN,United States,SunOpta Grains and Foods Inc.,"Cherries packaged under the following brands and sizes:   1.  Great Value Dark Sweet Cherries, Pitted.  Net Wt 16 oz (1 lb) 454g, UPC 	0 78742-11209 1.  Keep Frozen.  Distributed by:  Walmart Inc., Bentonville, AR  72716   2.  Good & Gather Dark Sweet Whole Pitted Cherries.  Net Wt 12 oz (340 g), UPC 0 85239-04816 0.  Keep Frozen.  Distributed By  Target Corporation Minneapolis, MN  55403   3.  Best Choice Superior Selections Pitted Red Tart Cherries, unsweetened.  Net Wt 12 oz (340 g), UPC 0 70038-65496 4.  Keep Frozen.  Proudly Distributed By:  Asociated Wholesale Grocers, Inc., Kansas City, Kansas  66106",Fruit products have the potential to be contaminated with Listeria monocytogenes.,Voluntary: Firm initiated,20230616,20230726,20240207
F-2576-2016,Terminated,Class I,KS,United States,Rabbit Creek Products Inc.,"Cinnamon Swirl Quick Bread Mix, packaged in a plastic bag which is placed in a cardboard box, net wt. 16.5oz, UPC 010749008502","Bread, muffin, and brownie mixes may have been manufactured with flour contaminated with E. coli O121",Voluntary: Firm initiated,20160809,20161012,20180110
F-2166-2012,Terminated,Class I,FL,United States,Ron Stockman Whole Foods,"Gills Onions were used in this product.     The Tuna With Sun-Dried Cranberries & Lemon  is sold at the chef's case, self serve counter, or packaged.    Packaged product is labeled as listed below:    ""***WHOLE FOODS MARKET***TUNA WITH SUN-DRIED CRANBERRIES AND LEMON*** TUNA ( TUNA, WATER, VEGETABLE BROTH (CARROTS & PEAS), SALT), ONIONS....***""","Whole Foods Market in Florida recalled certain fresh food items sold in the prepared foods department and one item in the seafood department as they could of been made using raw yellow onions processed by Gill Onions, LLC. Gill Onions, LLC initiated a recall on their product due to possible Listeria monocytogenes contamination.",Voluntary: Firm initiated,20120727,20120919,20120919
F-3376-2017,Terminated,Class I,CA,United States,Laura's Boston Brownies,Bhufit Bar Chocolate Tart Cherry Pistachio;  Vegan Organic Pea Protein  Net Wt. 1.6 oz. (45G),Potential Listeria monocytogenes contamination.,Voluntary: Firm initiated,20170614,20170823,20170908
F-0258-2013,Terminated,Class II,MI,United States,Spartan Central Kitchen,#301 Creamy Redskin Potato Salad	5 pounds,"During an FDA inspection, microbiological swabs were collected and the results found that 21 sub samples in zones 1, 2 & 3 are positive for Listeria Monocytogenes (L.M.), Listeria innocua (L.I.) or Listeria seeligeri (L.S.). The firm is voluntarily recalling all products manufactured from August 20th to September 10th 2012 due to the possible contamination. All lots with sell by dates on or before",Voluntary: Firm initiated,20120910,20121024,20130219
F-0968-2021,Terminated,Class II,WA,United States,"Full Tilt Ice Cream, LLC","Huckleberry Chip, Full Tilt Ice Cream brand, packaged in 3 gallon tubs. No UPC.",The ice cream mix did not meet pasteurization specifications.,Voluntary: Firm initiated,20210729,20210922,20220124
F-1706-2019,Terminated,Class II,MA,United States,"C & S Wholesale Grocers, Inc.","DAISY SQUEEZE SOUR CREAM - 14OZ, UPC: 7342001614",Products were not held at an appropriate temperature due to a mechanical malfunction during transportation.,Voluntary: Firm initiated,20190617,20190731,20190731
F-1301-2024,Terminated,Class II,AR,United States,Rise Baking Company dba South Coast Baking,"Panera Oatmeal Raisin with Berries Cookie, Net Wt. 41.25 lb (18.71kg), 220/3 oz cookie dough pucks/case",Potential Salmonella contamination,Voluntary: Firm initiated,20240502,20240612,20241115
F-0069-2017,Terminated,Class II,MN,United States,Northern Tier Bakery,"Supermoms Kitchen Roast Beef & Cheddar Melt, Net Wt. 3.7 oz (105g).  Keep Refrigerated.  UPC 63913-94236","One lot of Super moms Roast Beef & Cheddar Melt was mislabeled and did not declare monosodium glutamate, yellow 5, and yellow 6.",Voluntary: Firm initiated,20160814,20161019,20190822
H-1016-2026,Terminated,Class II,ID,United States,Albertsons Companies LLC,UPC 21163600000 Ready Meals SALAD WALDORF SS            This is Albertson's store-made item and sold by random weight at point of sale with grocery store's scale label.,Contains statement does not declare Walnut,Voluntary: Firm initiated,20260506,20260610,20260702
F-2113-2016,Terminated,Class II,MO,United States,"Hostess Brands, LLC","Hostess Chocodile Twinkies, chocolate covered sponge cake with creamy filling, packaged in 9-ct multi-packs of individual cakes, net wt. 13.02 oz (396 g), UPC 888109110499; and 6-ct. single serving fun size snack packs, individual pack net wt. 2.89 oz (82 g), UPC 888109010492.  The responsible firm name on the label is Hostess Brands LLC, Kansas City, MO 64141.",Product is manufactured with flour known to contain peanut allergen and is not labeled to contain peanuts.,Voluntary: Firm initiated,20160603,20160921,20171201
F-2019-2016,Terminated,Class I,CA,United States,Hampton Creek Foods,"JUST Devil's Food Cake Mix;   NET WT 20 oz. (1 lb 4 oz) 567 g);   UPC 8 54829 00643 5.     Ingredients: Muffin Mix: Enriched flours, {bleached (wheat flour, niacin, reduced Iron, thiamine mononitrate, riboflavin, folic acid), unbleached (Wheat flour, malted barley flour, niacin, reduced Iron, thiamine Monocitrate, riboflavin, folic acid), Sugar, Palm Oil., Alkalized Cocoa. . Contains less than 2% of Baking Powder )Sodium acid pyrophosphate, sodium bicarbonate, corn starch, monocalcium phosphate) Baking Soda, Citric Acid, Coconut Milk Powder (coconut milk, tapioca syrup), Natural Flavors, Oat Bran, Oat Hull Fiber, Salt, Sodium Aliginate, Sorghum Flour, Soy milk powder, Xanthan Gum.     Blueberry Mix: Blueberries, Water: Crumble Mix: Sugar, Brown Sugar, Maltodextrin, Palm Oil, Enriched flour (wheat flour, malted barley flour, niacin, reduced iron, thiamine monocitrate, riboflavin, folic acid), cinnamon, Salt, Natural Flavors:     Contains: Wheat, Soy, Coconut. Bake at 350 degrees for 24-34 minutes depending on pan size. Distributed by Hampton Creek, Inc., San Francisco, CA 94103.",Firm received a positive test result for Salmonella in Coconut Milk powder which was used in the manufacturing on six cake and muffin mixes.,Voluntary: Firm initiated,20160729,20160907,20161028
F-0389-2019,Terminated,Class II,MI,United States,Request Foods Incorporated,"Kashi, Fire Roasted Quinoa Bowl 9.5oz.  UPC 18627 10769  Frozen  8, 9.5oz. units per case",The firm was notified by their supplier that ingredients used in their products were possibly contaminated with Listeria monocytogenes and Salmonella.,Voluntary: Firm initiated,20181015,20181114,20200520
F-2546-2017,Terminated,Class II,MA,United States,"National Fish & Seafood, Inc.",LIL FISHERMAN PRE COOKED POLLOCK NUGGETS 1 OZ PUFI 1/10 LB,Product may contain undeclared milk.,Voluntary: Firm initiated,20170608,20170719,20180501
F-0753-2014,Terminated,Class II,MO,United States,National Enzyme Co,"Dietary Supplements packaged in the following configurations:   (1) Bulk 6916 Shanghai DigestiveBlend powder, packaged in varying quantities in poly bags within fiber drums (SKU 83274);  (2) Bulk 6916 WEDAR DIGESTIVEBLEND powder, packaged in varying quantities in poly bags within fiber drums (SKU 82426);",Firm is recalling dietary supplements containing a raw material which may contain >0.3 ppb chloramphenicol,Voluntary: Firm initiated,20131030,20131225,20150303
F-0709-2023,Terminated,Class III,TX,United States,TIPPCON LLC,"Perrona Hot Sauce  Original with Chiltepin Peppers 5 fl oz (148ml) UPC 75 03016 55507 4 packaged in a PET bottle, 12 bottles per case",Mold growth on the outside of the bottle,Voluntary: Firm initiated,20230313,20230419,20240325
F-2386-2014,Terminated,Class I,HI,United States,"Florimont, Inc.","Tiny Isle Chocolate Truffles Spicy Lava: Gluten Free, Raw, Vegan; individual 1 oz. candies,    Tiny Isle  5915 Olohena Road, Unit H  Kapaa, HI 96746",Candy was made using carob powder that is currently under recall by the direct supplier due to potential Salmonella contamination.,Voluntary: Firm initiated,20140725,20140903,20141104
F-0984-2023,Terminated,Class I,OR,United States,"Cascade International Foods, Inc","Fresh Organic Freezer Strawberries Mexico with calyx (caps) removed, net wt. 18 lbs., packaged in a T60-800 Polyethylene Homopolymer picking tray. Product is imported and distributed in fresh condition by Cascade International Foods.",Potential contamination with Hepatitis A.,Voluntary: Firm initiated,20230525,20230621,20240103
F-0501-2023,Terminated,Class I,MD,United States,"FRESH IDEATION FOOD GROUP, LLC dba Fresh Creative Cuisine","Bistro To Go, Roast Beef & Horseradish Hoagie, Net Wt. 7 Oz. Single Serving, Keep refrigerated","On 02/03/2023, FRESH IDEATION FOOD GROUP, LLC dba Fresh Creative Cuisine of Baltimore, MD is  initiating a recall of  various products sold from January 24, 2023 through January 30, 2023 because the products have the potential to be contaminated with Listeria monocytogenes .",Voluntary: Firm initiated,20230203,20230322,20231017
F-0653-2023,Terminated,Class II,WA,United States,Lemonland Food Corp,"Seasoned Pickled Radish distributed in un-labeled plastic containers 6oz, 8oz, 12oz, and 16oz.  Containers were then labeled at H-mart, G-mart, or M2M retail store.","Seasoned Pickled Radish was recalled due to undeclared wheat, sesame, and Y5.",Voluntary: Firm initiated,20230223,20230405,20230329
F-3110-2015,Terminated,Class I,OH,United States,Jeni's Splendid Ice Creams LLC,"Gooey Buttercake Ice Cream Bucket, 820, Jeni's Splendid Ice Creams, LLC, 3 gallons, plastic bucket, individually packed, frozen.    Gooey Buttercake Ice Cream Pint Case, 720, Jeni's Splendid Ice Creams, LLC, pint size, plastic container, 8 pints per case, frozen.    Gooey Buttercake Ice Cream Pint, Jeni's Splendid Ice Creams, LLC, pint size, plastic container, individually packed, frozen.",Product may be contaminated with Listeria monocytogenes.,Voluntary: Firm initiated,20150422,20150916,20151106
F-2313-2012,Terminated,Class II,CA,United States,San Francisco Herb & Natural Food Company,"Spearmint Leaf Organic C/S;  Distributed by San Francisco Herb and Natural Food Co.  Fremont, Ca.",CA Department of Public Health inspectors found a pervasive infestation of mice in the facility.,Voluntary: Firm initiated,20120726,20120926,20150220
F-1778-2013,Terminated,Class I,WA,United States,Hagee Foods Inc.,"Vegetable tray 8 oz UPC 7 49404 30002 5;  Ingredients:  Carrot Sticks, Pretzels, Grapes, Creamy Hummus.    Penny's Salsa Inc. Snack Pack w/Hummus Grapes, Carrots and Pretzels 8 oz UPC 07494041923679.    Both of these products contain the same ingredients in the same amount.  Each contains a 1.5 oz package of hummus labeled Made in the Pacific North West.","Vegetable Trays and Snack Pack, 8 oz, are recalled because they contain 1.5 oz cups of hummus.  The hummus is recalled due to a potential contamination with Listeria monocytogenes.",Voluntary: Firm initiated,20130713,20130807,20130930
F-0820-2025,Terminated,Class II,WA,United States,"Frobright Salsary, LLC","Verde Salsa is refrigerated product, packaged in Polypropylene container, net wt. 12.5 oz, UPC 1 18738 03719. San Juan Salsa Co. Arlington, WA  98223, www.sanjuansalsa.com",Salsa products are recalled due to potential contamination with wood particles.,Voluntary: Firm initiated,20250417,20250528,20250528
F-0241-2024,Terminated,Class I,MD,United States,"FRESH IDEATION FOOD GROUP, LLC dba Fresh Creative Cuisine","Orchard Bistro, Turkey & Cheddar Hoagie, Net Wt. 7.3 Oz. Single Serving, Keep refrigerated","On 02/03/2023, FRESH IDEATION FOOD GROUP, LLC dba Fresh Creative Cuisine of Baltimore, MD is  initiating a recall of  various products sold from January 24, 2023 through January 30, 2023 because the products have the potential to be contaminated with Listeria monocytogenes .",Voluntary: Firm initiated,20230203,20230322,20231017
H-0756-2026,Ongoing,Class II,CA,United States,Silver Moon LP dba Loard's Ice Cream,"Banana Ice Cream - 32 oz (4 labels: Mollie Stone's; Dehoff's; Farmer Joe's, Piazza's Fine Foods) UPC: 8-12017-00903",Undeclared Yellow #5,Voluntary: Firm initiated,20260415,20260513,
F-0086-2014,Terminated,Class I,OH,United States,Schwebel Baking Company,"Schwebel's Golden Rich Bun with Honey, 18 oz plastic bag, 12 count, UPC 0 71319 00083 8 Product labeled in part, ""INGREDIENTS: ENRICHED WHEAT FLOUR***CONTAINS: WHEAT, SOY SCHWEBEL BAKING CO. YOUNGSTOWN, OH 44501""",Undeclared eggs.,Voluntary: Firm initiated,20130912,20131106,20140428
F-2199-2019,Terminated,Class I,TX,United States,Pita Pal Foods LP,PitaPal Organic Cilantro Jalapeno Hummus  10 oz. UPC 851570003348 packaged in Plastic tub with clear lid with green rim.,Product has potential to be contaminated with Listeria monocytogenes,Voluntary: Firm initiated,20190715,20190925,20200413
F-1245-2022,Terminated,Class I,,Israel,ELITE CONFECTIONERY LTD,ELITE GRAPE GUM WITH SUGAR	UPC:815871015998	NET WT. 2.32 (66 g),Potential contamination with Salmonella,Voluntary: Firm initiated,20220428,20220615,20221103
F-0250-2024,Terminated,Class I,MD,United States,"FRESH IDEATION FOOD GROUP, LLC dba Fresh Creative Cuisine","Dietz & Watson, Turkey & Cheese Finger Sandwiches, Net Wt. 6.5 Oz. Single Serving, Keep refrigerated","On 02/03/2023, FRESH IDEATION FOOD GROUP, LLC dba Fresh Creative Cuisine of Baltimore, MD is  initiating a recall of  various products sold from January 24, 2023 through January 30, 2023 because the products have the potential to be contaminated with Listeria monocytogenes .",Voluntary: Firm initiated,20230203,20230322,20231017
F-0976-2019,Completed,Class II,NC,United States,Sysco Charlotte,LIGHT COW CHEESE LAUGHING COW BAY BEL¿,"The firm discovered that one of their coolers malfunctioned and the food was not held at an appropriate temperature.  Because the holding temperature could affect food safety, this food could be unsafe for consumption.",Voluntary: Firm initiated,20181101,20190227,
F-1977-2019,Terminated,Class I,CA,United States,"Wismettac Asian Foods, INC","Shirakiku FISH CAKE IKA MAKI SK F;  20/ 150G, Net Wt. 5.29 oz.  Keep Frozen, 4 pcs.  UPC 074410925567    Distributed by Wismettac Asian Foods, Inc. Santa Fe Springs, CA","Fish Cake items contain possible contaminating undeclared egg, milk and shellfish.",Voluntary: Firm initiated,20190711,20190814,20200128
F-0177-2018,Terminated,Class I,CA,United States,"Mann Packing Company, Inc.","Mann's Snacking Favorites Honey Turkey Cheddar, 20.3 oz Tray;  UPC - 716519020483- US",CFIA sampled one salad product which resulted in a positive result for Listeria monocytogenes.,Voluntary: Firm initiated,20171019,20171115,20171205
F-1270-2015,Terminated,Class I,WA,United States,Elevated Ice Cream Company,Peppermint Candy Ice Cream.  Product can be packaged in 2.5 gallon or 1.5 gallon plastic tubs or cardboard quart container.  Firm is unable to determine how batches were packaged.,Elevated brand ice cream products are being recalled due to the potential to be contaminated with Listeria monocytogenes.  These products contain ice cream mix produced and recalled by Snoqualmie Gourmet Ice Cream,Voluntary: Firm initiated,20141223,20150304,20150223
F-1877-2012,Terminated,Class I,FL,United States,FreshPoint Central Florida,"MIX w/yellow onions used as an ingredient.  Product may be labeled in part:  1) ""***Pico De Gallo 3/8"" Cut***Ready To Eat Product***2/5 LB***"", ""***FP CENTRAL FL. FRESHCUTS MIXES, FC PICO DE GALLO 3/8#***2/5#***RT # FC***"", Item # 511511  MIXES, FC PICO DE GALLO 3/8""  2) ""***FP CENTRAL FL. FRESHCUTS MIXES, FC T.G.I. PICO 3/8"" SMALL PACK***4/2.5LB***RT # FC***"", Item # 481603  MIXES, FC T.G.I. PICO 3/8"" SMA",FreshPoint Central Florida is recalling multiple onion products and mixes.  The products were prepared using onions sourced from Gills Onions LLC which may be adulterated with Listeria monocytogenes.,Voluntary: Firm initiated,20120725,20120815,20131126
F-2464-2014,Terminated,Class II,OH,United States,Jenis Splendid Ice Creams LLC,Goat cheese with Fig Cognac- possible pints/possible half gallon.  Flavor of frozen dessert on the immediate package.  No ingredients listed.,Frozen desserts do not include ingredients on the labeling.,Voluntary: Firm initiated,20080707,20140924,20141106
F-0586-2025,Completed,Class I,TX,United States,JFE FRANCHISING INC,"Cucumber, Lime & Tajin	19 oz Cucumber with Ranch	9 oz Cucumber Bowl with Ranch 15 oz Cucumber Slices with Tajin	15 oz  packed in clamshells",Potential to be contaminated with Salmonella,Voluntary: Firm initiated,20241129,20250312,
F-0777-2022,Terminated,Class I,CA,United States,Dole Fresh Vegetables Inc,Dole 9.8 oz  Chopped Teriyaki Pineapple Kit   UPC: 0-71430-00100-4  SKU: 791  Dole 9.8 oz  Chopped Teriyaki Pineapple Kit / Teriyaki A L'ananas  UPC: ¿0-71430-00182-0  SKU 1014,Harvest equipment used in harvesting raw iceberg lettuce was tested by  Dole and found to contain Listeria monocytogenes.,Voluntary: Firm initiated,20220106,20220302,20220322
F-0677-2014,Terminated,Class I,WI,United States,"Garden-Fresh Foods, Inc.","Grandpas Roasted Corn & Black Bean Salsa,  5915		11/2/2013 - 11/20/2013	12 1/5 lb","Garden-Fresh Foods is recalling various ready-to-eat salads, slaw, and dip products sold under various brands and codes because they may be contaminated with Listeria monocytogenes.",Voluntary: Firm initiated,20131030,20131211,20140313
F-0960-2022,Terminated,Class II,AZ,United States,"Suntree Snack Foods, LLC","Good & Gather Dried Sweetened Strawberries.  Net Wt 4 oz (113g).  UPC 085239-182840  No Sulfites Added.  No Artificial Flavors.  No Synthetic Colors.  Distributed by Target Corporation, Minneapolis, MN  55403",Product contains undeclared Sulfites.,Voluntary: Firm initiated,20220323,20220406,20230303
F-0106-2017,Terminated,Class III,NY,United States,Triceutical Inc./Zhang,Eagle Lecithin soft gels,Triceutical Inc. has recalled all dietary supplements due to lack of good manufacturing practices.,Voluntary: Firm initiated,20141010,20161026,20180604
F-1332-2022,Terminated,Class I,ID,United States,Albertsons Companies LLC,"Ready Meals PB & Trail Mix Snack.  Product were available for purchase at the following banners: Shaw's, Star Market. Packaged in clear plastic square bottom and lid.  Net wt. 7.6 oz.",Potential Salmonella contamination.,Voluntary: Firm initiated,20220521,20220629,20220719
F-1906-2014,Terminated,Class II,MA,United States,The Pastene Companies Ltd.,"Pastene  ITALIAN FARFALLE  #66 ,16 oz cellophane bag.   Imported from Italy. Imported by the Pastene Company, Canton, MA    Item Number:7091  UPC: 066086070917","Semolina pasta fails to declare the allergen""wheat""",Voluntary: Firm initiated,20140410,20140507,20150819
F-3173-2017,Terminated,Class II,IL,United States,Newly Weds Foods Inc,"B2ABN1,  BATTER MX X1@, NET WT 50 LBS, Manufactured By: Newly Weds Foods, Inc., Chicago, IL 60639",Product may contain undeclared milk.,Voluntary: Firm initiated,20170503,20170726,20190805
F-0705-2017,Terminated,Class I,OH,United States,Troyer Cheese Inc,"BACKROAD COUNTRY CRANBERRY NUT DELIGHT MIX, Net Wt. 9 oz (256g)   Product Code 15359 BEST IF USED BY 05/2017",The product has been recalled because it has the potential to be contaminated with Listeria monocytogenes.,Voluntary: Firm initiated,20160523,20161221,20170330
F-0075-2019,Terminated,Class II,CA,United States,FOODSTIRS,Foodstirs Modern Baking;  Organic Minute Mug Cake Mix Celebration Confetti - 4 - 2.54 oz. (72g) Pouches per carton -Carton  Net Wt. 10.16 oz. (288g)    Carton UPC; 816524 02789  Master case UPC: 816524 020796,Individual pouches of Organic Minute Mug Cake Mix Celebration Confetti 4-pack do not declare milk as an allergen. The correct allergen statement is on the outer carton.,Voluntary: Firm initiated,20181011,20181107,20181107
F-3414-2017,Terminated,Class II,MN,United States,Go Fresh,"US Foods VEG MIX BROC/RED-ON-PEP STRIP, 2/5#, 8651259",Broccoli has the potential to be contaminated with E. coli O26,Voluntary: Firm initiated,20170803,20170830,20170919
F-0781-2013,Terminated,Class II,MI,United States,"Zingerman's Bakehouse, Inc.",Zingerman's Bakehouse Olive Oil Cake Net wt. 1.25 lb,"Zingerman's BAKEHOUSE pastry labels were found  not identifying the source of butter and cream ingredients as milk; the source of flour as wheat, and lacking identity of soy allergen found in products.",Voluntary: Firm initiated,20121102,20121212,20130201
F-1888-2015,Terminated,Class I,WA,United States,Seattle Pops,"Arroz con Leche Frozen Pops, 4.0 fl oz. frozen pop is individually packaged in a sealed plastic bag; 24 pops/case.  Product is labeled in part,  ""***rice, cinnamon, vanilla, cream, milk, skim milk powder, non-gmo cane sugar, less than 0.4% stabilizer (carob bean gum, guar gum, soy lecithin, carrageenan)***Seattle Pops PO Box 31285 Seattle, WA 98103***"".    No UPC code.","Ice Cream Bars/Pops are recalled due to the potential to be contaminated with Listeria monocytogenes.  These products contain an ice cream based ingredient that was manufactured and recalled by Snoqualmie Gourmet Ice Cream, Inc.",Voluntary: Firm initiated,20141223,20150415,20150414
F-0689-2025,Terminated,Class II,IN,United States,"Craftmark Bakery, LLC","5000108 OATMEAL RAISIN COOKIE DOUGH, 6 poly bags of 30 frozen pucks in a corrugate case, Net Weight: 8.67 kg (19.12 lb)",Potential contamination with foreign material (plastic),Voluntary: Firm initiated,20250327,20250409,20250506
F-0066-2020,Terminated,Class I,CA,United States,Urban Remedy,Samosa Cauli Wrap;   6.7 oz.  UPC: 813377 023097,Random sampling of spinach from vendor found Enterohemorrhagic E-Coli/Shiga Toxin Producing E. Coli.,Voluntary: Firm initiated,20190911,20191030,20191106
F-2058-2019,Terminated,Class II,CA,United States,Keto Farms LLC,"Keto Farms Keto Snack Mix - Tomato Pepperjack    Fruit & Cheese Mix with Sprouted Pecans & Walnuts;  Net Wt. 95 g (3.34 oz.    Ingredients: Monterey Jack Cheese with Jalapeno Peppers, (Pasteurized Milk, Jalapeno Peppers, Cheese Culture, Salt, Enzymes), Sprouted Organic Walnuts, Sprouted Transitional Almonds, Grape Tomatoes, MCT Oil, Cold Water Sea Salt.    Contains: Dairy (milk), Tree Nuts    Made in USA:    Distributed by: Keto Farms, Venice, CA 90291","California Department of Public Health Inspection found that the allergen, coconut, was not declared on the label",Voluntary: Firm initiated,20190808,20190828,20191121
F-1437-2012,Terminated,Class II,CA,United States,True World Foods San Francisco LLC.,"Oyster Frozen Half Shell;  144 Pc/CS  Processed by:  Dai One Food Co., LTD  #150 Jun-RI, Sanyang-UP  Tongyeong-City  Kyungsangnam-DO.    to:  Khee Trading, Vernon, CA 90058.","The product has been prepared, packed, or held under insanitary conditions whereby it may have become contaminated with filth, or whereby it may have been rendered injurious to health.",Voluntary: Firm initiated,20120613,20120627,20120713
F-1403-2016,Terminated,Class II,CO,United States,Simply Delicious Inc.,"Bobo's Oat Bars, Gluten Free, Lemon Poppyseed, Net Weight 3 oz (85g), packaged in clear plastic, 12 bars per sleeve, also sold as individual units. Manufactured by Simply Delicious, Inc.",Simply Delicious is recalling Lemon Poppyseed bars because they were mispackaged with Coconut bars.,Voluntary: Firm initiated,20160505,20160601,20160919
F-0896-2025,Terminated,Class I,CA,United States,Fresh & Ready Foods LLC,Fresh Take Crave Away Club Supreme Sub Sandwich; 6oz PLASTIC CONTAINER; Best By:	05/09/2025  - 05/19/2025  UPC# 8 06795 61439 8,Listeria Monocytogenes detected on food contact surfaces in Ready To Eat sandwich manufacturer facility.,Voluntary: Firm initiated,20250510,20250611,20260324
F-0027-2019,Terminated,Class I,IN,United States,Lloyd'S Ice Cream Inc,"Lic's REESE'S OREO, ONE QUART (946 mL), packed in Plastic quart container","Lloyd s Ice Cream of Evansville, IN is voluntarily recalling pre-packed quarts of Reese s Oreo Ice Cream because the product label does not declare peanuts.",Voluntary: Firm initiated,20180921,20181017,20190208
F-0826-2017,Terminated,Class II,WA,United States,"Northern Fish Products, Inc.",PREMIUM SMOKED SALMON  UPC 7 02772 00564 0    Packaged in a 5 lb case 20/4oz vacuum packaged per case. Cardboard type label is folded over and affixed to the top of the package.  Sell by date is marked on the label by the consignee.,"Northern Fish Products is recalling hot smoked salmon, black cod, steelhead, and trout, with the exception of hot jerky salmon and jerky salmon due to undeclared soy.",Voluntary: Firm initiated,20161110,20161228,20170131
F-0121-2016,Terminated,Class I,NC,United States,American Pure Whey,"American Pure Whey, Whey Protein Matrix Vanilla flavor, 2 lb. and 5 lb. containers, Manufactured by American Pure Whey, Vanceboro, NC.",Undeclared Allergens; Soy and Milk.,Voluntary: Firm initiated,20151006,20151104,20170124
F-1905-2012,Terminated,Class I,CA,United States,GH Foods CA LLC,"Sweet and Sour Stir Fry packaged under the following brand names and sizes:  Garden Highway Chef Essentials 10.5 oz;  Raley's 10.5 oz Safeway Farms 10.5 oz .    Manufactured by GH Foods CA LLC,  Rancho Cordova, CA.",GH Foods CA received notification from Gills onions of a recall of onions due to Listeria Monocytogenes. GH Foods used the recalled onions in numerous product.,Voluntary: Firm initiated,20120726,20120815,20130131
F-0854-2024,Terminated,Class II,CA,United States,Mitsuwa Corporation,"Ito-Shoten Seasoned Mushroom 200g/7.06 oz. Product of Japan Distributed by Mitsuwa Corporation Torrance, CA 90501",Foreign manufacturer of recalled product listed on IA #99-37 due to having no filed scheduled process.,Voluntary: Firm initiated,20231213,20240214,20240326
F-0206-2013,Terminated,Class II,MI,United States,Spartan Central Kitchen,#380 2 lb Hearty Mac & Beef	2 pounds,"During an FDA inspection, microbiological swabs were collected and the results found that 21 sub samples in zones 1, 2 & 3 are positive for Listeria Monocytogenes (L.M.), Listeria innocua (L.I.) or Listeria seeligeri (L.S.).  The firm is voluntarily recalling all products manufactured from August 20th to September 10th 2012 due to the possible contamination.  All lots with sell by dates on or befo",Voluntary: Firm initiated,20120910,20121024,20130219
F-1397-2012,Terminated,Class I,NY,United States,Raymond Hadley Corporation,"#1 Gluten Free brand White Cake Mix, 5 lb., UPC 6 54367 43505 2.","The product was found to contain undeclared milk, a known allergen, from a sub-ingredient in the powdered sunflower oil.",Voluntary: Firm initiated,20110419,20120620,20120608
F-2034-2016,Terminated,Class I,CA,United States,Hampton Creek Foods,"JUST White Cake Mix;  NET WT 20 oz. (1 lb 4 oz) 567 g);  UPC 8 54829 00688 6.    Ingredients: Enriched flours, {bleached (wheat flour, niacin, reduced Iron, thiamine mononitrate, riboflavin, folic acid), unbleached (Wheat flour,  malted barley flour, niacin, reduced Iron, thiamine mononitrate, riboflavin, folic acid), Sugar Palm Oil, Contains less than 2% of Baking Powder (sodium acid Pyrophosphate, sodium bicarbonate, corn starch, monocalcium phosphate), Baking Soda, Citric acid, Coconut Milk Powder (coconut milk, tapioca  syrup), }, Natural Flavors, Oat Bran, Oat Hull Fiber, Salt, Sodium Aliginate, Sorghum Flour, Soy Milk Powder, X.an than Gum.    Contains: Wheat, Soy, Coconut.  Bake 350 degrees 24-26 minutes depending on pan size.  Distributed by Hampton Creek, Inc., San Francisco, CA 94103.",Firm received a positive test result for Salmonella in Coconut Milk powder which was used in the manufacturing on six cake and muffin mixes.,Voluntary: Firm initiated,20160729,20160907,20161028
F-0322-2019,Terminated,Class II,IL,United States,McCain Foods USA,Fire-Roasted Home-Style Green Pepper Strips;:    Sold in 20 lb.  containers. Brand Name: Jon-Lin¿,"During an internal audit at the manufacturing location, it was discovered that finished product had been released on numerous occasions after receiving presumptive positive test results for Listeria monocytogenes and Salmonella; confirmation was not conducted.",Voluntary: Firm initiated,20181013,20181031,20191101
F-0742-2025,Terminated,Class II,MD,United States,Upper Crust Bakery LP,"Multigrain Sourdough , 18 oz,  Paper carton (corrugated), CP12, Frozen",Glass fragment found on top of bread.,Voluntary: Firm initiated,20250412,20250507,20250715
F-2363-2015,Terminated,Class II,CA,United States,Amys Kitchen Inc,"Amy's Gluten Free Vegetable Lasagna, 4.7 oz. 6 boxes per case.      Amy Kitchen, Petaluma, CA",Notified by supplier of spinach that product showing the presence of Listeria Monocytogenes was erroneously shipped and used in further manufacturing of products.,Voluntary: Firm initiated,20150322,20150610,20150805
F-1199-2013,Terminated,Class III,CA,United States,Mandalay Trading Corporation,"Tausi Brand Salted Black Beans, 180g (6.34oz), 100 cans/carton This product is in a two piece can with a single seam. This 6.34 oz can is wrapped with a label containing, red, yellow, and black text labeled in part ""Tausi Brand Salted Black Beans***Distributed by: V8 Commercial Co, Inc. San Juan, Metro Manila Produc of the Phillipines***Ingredients: Black Beans, water, Iodized salt, sugar and caramel Net wt. 180g(6.34oz)**BB:___""",Mandalay Trading is recalling Tausi Brand Salted Black Beans because it may have the potential for pathogen growth and toxin formation due to Clostridium botulinum or other spoilage organisms.,Voluntary: Firm initiated,20130125,20130320,20130415
F-2169-2014,Terminated,Class II,KY,United States,"Koogee-Queen Anne, LLC","Ze German Chocolate Cake Ice Cream, Manufactured by: Koogee-Queen Anne, LLC, d/b/a The Comfy Cow 2221 Frankfort Ave, Louisville, KY 40206.","During an FDA inspection the firm was notified that their bulk product lacked labels. Due to the lack of ingredient statement, the firm failed to declare direct allergens for the products. The products also lacked the declaration that they are packaged in a facility that processes peanuts, tree nuts, wheat, milk and eggs.",Voluntary: Firm initiated,20140410,20140716,20140902
H-0313-2025,Terminated,Class II,OH,United States,Turkeyfoot Creek Creamery LLC,"Turkeyfoot Creek Creamery Cacao Artisan Ice Cream, One Pint (473 ml), packaged individually in a paper carton with paper lid",Undeclared allergen - soy,Voluntary: Firm initiated,20250610,20250730,20250912
H-0284-2026,Terminated,Class I,NJ,United States,CHETAK NEW YORK LLC,Deep-brand PREMIUM Select Mixed Vegetables 4 way KEEP FROZEN a) Net Wt. 3.85 LB. (1.75 kg); b) Net Wt. 2 LB (907 g),Product tested positive Salmonella .,Voluntary: Firm initiated,20250905,20251217,20260212
F-1633-2018,Terminated,Class I,IN,United States,"Caito Foods Service, Inc.","Multiple Brands Mixed Melon:    Customer  Product Description  Pack Weight                 UPC      	   Label Description/Brand 	    	  Kroger 	MIXED SPEARS 1/16Z ,	16 oz., UPC: 826766139606 	Clear Generic Label Distributed by Renaissance Food Group",Products have the potential to be contaminated with Salmonella.,Voluntary: Firm initiated,20180608,20180711,20181018
F-1528-2018,Terminated,Class I,OR,United States,Pdx Aromatics,"RED Kratom CAPSULES, sold under brand names Kraken Kratom, Phytoextractum, and Soul Speciosa.     The capsules are packaged in plastic heat sealed pouches. Each package sold in 28 grams (1 ounce), 56 grams (2 ounces), 112 grams (4 ounces).  The varieties under each brand include:    Kraken Kratom	Red Maeng Da Capsules  Phytoextractum	Red Maeng Da Thai Capsules  Soul Speciosa	        Red Maeng Da Capsules","Kraken Kratom, Phytoextractum, and Soul Speciosa RED VEin Kratom Capsule are recalled due to potential contamination with Salmonella.",Voluntary: Firm initiated,20180309,20180328,20180913
F-1027-2018,Terminated,Class II,MN,United States,"Mrs Gerry's Kitchen, Inc","Mrs. Gerry's Gourmet Potato Salad, Net Wt. 12 lb. (5.44 kg), UPC 17839-10112.  Keep Refrigerated.  Manufactured by Mrs. Gerry's, Albert Lea, MN  56007.",Firm is recalling various Egg Salads and Potato Salads because they may contain undeclared traces of imitation crab meat,Voluntary: Firm initiated,20180325,20180425,20190621
F-0470-2023,Terminated,Class I,MD,United States,"FRESH IDEATION FOOD GROUP, LLC dba Fresh Creative Cuisine","Bistro To Go, Chocolate Pudding Delight, Net Wt. 6.5 Oz. Single Serving, Keep refrigerated","On 02/03/2023, FRESH IDEATION FOOD GROUP, LLC dba Fresh Creative Cuisine of Baltimore, MD is  initiating a recall of  various products sold from January 24, 2023 through January 30, 2023 because the products have the potential to be contaminated with Listeria monocytogenes .",Voluntary: Firm initiated,20230203,20230322,20231017
F-2380-2014,Terminated,Class I,HI,United States,"Florimont, Inc.","Tiny Isle Original Fudge, 2 oz.; Organic-Raw- Gluten Free;  Ingredients: Cacao powder, coconut oil. agave nectar, carob powder, vanilla, sea salt.  Keep cold.    Tiny Isle  5915 Olohena Road, Unit H  Kapaa, HI 96746",Candy was made using carob powder that is currently under recall by the direct supplier due to potential Salmonella contamination.,Voluntary: Firm initiated,20140725,20140903,20141104
F-0624-2023,Terminated,Class III,NY,United States,XIUMIN LIN,Haiyue Food Nutritional Preserved Vegetable,Contains Cyclamate,Voluntary: Firm initiated,20220829,20230329,20230317
F-1534-2017,Terminated,Class I,NY,United States,FROMI USA CORP C/O NATIXIS PRAME,"Tomme Brebis Fedou, Net Wt. 9.7lb (case)/Net Wt 4.85 lb per unit, Item number 702084",Listeria monocytogenes contamination,Voluntary: Firm initiated,20161221,20170301,20180625
F-0220-2016,Terminated,Class I,NC,United States,Del Monte Fresh Produce N.A.,Fresco Fresh Banana Strawberry Yogurt Parfait Net Wt. 6.5 oz. packaged in clear plastic tub.,May contain undeclared almonds.,Voluntary: Firm initiated,20151014,20151125,20161116
F-0473-2021,Terminated,Class II,OH,United States,Michael Zakany LLC,"Jose Madrid Salsa - Strawberry Mild Salsa   13oz glass jars, 12 jars per case",Undeclared anchovy allergen,Voluntary: Firm initiated,20210414,20210505,20210602
F-0613-2017,Terminated,Class II,NY,United States,Midwest International Corp,"Dai Yu, 80g, Hairtail, NET WT: 2.8 oz (80g), Item #D526",The product is an acidified food without a registered manufacturer and scheduled process,Voluntary: Firm initiated,20161123,20161214,20180620
F-0450-2014,Terminated,Class I,WI,United States,"Garden-Fresh Foods, Inc.","Dairy Fresh Deluxe BLT Pasta Salad, UPC 0 70163 50074 7, 1/5 lb, Product Code .410074. Garden-Fresh Deluxe BLT Pasta Salad, UPC 0 11596 52039 1, 1/5 lb., Product Code 2039.","Garden-Fresh Foods is recalling various ready-to-eat salads, slaw, and dip products sold under various brands and codes because they may be contaminated with Listeria monocytogenes.",Voluntary: Firm initiated,20130920,20131218,20140211
F-0001-2022,Terminated,Class I,MN,United States,The Earl of Sandwiches,"Earle of Sandwiches Mild Smoked Jalapeno Sub, Smoked Jalapeno Sausage and Peperjack Cheese on Parmasan Crusted French Bread.  Net Wt. 7oz (198g), UPC 97256 75671, Keep Refrigerated.  Earle of Sandwiches, Willernie, MN  55090",Sandwiches may contain undeclared soy and egg.,Voluntary: Firm initiated,20210916,20211013,20220421
F-2307-2017,Completed,Class II,NJ,United States,"Pinnacle Foods, LLC","AUNT JEMIMA(R) MiNi pancakes, MAPLE BLAST, NET WT 3.2 OZ, UPC 001960043563",Potential for Listeria monocytogenes contamination,Voluntary: Firm initiated,20170505,20170614,
F-0468-2015,Terminated,Class II,MI,United States,"U.B.C Food Distributors, LLC",Mango flavored gelatin mix desert,"Voluntary recall of strawberry flavored gelatin mix and mango flavored gelatin mix which were found to contain undeclared colors, FD& C Red # 40, FD&C Yellow #5, and FD&C Yellow #6.",Voluntary: Firm initiated,20141015,20141112,20150410
F-0385-2023,Terminated,Class II,TX,United States,"Texas Star Nut and Food Co., Inc.","Nature's Eats Cashew Crave Mix 8 oz. UPC 8-10087-30330-3, packaged in cello bags 12 packages per case","Undeclared milk and soy. The milk and soy allergens are listed in the ""may contains"" statement, but are not included in the ""Contains"" statement.",Voluntary: Firm initiated,20230207,20230301,20230404
F-0894-2016,Terminated,Class III,TX,United States,"C. H. Guenther & Son, Inc.dba Morrison Milling",Buttermilk Pancake Mix # 1 NET WT 5 LBS (2.27kg),May contain small metal fragments from wire mesh sifter.,Voluntary: Firm initiated,20151207,20160420,20160802
F-1592-2016,Terminated,Class I,OH,United States,The Kroger Co,"simple truth organic Mixed Vegetables NET WT 10 OZ (283g) KEEP FROZEN INGREDIENTS: ORGANIC CARROTS, ORGANIC CORN ORGANIC PEAS, GREEN BEANS.",The firm was notified by their supplier that the product maybe contaminated with Listeria monocytogenes.,Voluntary: Firm initiated,20160506,20160706,20170601
F-1725-2016,Terminated,Class II,MI,United States,Kellogg Company,"Keebler Animals Crackers; 10 ct., 2.4 oz.",Kellogg Company initiated a voluntary recall of multiple snack food items because of the potential for undeclared allergen peanut due to a supplier's recall of flour.,Voluntary: Firm initiated,20160613,20160727,20170213
F-0914-2022,Terminated,Class II,KY,United States,Tova Industries Inc,"Carbquik Mug Cakes   Cinnamon Spice, Net Wt. 9 oz  1.5oz mug cake mix packaged in foil pouch  6 servings per pouch, 24 pouches per case",Undeclared Allergen- Milk,Voluntary: Firm initiated,20220303,20220406,20220819
F-0568-2025,Ongoing,Class II,NY,United States,Global Commodities Inc,"AAHU BARAH brand SOFT PLUM; NET WT. 0.5 LB; Import By: AAHU BARAH USA, INC.; Soft Plum Aloo Bukahara 1/2 LB; *May Contain Sulfites As preservatives; UPC 882475049186; packaged in clear plastic bags.",Product contains undeclared sulfites (4.66 mg/serving).,Voluntary: Firm initiated,20250109,20250226,
F-0641-2024,Terminated,Class I,NY,United States,GLOBAL VEG CORP,"Aviator Dehydrated Tomato Halves, Net Wt. 4x2.27kg (5lbs)",Contains undeclared sulfites,Voluntary: Firm initiated,20231204,20231227,20240807
F-0259-2015,Terminated,Class II,MI,United States,"Good Herbs, Inc.","Good Herbs, Inc., FLOWER ESSENCE-R PLUS & ASPEN, 4 oz bottle, 550 Oliver Dr Troy, MI 48084 The Quality Herb That Works",Products not manufactured under GMP's,Voluntary: Firm initiated,20140505,20141105,20160203
F-0609-2016,Terminated,Class II,OR,United States,Umpqua Dairy Products Co,"Dairy Queen Chocolate Soft Serve Mix, item no. 04979, 5 gallon container.  UPC 0071203004874",Dairy Queen Chocolate Soft Serve Mix was made from milk which was tested presumptive positive for beta lactam antibiotics. The firm did not conduct any confirmation test.,Voluntary: Firm initiated,20160114,20160224,20161013
F-0462-2017,Terminated,Class II,CA,United States,Nobel Bakery,"Apricot Perouk, Net Wt. 10 oz. (283g), UPC 7 80890 28601 1.","Nobel Bakery is recalling Apricot Perouk and Assorted cookies because they may contain undeclared wheat, milk, Yellow#5, and sulfur dioxide.",Voluntary: Firm initiated,20161012,20161123,20170209
F-1616-2019,Terminated,Class II,MA,United States,"C & S Wholesale Grocers, Inc.","FAIRLIFE LACTOSE FREE WHOLE MILK - 52 FL OZ, UPC:  1162002016",Products were not held at an appropriate temperature due to a mechanical malfunction during transportation.,Voluntary: Firm initiated,20190617,20190731,20190731
F-1008-2020,Terminated,Class I,TX,United States,He Butt,Hill Country Fare Citrus Punch Drink 1 GAL CONT. NET. 3.78L Contains 0% Juice UPC 4122081863,Potential to contain undeclared milk,Voluntary: Firm initiated,20200616,20200708,20200804
F-1955-2016,Terminated,Class II,OR,United States,Northwest Wild Products,"Columbia River Chinook Salmon -Custom Packed, NW Wild Products, 6.5 oz. metal cans.  No UPC","All canned black cod, salmon, sardines, steelhead, sturgeon, tuna, and Razor clams with any codes starting with OC because it has the potential to be contaminated with Clostridium botulinum.",Voluntary: Firm initiated,20151019,20160831,20160819
F-0071-2015,Terminated,Class I,NY,United States,"Oscar's Hickory House, Inc.","OSCAR'S SMOKE HOUSE ""MORE THAN"" CHEDDAR SPREAD, NET WT 7 OZS, keep refrigerated.  Distributed by: Oscar's Smoke House Warrensburg, NY 12885.",Products were recalled due to potential Listeria monocytogenes contamination.,Voluntary: Firm initiated,20140326,20141029,20180608
F-0183-2022,Terminated,Class I,ID,United States,POTANDON PRODUCE LLC,"Green Giant Fresh brand, Whole YELLOW Onions packaged in 2 lb. flexible mesh bags, UPC 60580600120-8. Green Giant Fresh brand, Whole YELLOW Onions packaged in 3 lb. flexible mesh bags, UPC 60580600123-9. Green Giant Fresh brand, Whole YELLOW Onions packaged in 5 lb. flexible mesh bags, UPC 60580600170-3.",Salmonella Oranienburg.  Products are supplied by Keeler Family Farm.,Voluntary: Firm initiated,20211025,20211124,20211208
F-1239-2023,Terminated,Class I,FL,United States,SANTOS FROZEN FOODS,"Regular Deviled Crabs, 4oz",Undeclared Milk and Sesame Seeds,Voluntary: Firm initiated,20230621,20230719,20240229
F-1654-2012,Terminated,Class II,MO,United States,"PGP International, Inc.","iForce Nutrition Xtreme Series, PROTEAN, Lean Protein,  Strawberry Creamsicle, Dietary Supplement, 4 lbs.  Mfg. for Dist by, Tribravus Enterprises, LLC, Vista, CA 92081",The product contains undeclared wheat.,Voluntary: Firm initiated,20120611,20120704,20121219
F-0452-2016,Terminated,Class I,CA,United States,"Helados La Tapatia, Inc.","Helados La Tapatia Creamy Fruit Bars;  All Natural Rice Arroz; Net Wt. 3 FL oz;   UPC 6 34242 20008 1;    INGREDIENTS FOR MILK BARS:  ICE CREAM MIX (CREAM, MILK, FRESH CONDENSED  SKIM MILK, SUCROSE, CORN SYRUP, DESSERT SOLIDS  (WHEY, REDUCED LACTOSE, WHEY AND NON FAT  DRIED MILK) AND STABILIZER {GUAR GUM, MONO, AND  DIGLYCERIDES), CALCIUM SORBATE, POLYSORBATE 40,  CELLULOSE GUM AND CARRAGENAN), WATER, RICE,  SUGAR, CINNAMON, AND RAISINS.  PROCESSED IN A FACILITY THAT PROCESSES NUTS.    Mfg by:  Helados La Tapatia, Inc.  Fresno, CA 93772  Plant # 06-02536F",Product was produced with an ice cream mix that contains eggs that is not included in the ingredient labeling.,Voluntary: Firm initiated,20151027,20160106,20170208
F-2083-2014,Terminated,Class II,CA,United States,U-Can Food Trading Inc,"The Cookies Cottage (Brand) Crispy Taro Cookies (Toasted Vegetarian Yam Biscuits), 180g.    Packaged in 24packets per carton.","U-Can Food Trading, Inc. initiated a voluntary recall of The Cookies Cottage brand, Crispy Taro Cookies (Toasted Vegetarian Yam Biscuits) due to undeclared FD&C Blue #1, Yellow #5, and Carmoisine, a dye not permitted for use.",Voluntary: Firm initiated,20140605,20140716,20150106
F-1388-2020,Terminated,Class II,PA,United States,Giant Eagle,"Cajun Style Chicken Meal PLU# 24658700000. Expiration date 8/5/2020.Ingredients: MEAL [CAJUN STYLE BOWTIE PASTA (BOWTIE PASTA (COOKED ENRICHED MACARONI PRODUCT [WATER, SEMOLINA, EGG WHITES, NIACIN, FERROUS SULFATE, THIAMIN MONONITRATE, RIBOFLAVIN, FOLIC ACID], SOYBEAN OIL, CONTAINS LESS THAN 2% OF CULTURED DEXTROSE, SALT), ALFREDO SAUCE [MILK (MILK, VITAMIN D3), HEAVY CREAM (CREAM, MILK), WATER, PARMESAN CHEESE (PASTEURIZED PART-SKIM MILK, CHEESE CULTURE, SALT, ENZYMES, POWDERED CELLULOSE [ANTI-CAKING AGENT]), CORNSTARCH, ROMANO CHEESE (PASTEURIZED SHEEP S MILK, CHEESE CULTURES, SALT, ENZYMES, POWDERED CELLULOSE [ANTI-CAKING AGENT]), CONTAINS 2% OR LESS OF ENRICHED WHEAT FLOUR (WHEAT FLOUR, MALTED BARLEY FLOUR, NIACIN, REDUCED IRON, THIAMINE MONONITRATE, RIBOFLAVIN, FOLIC ACID), SALT, WHITE PEPPER, GARLIC POWDER, LEMON PEEL], PEPPERS & ONIONS [RED BELL PEPPER, GREEN BELL PEPPER, YELLOW BELL PEPPER, YELLOW ONION, OIL BLEND (CANOLA OIL, EXTRA VIRGIN OLIVE OIL), SALT, BLACK PEPPER], CAJUN SEASONING (GARLIC, SPICES [INCLUDING PAPRIKA, OREGANO, RED PEPPER], SALT, ONION)), GRILLED CHICKEN (CHICKEN BREAST [BONELESS SKINLESS CHICKEN BREAST], WATER, ISOLATED SOY PROTEIN, SALT, SODIUM PHOSPHATES, BLACK PEPPER), PEPPERS & ONIONS [RED BELL PEPPER, GREEN BELL PEPPER, YELLOW BELL PEPPER, YELLOW ONION, OIL BLEND (CANOLA OIL, EXTRA VIRGIN OLIVE OIL), SALT, BLACK PEPPER], PARMESAN CHEESE (PASTEURIZED PART SKIM MILK, CHEESE CULTURES AND/OR RENNET, SALT, ENZYMES, STARCH, POWDERED CELLULOSE TO PREVENT CAKING, NATAMYCIN TO PROTECT FLAVOR), PARSLEY, CAJUN SEASONING (GARLIC, SPICES [INCLUDING PAPRIKA, OREGANO, RED PEPPER], SALT, ONION)]. Onions are cooked.",Potential contamination with Salmonella Newport  in onions and prepared foods containing onions.,Voluntary: Firm initiated,20200802,20200909,20210512
F-1502-2024,Terminated,Class II,WI,United States,"Snapchill, LLC","Coffee + Non-Dairy Creamer + Sugar Canned Beverage packaged under the following brands and sizes:   1.  Coffee Hound Coffee Co Nitro with Sugar and Non-Dairy Creamer, 12 oz. UPC 7 83970-58494 6.   2. Euphoria Coffee Sweetened Latte, 12 oz. UPC 8 10149-37096 0.   3.  Kahawa 1893 Coffee Inc Safari Latte, 12 oz. UPC 8 50033-95735 8.   4.  Ludwig Coffee Macchiato, 12 oz. UPC 	8 60008-03483 0.",Potential under-processing.,Voluntary: Firm initiated,20240617,20240724,20250627
F-0702-2024,Terminated,Class I,IA,United States,Valley View Candies dba,"Chocolate Walnut Fudge, 8oz, packaged in clear, plastic clamshell.",Undeclared egg,Voluntary: Firm initiated,20231208,20240117,20240111
F-2122-2014,Terminated,Class II,KY,United States,"Koogee-Queen Anne, LLC","Bonjour Toast Ice Cream, Manufactured by: Koogee-Queen Anne, LLC, d/b/a The Comfy Cow 2221 Frankfort Ave, Louisville, KY 40206.","During an FDA inspection the firm was notified that their bulk product lacked labels. Due to the lack of ingredient statement, the firm failed to declare direct allergens for the products. The products also lacked the declaration that they are packaged in a facility that processes peanuts, tree nuts, wheat, milk and eggs.",Voluntary: Firm initiated,20140410,20140716,20140902
F-0467-2021,Terminated,Class II,VT,United States,Champlain Chocolate Company,"Organic Mr. Goodtime Bunny***NET WT 3.35 LBS (1.4kg)***INGREDIENTS: *Milk, *Dark, AND *WHITE CHOCOLATE (*SUGAR, *MILK POWDER, *COCOA BUTTER, *CHOCOLATE LIQUOR, *COCOA POWDER (PROCESSED WITH ALKALI), *SOYBEAN LECITHIN, *VANILLA EXTRACT, AND *VANILLA POWDER). CONTAINS MILK AND SOYBEAN. MAY CONTAIN TRACES OF PEANUTS, TREE NUTS, AND WHEAT. *ORGANIC.    Product is packaged in a clear plastic cellophane    UPC 769933054510",Product potentially contains undeclared almonds.,Voluntary: Firm initiated,20210414,20210505,20220525
H-0543-2026,Terminated,Class I,NY,United States,"Juniper Granola, LLC","Junebar Chocolate Cherry All Natural Snack Bar; INGREDIENTS: ORGANIC ALMOND BUTTER, DATE PASTE, ORGANIC BLACK BEANS, ORGANIC SWEET POTATOES, GLUTEN FREE ROLLED OATS, SEMI-SWEET SOY FREE VEGAN CHOCOLATE CHIPS (ORGANIC CANE SUGAR, UNSWEETENED CHOCOLATE, COCOA BUTTER), DRIED CHERRIES, ALMONDS; OAT FLOUR, COCOA POWDER, ORANGE ZEST, VANILLA EXTRACT (VANILLA BEAN EXTRACTIVES IN WATER, ALCOHOL), FLAX, CINNAMON, SEA SALT, BAKING POWDER; ALLERGEN WARNING: CONTAINS TREE NUTS (ALMOND, COCONUT), PRODUCED ON EQUPMENT ALSO HANDLING PEANUT, SESAME. PRODUCED IN A FACILITY THAT ALSO PROCESES GLUTEN PRODUCTS. KEEP REFRIGERATED; UPC: 8 60012 38462 4",Products contain undeclared milk and soy.,Voluntary: Firm initiated,20260211,20260311,20260514
F-0186-2023,Terminated,Class II,NY,United States,Betty Buzz LLC,Betty Buzz Sparkling Grapefruit - Non-alcoholic Beverage & Mixer Container Description:  4 x 9oz Bottles in Pack 24 units per case,Beverage has off-odor,Voluntary: Firm initiated,20221107,20221214,20231024
F-2306-2017,Completed,Class II,NJ,United States,"Pinnacle Foods, LLC","AUNT JEMIMA(R) 14 LOW FAT WAFFLES, NET WT 17.18oz UPC 019600062301",Potential for Listeria monocytogenes contamination,Voluntary: Firm initiated,20170505,20170614,
F-0004-2015,Terminated,Class II,NJ,United States,Ikko International Trading LLC,"Wheat Cake (Maruto ""C"" Cake), 6.3 ounces (180g), individually packaged in gold foil pouches and sold under the Maruto Brand. Sold at retail locations in display cases containing 8 bars per display case.",This voluntary recall has been initiated because Maruto 'C' Cakes (Wheat Cakes) omitted soy lecithin as an ingredient and an accompanying allergen warning.,Voluntary: Firm initiated,20140805,20141015,20160913
F-1593-2014,Terminated,Class I,IN,United States,"Rise'n Roll Bakery, LLC","Rise n Roll Bakery & Deli, White Powdered Donuts, sold individually and  found in 6 count (436 g) UPC Code 6 26570 61744 0  or 12 count (861.83 g) UPC Code 6 26570 617457,    variety donut box identifying all donut varieties:  White Powdered Donut : Enriched wheat flour, soybean oil, dextrose, salt, leaving, soy flour, dry whey, mono and diglycerides with BHT, sodium stearoyl, latylate, guar gum wheat starch, ascorbic acid, corn oil, beta carotene, citric acid, silicon dioxide, alpha tocopherols, tricalcium phosphate, soy shortening (palm oil, soybean oil, vitamin E)   COATING:  Dextrose, cornstarch, partially hydrogenated vegetable oil, titanium dioxide, rice flour, hydrogenated cottonseed oil, artificial flavor, silicon dioxide.    Contains wheat, soy and milk",Undeclared egg ingredient,Voluntary: Firm initiated,20140115,20140312,20140423
F-0775-2020,Terminated,Class II,CO,United States,"Vitamin Cottage Natural Food Markets, Inc.","Natural Grocers Organic Extra Virgin Coconut Oil, packaged in glass jars with metal lids and a plastic shrink seal, 17.5 oz. (518 mL), UPC# 849327-000368, Vitamin Cottage Natural Foods Markets (dba Natural Grocers) Lakewood, CO 80228. 12 units (jars)/case in cardboard box.",Product tested high for mold.,Voluntary: Firm initiated,20200207,20200311,20200514
F-3122-2015,Terminated,Class I,OH,United States,Jeni's Splendid Ice Creams LLC,"Pistachio & Honey Ice Cream Bucket, 319, Jeni's Splendid Ice Creams, LLC, 3 gallons, plastic bucket, individually packed, frozen.    Pistachio & Honey Ice Cream Indie Case, Jeni's Splendid Ice Creams, LLC, 6oz, plastic container, 18 containers per case, frozen.    Pistachio & Honey Ice Cream Indie, Jeni's Splendid Ice Creams, LLC, 6oz, plastic container, individually packed, frozen.    Pistachio & Honey Ice Cream Half Gallon Case, Jeni's Splendid Ice Creams, LLC, half gallon, plastic container, 4 half gallons per case, frozen.    Pistachio & Honey Ice Cream Half Gallon, Jeni's Splendid Ice Creams, LLC, half gallon, plastic container, individually packed, frozen.    Pistachio & Honey Ice Cream Pint Case, 209, Jeni's Splendid Ice Creams, LLC, pint size, plastic container, 8 pints per case, frozen.    Pistachio & Honey Ice Cream Pint, Jeni's Splendid Ice Creams, LLC, pint size, plastic container, individually packed, frozen.",Product may be contaminated with Listeria monocytogenes.,Voluntary: Firm initiated,20150422,20150916,20151106
H-0919-2026,Ongoing,Class II,FL,United States,Galaxy RG Corp,"Rollitos de Guava [image] Guava Rolls The Original, Net Wt. 15 oz, packaged in a transparent and rigid plastic clamshell container, one unit per container. KEEP REFRIGERATED. UPC 824790852454","Undeclared colors (Yellow #5, Yellow #6, and/or Red #40).",Voluntary: Firm initiated,20260403,20260617,
F-1085-2013,Terminated,Class II,ND,United States,"Dakota Specialty Milling, Inc","40134,  SARA LEE 12 WHOLE  GRAIN BLEND 100 ( WHEAT, OATS, RYE, BARLEY, WHOLE GRAIN CORN, SUNFLOWER, BROWN FLAXSEED, MILLET, TRITICALE, BROWN RICE, BUCKWHEAT, WHOLE MEAL AMARANTH FLOUR, SPELT, SORGHUM) DAKOTA SPECIALTY MILLING, INC., FARGO, ND ,  1 Net WT 50 LBS.",Some flour and flour blends produced at Dakota Specialty Milling have the potential to be contaminated with pliable metal wire mesh fragments from a defective flour sifter.,Voluntary: Firm initiated,20130214,20130320,20140110
F-2495-2016,Terminated,Class I,KS,United States,Rabbit Creek Products Inc.,"Cranberry Orange Muffin Mix, packaged in a plastic bag which is placed in a cardboard box, net wt. 14.8oz, UPC 010749011304","Bread, muffin, and brownie mixes may have been manufactured with flour contaminated with E. coli O121",Voluntary: Firm initiated,20160809,20161012,20180110
F-3411-2017,Terminated,Class II,CA,United States,"Fresh Venture Foods, LLC","Gold Coast Packing Broccoli Florets;    packed in the following configurations:  12 x 2 lb - Product code 508215 - Costco Canada;  1 x 40 lb.- Product code 504405  4 x 3 lb. - Product Codes 503401; 503409  4 x 3 lb. pizza cut -Product Code 503405  4 x 3 lb. - Mini florets - Product code 503412  2 x 5 lb. - Asian cut -Product code 505200;    Distributed by Gold Coast Packing Co., Santa Maria, CA 93454",Firm test results found potential E-coli contamination in Broccoli Florets,Voluntary: Firm initiated,20170802,20170830,20171107
F-0751-2023,Terminated,Class II,ID,United States,CREEKSIDE MALLOW LLC,"Creekside Mallow Chocolate Chip Mint Marshmallows, packed in a Stand Up Flexible Pouch (Bag), Net wt. 3.9oz. UPC 7 09951 63271 0. Manufactured by Creekside Mallow LLC Caldwell, ID. www.creeksidemallow.com.  The label declares: INGREDIENTS: CORN SYRUP ***SUGAR, WATER, CHOCOLATE CHIPS (SUGAR, CHOCOLATE LIQUOR, COCOA BUTTER, BUTTERFAT, SOY LECITHIN, NATURAL FLAVOR)***CONTAINS: SOY.","Butterfat is declared in the Ingredients Statement, but MILK is not declared in the Contains statement.",Voluntary: Firm initiated,20230413,20230503,20230905
F-1593-2024,Terminated,Class II,MD,United States,"Totally Cool, Inc.","Marco Dulce De Leche & Cookies Ice Cream 16 fl oz/1 pint, UPC 860006880514. Packaged in paper containers, 8 containers per case.",Possible contamination with Listeria monocytogenes,Voluntary: Firm initiated,20240613,20240807,20241008
F-1021-2020,Terminated,Class III,OH,United States,"Abbott Nutrition, Division of Abbott Laboratories","Similac Pro-Advance Infant Formula with Iron, Milk-Based, Ready to Feed, 32 FL OZ (1 QT)",Water filled bottles labeled as Similac Pro-Advance.,Voluntary: Firm initiated,20200611,20200722,20201106
F-0548-2018,Terminated,Class I,MA,United States,Rachael's Food Corporation,"Rachael's SPRINGFIELD SMOKED FISH LOX CREAM CHEESE SPREAD, 8 oz. and 5 lb. UPC: 045049117760",Product may be contaminated with Listeria monocytogenes.,Voluntary: Firm initiated,20171212,20180110,20180501
F-0754-2019,Terminated,Class II,WI,United States,"Sargento Foods, Inc.","Frozen Unbreaded Egg, Gouda, caramelized onion.  Sample Number 18-0116.01.  Keep Frozen at 0-degrees or below zero.  ""Food for Research or Evaluation Use"".  Sargento Technical Center, Elkhart Lake, WI  53020","Sargento is recalling Frozen Unbreaded French Onion CC, Frozen Unbreaded Egg 3 cheese and caramelized Onion and Frozen Unbreaded Egg, Gouda, caramelized onion due to potential Listeria monocytogenes or Salmonella contamination.",Voluntary: Firm initiated,20181109,20190102,20190814
F-1387-2020,Terminated,Class II,PA,United States,Giant Eagle,"MD Philly Style Steak Stromboli Cold PLU#23676600000. Expiration date: 8/3/2020 Ingredients: STROMBOLI [DOUGH (ENRICHED WHEAT FLOUR [WHEAT FLOUR, MALTED BARLEY FLOUR, NIACIN, REDUCED IRON, THIAMINE MONONITRATE, RIBOFLAVIN, FOLIC ACID], WATER, ENRICHED SEMOLINA FLOUR [SEMOLINA, NIACIN, FERROUS SULFATE, THIAMINE MONONITRATE, RIBOFLAVIN, FOLIC ACID], OLIVE OIL, SALT [SALT, SODIUM SILICOALUMINATE], YEAST [YEAST, SORBITAN MONOSTEARATE, ASCORBIC ACID], SUGAR), BEEF (BEEF, WATER, DEXTROSE, SODIUM PHOSPHATE, MODIFIED CORNSTARCH, SALT, AUTOLYZED YEAST, HYDROLYZED CORN PROTEIN, COATING [DEXTROSE, SODIUM CITRATE, SALT, CARAMEL COLOR, SODIUM DIACETATE, SPICES, GARLIC & ONION, PAPRIKA, HYDROLYZED CORN PROTEIN, MALTODEXTRIN, GRILL FLVR (FROM SUNFLOWER OIL), MODIFIED CORNSTARCH, CORN SYRUP SOLIDS, NTRL SMOKE FLVR, GUAR GUM]), PIZZA SAUCE [GRND TOMATO (TOMATO, SALT, CITRIC ACID), SAUCE (TOMATO, EXTRA VIRGIN OLIVE OIL & SUNFLOWER OIL BLND, SALT, OREGANO, BLACK PEPPER, GRANULATED GARLIC, CITRIC ACID)], ROASTED PEPPER & ONION [YELLOW BELL PEPPER, GREEN BELL PEPPER, RED BELL PEPPER, YELLOW ONION, OIL BLND (CANOLA & EXTRA VIRGIN OLIVE OIL), SALT, BLACK PEPPER], CHEESE BLND (PART SKIM MOZZARELLA [MILK, CHEESE CULTURE, SALT, ENZYMES], PROVOLONE [MILK, CHEESE CULTURE, SALT, ENZYMES]), ROMANO HERB SEASONING [CHEESE (PECORINO ROMANO [SHEEP S MILK, CHEESE CULTURES, SALT, ENZYMES], ROMANO STYLE CHEESE [CORNSTARCH, WATER, PALM OIL, CELLULOSE, SALT, NATRL FLVR, CASEINATE, SORBIC ACID (PRSRVTVE)], PWDRD CELLULOSE [ANTICAKING], NATAMYCIN [NTRL MOLD INHIBITOR]), DHYDRTD GARLIC, GRND OREGANO, PARSLEY], EGGS (EGG, CITRIC ACID [TO PRSRVE COLOR], WATER), OIL BLND (CANOLA & EXTRA VIRGIN OLIVE OIL), FLOUR BLND [FLOUR (BLEACHED WHEAT FLOUR, MALTED BARLEY FLOUR, NIACIN, REDUCED IRON, THIAMINE MONONITRATE, RIBOFLAVIN, FOLIC ACID), ENRICHED SEMOLINA FLOUR (SEMOLINA, NIACIN, FERROUS SULFATE, THIAMINE MONONITRATE, RIBOFLAVIN, FOLIC ACID)]]. Onions are cooked.",Potential contamination with Salmonella Newport  in onions and prepared foods containing onions.,Voluntary: Firm initiated,20200802,20200909,20210512
F-1304-2015,Terminated,Class I,TX,United States,Adams Extract & Spice LLC,"Adams Pantry Basics Ground Cumin Net Wt. 2.82 oz (80 g) UPC: 041313019525; Adams Pantry Basics Value Size Ground Cumin Net Wt. 6.70 oz (190 g) UPC: 041313019532; Adams Pantry Basics Saver Size Ground Cumin Net Wt. 16 oz (454 g) UPC: 041313023126; No brand name Cumin, Ground 50# Box Item Code: 33325 UPCA: 041313333256 and 25# Box Item Code: 33326 UPCA: 041313333263",Product may contain undeclared peanut protein.,Voluntary: Firm initiated,20141226,20150304,20161005
F-2209-2012,Terminated,Class I,WI,United States,"Garden-Fresh Foods, Inc.",Garden-Fresh Family Style Macaroni Salad	2060 5 lbs	0 11596 52060 5,"Recalled salads, slaw, salsa, bean and dips contained onions that were recalled by Gills Onions due to potential Listeria monocytogenes contamination.",Voluntary: Firm initiated,20120727,20120919,20121115
F-1821-2019,Terminated,Class II,MA,United States,"C & S Wholesale Grocers, Inc.",NOOSA COCONUT AUSTRALIAN STYLE YOGURT - 8OZ  UPC: 5392300213,Products were not held at an appropriate temperature due to a mechanical malfunction during transportation.,Voluntary: Firm initiated,20190617,20190731,20190731
F-0898-2025,Terminated,Class I,CA,United States,Fresh & Ready Foods LLC,Fresh Take Crave Away Turkey & Cheese Sub Sandwich; 6oz PLASTIC CONTAINER; Best By:	05/09/2025  - 05/19/2025  UPC# 8 06795 61441 1,Listeria Monocytogenes detected on food contact surfaces in Ready To Eat sandwich manufacturer facility.,Voluntary: Firm initiated,20250510,20250611,20260324
H-0844-2026,Ongoing,Class I,CA,United States,Ghirardelli Chocolate Company,"GHIRARDELLI SWEET GROUND POWDER WHITE CHOCOLATE FLAVORED NET WT 50oz (3lbs 2oz) 1.41kg  Distributed by Ghirardelli Chocolate Company, San Leandro, CA 94578, U.S.A.  UPC: 747599620386",Potential contamination with Salmonella.,Voluntary: Firm initiated,20260426,20260527,
F-1082-2018,Terminated,Class II,MN,United States,Midwest Northern Inc,"Midwest Northern Nut Mendakota Mix.  Net Wt. 25 lbs.    Midwest Northern Inc., Minneapolis, MN  55118",potential Allergen cross contact in oil used to roast various nuts and seeds products.,Voluntary: Firm initiated,20170307,20180425,20180425
F-1385-2020,Terminated,Class I,PA,United States,Giant Eagle,"MD G&G Greek Salad PLU#23662500000. Expiration date 8/4/2020. Ingredients: SALAD [ROMAINE LETTUCE, PEPPERONCINI (PEPPERS, WATER, SALT, VINEGAR, CITRIC ACID, SODIUM BENZOATE (AS PRESERVATIVE), SODIUM BISULFITE (TO ENHANCE COLOR), FD&C YELLOW #5), BALSAMIC VINAIGRETTE (SEE DRESSING CUP), GRAPE LEAVES (VINE LEAVES, RICE, ONIONS, SALT, SUNFLOWER OIL, CITRIC ACID, SPICES), GRAPE TOMATOES, FETA CHEESE ((PASTEURIZED PART-SKIM MILK, CHEESE CULTURE, SALT, ENZYMES), POWDERED CELLULOSE TO PREVENT CAKING), CUCUMBER, PITTED KALAMATA OLIVES ((OLIVES, WATER, SALT, OLIVE OIL, ACETIC ACID), CANOLA OIL, SPICES), RED ONION].",Potential contamination with Salmonella Newport  in onions and prepared foods containing onions.,Voluntary: Firm initiated,20200802,20200909,20210512
F-0539-2016,Terminated,Class II,FL,United States,Sunset Natural Products Inc.,"Moinsage, 60 capsules per bottle. Manufactured by Sunset Natural Products","Pursuant to a consent decree that prohibits the company and its owners for marketing dietary supplements until they, among other things, recall and destroy the dietary supplements that have been manufatured or distributed since April 2, 2014, hire a cGMP expert and receive written permission from FDA to resume operations.",FDA Mandated,20151005,20160224,20170410
F-1498-2017,Terminated,Class I,IA,United States,"Palmer and Company, dba Palmer Candy Co","Palmer's Candies Creme De Menthe Bark, A) NET WT 9 OZ (255 g) packaged in cardboard boxes, UPC Code 77232-16043, B) NET WT 9 OZ (255 g) packaged in plastic clamshell containers, UPS code 77232-17255; C) NET WT 10 lbs Net Weight (4.54 kg) packaged in cardboard boxes",Product contains an ingredient that was recalled by a supplier because it may be contaminated with Salmonella,Voluntary: Firm initiated,20170109,20170301,20190507
F-1227-2018,Terminated,Class II,MN,United States,Target Corporation,Yasso Birthday Cake Pint    UPC: 851035003739    Target item number: 288-7-1614,Shipping container from CA to HI was not held at proper temperature which could cause food items to be contaminated with spoilage organisms or pathogens,Voluntary: Firm initiated,20180327,20180509,20180503
F-2203-2017,Terminated,Class I,OR,United States,"Reser's Fine Foods, Inc.","Reser's Fine Foods, American Classics Macaroni Salad, Net Wt 1 lb. (454 g) UPC 7117.19007, packaged in 16 oz plastic tubs, 12 per case. Reser's Fine Foods, Inc. Beaverton, OR 97006.",Product contains undeclared milk and soy.,Voluntary: Firm initiated,20170331,20170517,20170606
F-1323-2019,Terminated,Class I,NY,United States,Hercules Candy Company,Cashew Brittle Bits in clear 4oz bag with a Best By date of 07/14/19 and barcode number of 00369,Product may contain undeclared peanuts,Voluntary: Firm initiated,20190405,20190508,20190702
F-1448-2015,Terminated,Class II,KY,United States,Chris A Papas & Son Co,White Opera  Cream,During an FDA Investigation the firm was notified that their labels lack the declaration of soy and Yellow #5 which are known allergens.,Voluntary: Firm initiated,20150122,20150325,20150921
F-0008-2023,Completed,Class I,GA,United States,Renaissance Food Group,"Diced Red Onion, NET WT, 10 OZ (283g), Dist. By: Renaissance Food Group LLC 4322 Moreland Ave. Conley, GA 30288, UPC, 8 26766 18100 1",Firm received positive test results for L. monocytogenes in a finished product. All products manufactured with the same components are being recalled.,Voluntary: Firm initiated,20220912,20221012,
F-0610-2014,Terminated,Class I,WI,United States,"Garden-Fresh Foods, Inc.","Finest Traditions Mock Crab Salad, 7 33147 00027 4, 6/16 oz  Finest Traditions Mock Crab Salad, 10 733147 10287 6,,1/8 lb","Garden-Fresh Foods is recalling various ready-to-eat salads, slaw, and dip products sold under various brands and codes because they may be contaminated with Listeria monocytogenes.",Voluntary: Firm initiated,20131030,20131211,20140313
F-0578-2023,Terminated,Class I,MD,United States,"FRESH IDEATION FOOD GROUP, LLC dba Fresh Creative Cuisine","Fresh Creative Cuisine, Turkey Sausage, Egg & Cheddar Muffin, Net . Wt. 5.5 Oz. Single Serving, Keep refrigerated","On 02/03/2023, FRESH IDEATION FOOD GROUP, LLC dba Fresh Creative Cuisine of Baltimore, MD is  initiating a recall of  various products sold from January 24, 2023 through January 30, 2023 because the products have the potential to be contaminated with Listeria monocytogenes .",Voluntary: Firm initiated,20230203,20230322,20231017
F-1260-2020,Terminated,Class I,OR,United States,Emerald Fruit & Produce Inc,"M60026CS Onions Yellow Sliced sold by pound for foodservice use. Product is perishable, refrigerated, shelf life 5 days, and packed in 5 lbs. cello bags. No label was attached/provided.",Processed onions products are recalled due to a potential contamination with Salmonella Newport.  Onions were supplied from Thomson International Inc.,Voluntary: Firm initiated,20200731,20200902,20200928
F-0713-2020,Terminated,Class II,OR,United States,New Seasons Market LLC,"Vegetarian Lasagna With Gluten-Free Pasta, New Seasons Market brand.  Product is packaged in a grab ""n"" go aluminum containter with a clear  dome lid, and labeled with a scale PLU label. UPC 252390 706998.    The CORRECT label reads in part: ""*** VEGETARIAN LASAGNA WITH GLUTEN-FREE PASTA***Filling: Marinara [crushed tomatoes***diced tomatoes***ricotta-cheese (pasteurized whey, cream and milk, vinegar, salt)***mozzarella-provolone blend***Parmesan cheese ***Gluten-free Pasta: White rice flour, pasteurized liquid whole eggs***Contains: Milk, Egg***"".",Undeclared Soy.  BBQ sauce was inadvertently used instead of Marinara sauce and BBQ sauce contains soy.  The Vegetarian Lasagna finished product label does not declare soy.,Voluntary: Firm initiated,20200206,20200226,20200219
H-0360-2026,Terminated,Class II,PR,United States,Rovira Biscuit Corporation,"Vanilla Econo, Galletas de Vainilla, 8 paquets per Net Wt. 9.6 oz box (272 g), 6 box per case. UPC 072981005022","Undeclared colors FD&C Yellow #6, and FD&C Red 40",Voluntary: Firm initiated,20251217,20260114,20260407
F-1691-2015,Terminated,Class II,CA,United States,Health One Pharmaceuticals Inc,"All Tonic, 80 Veggie Capsules, 400 mg",Health One Pharmaceuticals is recalling dietary supplements due to significant violations of the cGMP regulations for dietary supplements.,Voluntary: Firm initiated,20150204,20150408,20150331
F-2543-2017,Terminated,Class II,MA,United States,"National Fish & Seafood, Inc.",AMERICAS CHOICE B/D SHRIMP BEER BATTERED POPCORN 12/14 OZ,Product may contain undeclared milk.,Voluntary: Firm initiated,20170608,20170719,20180501
F-0857-2025,Terminated,Class I,CA,United States,Fresh & Ready Foods LLC,"Fresh & Ready Foods Ham & Cheese Mega Sandwich, 7.5oz. plastic container. Best buy: 05/09/2025-05/12/2025  UPC# 6 82906 89048 2",Listeria Monocytogenes detected on food contact surfaces in Ready To Eat sandwich manufacturer facility.,Voluntary: Firm initiated,20250510,20250611,20260324
F-2006-2015,Terminated,Class II,PA,United States,"Giant Eagle, Inc.","Giant Eagle P5 Buffalo Boneless Wings; PLU: 45511; Sell By: (up to and including) 03/30/2015; Contains: Wheat, Soy; Keep Refrigerated;  Distributed by: Giant Eagle, Inc., Pittsburgh, PA 15238    Packed in rigid plastic Clear/Black container  Prepared and packaged at retail store.  FINISHED PRODUCT IS NOT A USDA INSPECTED PRODUCT",Giant Eagle Chicken products made with buffalo sauce (in natural flavor) contains undeclared milk,Voluntary: Firm initiated,20150325,20150506,20150518
F-1018-2013,Terminated,Class II,WA,United States,"Giant Greens, Inc.","Wheatgrass is packaged in a pint or cup, 16 oz. bag, or 5 lb. Flat cardboard box and sold under the Sprouters Northwest brand.     The Wheatgrass in a pint or cup has UPC 0 79566 12380 5;  The wheatgrass in 16 oz. bag or 5 lb. Flat cardboard box does not have any UPC.      The wheatgrass, Sprouters Northwest, pint or cup., is labeled in parts: ""***Wheatgrass***CERTIFIED ORGANIC***Pint***Sprouters NORTHWEST, INC.***KENT, WA 98032***"".      The wheatgrass in 16 oz. bag is labeled in parts: ""***ORGANIC WHEATGRASS***SKU# 16OZCW***Keep Refrigerated***Not For Retail Sales as Packaged***"".      The wheatgrass in 5 lb. Flat cardboard box is labeled in parts: ""***Wheatgrass***1 Ea. 21""X21"" Wheatgrass/case***Item 40019***"".",Wheatgrass is recalled due to a potential contamination with Listeria monocytogenes.,Voluntary: Firm initiated,20130128,20130306,20130320
F-1167-2020,Terminated,Class I,NY,United States,Haven'S Kitchen,"HAVEN'S KITCHEN***GOLDEN TURMERIC TAHINI***NET WT 5oz (142g)***Ingredients: Water, Tahini, Extra Virgin Olive Oil, Roasted Garlic, Lemon Juice Concentrate, Date Paste, Sea Salt, Turmeric, Cumin, Ground Sumac (Sumac, Salt), White Pepper***","Product is labeled as the wrong sauce, resulting in soy being undeclared on the label.",Voluntary: Firm initiated,20200806,20200826,20201105
F-3154-2017,Terminated,Class II,IL,United States,Newly Weds Foods Inc,"B21085, BATTER MIX, NET WT 50 LBS, Manufactured By: Newly Weds Foods, Inc., Chicago, IL 60639",Product may contain undeclared milk.,Voluntary: Firm initiated,20170503,20170726,20190805
F-1677-2017,Terminated,Class I,CO,United States,"Ciao Bovina, LLC",Ciao Bovina Italian Strawberry. 1 Pint (473 ml). Non-Dairy Gelato. No GMO's. Coconut Free. Soy Free.,"Ciao Bovina, LLC announces a voluntary field action for Italian Strawberry Gelato due to potential contamination with Hepatitis A Virus.",Voluntary: Firm initiated,20161008,20170329,20170531
F-1221-2017,Terminated,Class I,CA,United States,"Lenny & Larry's, Inc.","4 oz. Complete Cookie, Coconut Chocolate Chip, UPC Code: 7 87692-83538 6,   12pks: 15,834 sleeves (contains 12 cookies)   Total cookies from pack sizes above: 190,008",Lenny & Larrys is recalling Chocolate Chip and Coconut Chocolate Chip cookies due to the possible presence of undeclared milk in the dark chocolate chips.,Voluntary: Firm initiated,20161212,20170118,20170531
F-2208-2014,Terminated,Class II,IL,United States,Kraft Foods Group,"Low fat cottage cheese, 2% milkfat, sold under the Breakstone's brand, Daily Chef brand, Knudsen brand, or Kraft brand packaged in a tray of 4 plastic containers each with a net weight of 4 oz. (113 g), a tray of 8 plastic containers each with a net weight of 4 oz. (113 g), a plastic container with a net weight of 8 oz. (227 g), a plastic container with a net weight of 16 oz. (1 lb.) 453 g, a plastic container with a net weight of 24 oz. (1.5 lb.) 680 g, a plastic container with a net weight of 32 oz. (2 lb.) 907 g, or a 3 lb. plastic container with a net weight of 48 oz. (3 lb.) 1.36 kg.","Kraft Foods is voluntarily recalling 18 SKUs of Knudsen Cottage Cheese, nine SKUs of Breakstone's Cottage Cheese, five SKUs of Simply Kraft Cottage Cheese and two SKUs of Daily Chef Cottage Cheese produced at our Tulare, CA manufacturing facility. Some ingredients used in these products were not stored in accordance with Kraft's temperature standards. While unlikely, this could create conditions t",Voluntary: Firm initiated,20140516,20140730,20160622
F-1659-2016,Terminated,Class I,TN,United States,The Pictsweet Company,"PICTSWEET(R) Steamables, Seasoned Spring Vegetables, with Asparagus and Ground Peppercorn Seasoning, NET WT 10 OZ (283g), UPC 70560 97826, DISTRIBUTED BY THE PICTSWEET COMPANY, BELLS, TN 38006",Products contain onions which were recalled for the possibility of Listeria monocytogenes contamination.,Voluntary: Firm initiated,20160409,20160713,20170803
F-1000-2021,Completed,Class II,GA,United States,"Sysco Atlanta, LLC","MINOR'S SEAFOOD BASE NO MSG GF 6/16 OZ (1 lb) 453 G UNITS Plastic container (pint) gluten free DISTRIBUTED BY NESTLE PROFESSIONAL NORTH AMERIC, SOLON, OH 44139",The firm determined that the food was not held at an appropriate temperature. Because of the time-temperature relationship of the environment this food could be unsafe to consume.,Voluntary: Firm initiated,20210813,20210929,
F-2391-2012,Terminated,Class I,FL,United States,Indalco Foods Corp.,"***Dulce De Leche ""Del Campo""***Ice Cream ""Base"" (Flavor)***FB 23546***Mfg. Date***Keep Refrigerated at 40*f***Lot#***Net Wt 55 LBS***Indalco Food Corp., Miami, FLA (305) 620 1444***    Caramel milk spread is packed in white plastic pails of 55 lbs. under the firm's brand name ""Del Campo"".","On June 28, 2011, Indalco Foods, Corp., Miami, FL initiated a voluntary recall of their product caramel milk spread ice cream base (dulce de leche heladero).  Product labeling does not list Milk.",Voluntary: Firm initiated,20110628,20121003,20140804
F-2300-2014,Terminated,Class I,IL,United States,Hot Mama's Foods,Edamame Hummus sold under the Trader Joe's brand and packaged in a transparent plastic tub with a white lid and with a net weight of 8 oz (227 g).,"Lansal, Inc. (d.b.a. Hot Mama's Foods) is recalling approximately 14,860 pounds of hummus and dip products due to concerns about possible Listeria monocytogenes.",Voluntary: Firm initiated,20140515,20140813,20160517
H-0047-2026,Terminated,Class I,AR,United States,"Black Sheep Egg Company, LLC","Free Range Grade A Large Brown Eggs, 12ct Cartons, UPC: 860010568507,  Black Sheep Egg Company 400 S Memorial Drive  Walnut Ridge AR 72476",Potential Salmonella contamination.,Voluntary: Firm initiated,20250919,20251022,20251121
F-2924-2017,Terminated,Class III,MA,United States,Channel Fish Processing Co. Inc,Channel Brand - Raw Breaded Bay Scallops - Net wt/ 10lb. (4.54 KG),Products recalled due to undeclared allergen -milk,Voluntary: Firm initiated,20170613,20170802,20170912
F-0474-2018,Terminated,Class I,NH,United States,Yorgo Food's Inc.,"Yorgo's Foods THREE BEAN SALAD NET WT. 5 LBS 80 oz (2268g) UPC: 7 56248 10071 1 and Yorgo's THREE BEAN SALAD NET WT. 12 OZ (340g) UPC: 7 56248 10063 6. Product is packaged in a clear plastic container, keep refrigerated.",Product may be contaminated with Listeria monocytogenes.,Voluntary: Firm initiated,20171110,20171206,20180713
F-1296-2017,Terminated,Class II,MD,United States,"Chesapeake Spice Company, LLC",GREEN BEAN SAUCE SEASONING  NET WEIGHT: 50.00 LBS,Milk Ingredient that was recalled went into  Chesapeake Spice products.,Voluntary: Firm initiated,20161216,20170125,20170215
H-1059-2026,Terminated,Class III,ID,United States,Albertsons Companies LLC,UPC 29120700000 Ready Meals SALAD SMOKED SALMON & FETA PASTA SS   UPC 29137800000 SALAD SMOKED SALMON & FETA PASTA FS COLD     This is Albertson's store-made item and sold by random weight at point of sale with grocery store's scale label.,Contains statement does not declare Salmon,Voluntary: Firm initiated,20260506,20260610,20260702
F-0135-2016,Terminated,Class I,VA,United States,Aksar LLC,"AKSAR  (life taste and beyond)  Cashew Pieces     4040615  Net Wt: 7oz (200gm)  , Net Wt: 28oz (800gm)    4051315  Net Wt: 400 gms (14oz) , Net Wt: 5lb    20 NEWLAND COURT, STERLING, VA 20165  Phone # 703-880-9802 , FAX # 703-880-1602",The USFDA alerted firm during current inspection that a sample collected by agency had tested positive for Salmonella .  The firm decided to recall the product .,Voluntary: Firm initiated,20150520,20151111,20160111
F-0228-2024,Terminated,Class I,MD,United States,"FRESH IDEATION FOOD GROUP, LLC dba Fresh Creative Cuisine","Quick & Fresh, Smoked Turkey & Swiss Croissant, Net . Wt. 7 Oz. Single Serving, Keep refrigerated","On 02/03/2023, FRESH IDEATION FOOD GROUP, LLC dba Fresh Creative Cuisine of Baltimore, MD is  initiating a recall of  various products sold from January 24, 2023 through January 30, 2023 because the products have the potential to be contaminated with Listeria monocytogenes .",Voluntary: Firm initiated,20230203,20230322,20231017
F-0479-2017,Terminated,Class I,IA,United States,"Wells Enterprises, Inc.",Blue Bunny Ice Cream Hoppin' Holidoodle ice cream 46 fl. oz. UPC 070640014644 and UPC 070640014651 (high altitude).,Product may be contaminated with Listeria Monocytogenes.,Voluntary: Firm initiated,20161010,20161130,20170105
F-1578-2013,Terminated,Class II,FL,United States,"Hoover Mill, Inc.",ARNETT'S PLAIN CORN MEAL NET WT. 24 OZ. (1lb. 8 oz)(680g,Due to high levels of aflatoxin,Voluntary: Firm initiated,20130410,20130710,20130703
F-1068-2020,Terminated,Class II,FL,United States,Fresh Express Incorporated,"Fresh Express Gourmet Cafe Creative Classics Turkey & Bacon Chef 5.75 oz.,UPC 071279407081,  Iceberg & romaine lettuce, carrots & red cabbage","Ready to Eat salad products containing iceberg lettuce, red cabbage and/or carrot ingredients are recalled due to a possible health risk from Cyclospora.",Voluntary: Firm initiated,20200619,20200722,20201216
F-1684-2018,Terminated,Class III,CA,United States,Advanced Food Concepts,"GU Energy Gels:  Caramel Macchiato, Gel;  GUGEL 1 Pkt; item # 123031, UPC 769493200518;  GUGEL 24Pkt Box; item number 123056, UPC 769493200525",Firm was notified by L-Leucine supplier that product may contain cyclamates. Testing of the product confirmed this and a recall was initiated.,Voluntary: Firm initiated,20180718,20180808,20191114
F-0440-2024,Terminated,Class I,FL,United States,Paradise Flavors LLC,"MAMEY, PARADISE FLAVORS LLC, 4 oz. Packaged in plastic pouch. Frozen.",Undeclared allergen: Milk.,Voluntary: Firm initiated,20230927,20231122,20240125
F-1590-2014,Terminated,Class II,CA,United States,Mars Food US,"Uncle Ben's (R), Infused(R) Rice Cheese Flavor, net weight 5 LB (2.27 kg), Distributed by MARS foodservices US, P.O. Box 11547, Carson, CA 90749-1547",Reports of mild flushing reaction after consumption of product led to concern of possible production issue.  Flushing condition resolved itself within two hours.,Voluntary: Firm initiated,20140206,20140305,20170327
F-0904-2019,Terminated,Class II,VT,United States,"PBM Nutritionals, LLC","Parent's Choice Toddler Next Stage¿ Milk Drink Powder Natural Milk Flavor With Other Natural Flavors, Stage 3, 1 Year and Up, NET WT 24 OZ (1.5 LB) 680g, UPC: 0 78742 06717 9 and Little JOURNEY Toddler Next Stage MILK DRINK POWDER, NET WT I PESO NETO 24 OZ I ONZAS (1.5 LB) 680g.",Product may contain foreign material.,FDA Mandated,20190121,20190220,20190529
F-0787-2024,Terminated,Class II,CT,United States,Lecoq Cuisine Corporation,RTB MIXED DANISH Variety,Contains undeclared soy lecithin.,Voluntary: Firm initiated,20231215,20240131,20240716
F-1116-2022,Terminated,Class I,OH,United States,The JM Smucker Company LLC,JIF 33.5 OUNCE NO ADDED SUGAR CREAMY PEANUT BUTTER,Products are potentially contaminated with Salmonella.,Voluntary: Firm initiated,20220520,20220608,20230317
F-1477-2018,Terminated,Class I,ID,United States,"Viable Solutions, LLC","Mitragyna Speciosa Leaf Powder-GREEN Horn, sold under the brand name Herbal-Salvation.com.  The powder is packaged in kraft paper, foil-lined heat sealed pouches and sold in 25g, 100g, 250g, and 1000g.      The product label is read in parts: ""***herbal-salvation***Mitragyna Speciosa Leaf Powder Green Horn***Origin: Indonesia***Disclaimer: This product is sold as a bulk botanical without directions or claims.  Keep away from children***2204 Cortland Place, Nampa, ID 83678***WWW.HERBAL-SALVATION.COM***"".",Mitragyna Speciosa Leaf Powder Green Horn Kratom product is  being recalled because they have the potential to be contaminated with Salmonella,Voluntary: Firm initiated,20180418,20180509,20181116
F-1643-2024,Ongoing,Class II,CO,United States,"Izzio Artisan Bakery, LLC","Izzio Everything Roll packaged in 12oz plastic bag, 6 rolls per bag - 16 bags per case.",Potential foreign material - plastic,Voluntary: Firm initiated,20240720,20240814,
F-0087-2016,Terminated,Class I,CA,United States,Karoun Dairies,"Mozzarella   Natural Hickory Smoked  Net Wt. 1lb.    UPC Codes:  7 96252 70012 5, 7 96252 70013 2, 7 96252 12014 5,  7 96252 12015 2    Product is vacuum packed.",Karoun Dairies is recalling all cheese manufactured from an identified manufacturer due to potential Listeria monocytogenes contamination.,Voluntary: Firm initiated,20150916,20151028,20160412
F-1974-2017,Terminated,Class I,OH,United States,Dutch Valley Food Distributors,Holiday Crowd Pleaser Basket Containing packages Guggisberg Marble Cheese.,The firm was notified by their supplier that various cheese products they received were contaminated by Listeria monocytogenes.,Voluntary: Firm initiated,20170216,20170426,20180215
H-0210-2026,Terminated,Class I,TX,United States,"WFM Purchasing, LP",Whatcom Blue Sliced cheese; Sliced and packaged in deli plastic wrap with Whole Foods Scale labels.,Twin Sisters Creamery's recall of cheese products due to WSDA testing that identified potential STEC and E. coli O103 contamination. Whole Foods Market received affected products through distributor Peterson Company and sold them by weight with store-generated labels.,Voluntary: Firm initiated,20251027,20251203,20260206
F-1225-2023,Terminated,Class II,TX,United States,"Stellex/CF Houston, LLC","Wegmans single serve snack tray (5.7oz)  packaged in a clear square plastic packaging with fruit, almonds and cheese 6 trays per case",Undeclared almonds and/or undeclared wheat,Voluntary: Firm initiated,20230615,20230712,20250221
F-0028-2013,Terminated,Class I,NJ,United States,"Newark Nut Stores, Inc.","Organic Pine Nuts (Raw, No Shell)  1 lb.Nuts.com  NutsOnline, 125 Moen Street, Cranford, NJ 07016 800-558-8881",Pine nuts may contain peanuts,Voluntary: Firm initiated,20120821,20121017,20150611
F-1285-2024,Terminated,Class II,CT,United States,Charles Boggini Company Llc,Charles Boggini Company Cola Flavoring Base; packaged in 1 gallon jugs and 5 gallon pails,Products contain undeclared sulfites.,Voluntary: Firm initiated,20240329,20240612,20240703
F-0238-2017,Terminated,Class I,NY,United States,SM Fish Corp.,"OSSIE'S STIGLITZ HERRING, NET WT. 7 OZ., UPC 739885109064; -- Far Rockaway, NY 11691 --- The product is packed in a plastic deli tub.",The products have the potential to be contaminated with Listeria monocytogenes based on the findings of the bacteria in the plant via FDA environmental sampling plus the district's inspectional findings,Voluntary: Firm initiated,20160915,20161102,20170417
F-1408-2016,Terminated,Class I,PA,United States,"Giant Eagle, Inc.","Walnut Delights 6 Pack  Net Weight: 9 oz.  PLU #69690  UPC: 2 69690 20399 7  Giant Eagle, LLC, Pittsburgh, PA",Giant Eagle discovered that the scale label fails to declare the milk ingredient. The allergen statement does not declare the milk allergen.,Voluntary: Firm initiated,20160428,20160608,20161212
F-0790-2021,Terminated,Class I,TX,United States,LSG SKY CHEFS,"Circle K Chicken Salad Sandwich, 5.9 oz. (167g) clamshell packaging with tamper strip, UPC 815138013996, Manufactured By: LSG Sky Chefs Supply Chain Solutions, Inc. 3555 S. 28th St. Phoenix, AZ. Perishable/Keep Refrigerated.","The firm is recalling Circle K brand Chicken Salad Sandwiches ""best buy"" date of 6/7/21 through 7/9/21 because the chicken used is subject to a national recall issued by Tyson Foods due to the potential to be contaminated with Listeria monocytogenes.",Voluntary: Firm initiated,20210705,20210728,20210819
F-0732-2024,Terminated,Class II,MD,United States,"TreeHouse Foods, Inc.",Central Market 32oz Organic No Salt Added Chicken Broth,potential microbial contamination,Voluntary: Firm initiated,20230921,20240124,20240322
F-0007-2019,Terminated,Class II,FL,United States,"Baker's Service of South Florida, Inc.","Guava Pastry. The product is packed in a cardboard box.  The firm marks the Guava Pastry option printed on the box.   Labeling for the cardboard box  reads in part: WHOLESALE FROZEN BAKERY PRODUCTS, TRACY BAKERY, GUAVA PASTRY, HANDLING INSTRUCTIONS, PREPARATION & BAKING, INGREDIENTS.","Finished product labeling did not declare wheat and color additives (Yellow #6, Red #3, and Red #40).",Voluntary: Firm initiated,20180919,20181010,20200110
F-1477-2017,Terminated,Class I,TX,United States,"Whole Foods Market Brand 365, Llc","Whole Foods Market, TART LEMON SMALL","According to the firm, packaged crusts used in various tarts these tarts contains Almond Flour (Nuts) which is listed as an ingredient on the package, but is not listed as an ingredient on the WFM scale label.",Voluntary: Firm initiated,20170102,20170222,20170705
F-0474-2022,Terminated,Class I,GA,United States,NutraCap Labs LLC,OTAK Innovations OTAK:AM Capsules 90ct Bottle UPC CODE 4 08012 0204,During an FDA investigation the firm was notified that the product contains undeclared milk.,Voluntary: Firm initiated,20211109,20220119,20240521
H-0665-2026,Terminated,Class II,WA,United States,Booey's Gourmet LLC,"Booey's Dragon's Breath sauce, 15.2oz ringneck glass bottle. UPC on bottle: 7 01936 29222 3.  There are 12 bottles per case. Manufactured Exclusively for  BOOEYS GOURMET 3924 N. Cannon St. Spokane, WA 99205.  Label declares: INGREDIENTS: Contains Soy and Wheat. *** Soy Sauce (Water, Soybeans, Wheat, Salt ***Squid Sauce (Anchovy Extract) ***Sesame Oil***.","Ingredients statement declares Anchovy and Sasame, but Contains statement does not declare Fish (Anchovy) and Sesame.",Voluntary: Firm initiated,20260323,20260422,20260609
F-0383-2021,Terminated,Class I,CO,United States,Simply Delicious Inc.,"Bobo's Maple Pecan Oat Bars, 3 oz., UPC 8 2926200021 0, Best By 7/30/21 or 7/31/21.",Two consumer complaints were received for peanuts in maple pecan bars.,Voluntary: Firm initiated,20210322,20210414,20211108
F-2042-2017,Terminated,Class II,PA,United States,"Ashers Chocolates/Lewistown, Inc.",Asher's Chocolate Co. Milk Chocolate (09661) Peanut Butter Caramel Cup 2.25 oz.; 24 piece box.;,Product has the potential to be contaminated with Salmonella.,Voluntary: Firm initiated,20160902,20170426,20170817
F-0044-2021,Terminated,Class I,CA,United States,Sauer Brands Inc - SLO,The Spice Hunter  Pumpkin Pie Spice   1.8 oz.    Jar UPC 8105701850  Case UPC 40081057018505,Potential Salmonella contamination.,Voluntary: Firm initiated,20201009,20201028,20210218
F-0713-2024,Terminated,Class II,CA,United States,Ventura Foods Llc,"DELI CAROLINA STYLE MUSTARD BBQ SAUCE, 2 oz (57g), plastic cup, 96 cups/case, store in ambient temperatures",Undeclared fish (anchovy) allergen,Voluntary: Firm initiated,20240104,20240124,20240628
F-2338-2016,Terminated,Class I,CA,United States,"Mann Packing Company, Inc.","O Organics Vegetable Tray, 18 oz. (1 lb. 2 oz.) 510g plastic tray.  Best If Used By: AUG 11  UPC (incorrect, which is on the tray): 021130984282  Product of USA & Mexico.","Incorrect ingredient label was attached to 18 oz. O Organics vegetable Trays with Creamy Ranch Dressing Dip and therefore do not correctly identify the allergens egg, milk and soy.",Voluntary: Firm initiated,20160804,20160928,20161019
F-2126-2019,Terminated,Class II,AZ,United States,"Bubbies Homemade Ice Cream and Desserts, Inc.","Bubbies Mochi Ice Cream -Chocolate Coconut Item Code CS812067, UPC Code 20203-5, UPC GTIN 10787325202032. Product is packed in oriented  polystyrene sheet (OPS) thermo-formed 6-cavity trays, tray is packed in 6 count boxes.","Bubbies Mochi Ice Cream, Bubbles Cookie Dough Ice Cream Bites,Trader Joe's Mochi six-piece products because of the potential for ""free-floating"" foreign plastic pieces in the product.",Voluntary: Firm initiated,20190819,20190918,20200310
H-0598-2025,Terminated,Class III,GA,United States,Hi-Tech Pharmaceuticals Inc.,"PRIMENUTRITION TAURINE MENTAL & ATHLETIC PERFORMANCE 125 SERVINGS SUPPORTS ENERGY PRODUCTION PROTEN ANTIOXIDANT PROPERTIES SUPPORTS HEALTHY BLOOD SUGAR LEVELS NET WT. 8.12OZ (250g) DIETARY SUPPLEMENT UPC 6 89466 70601 7 Manufactured by: Prime Nutrition 6015-B Unity Drive Norcross, GA 30071",Unapproved Drug Claims and Misbranded.,Voluntary: Firm initiated,20250806,20250924,20260219
F-1403-2024,Terminated,Class II,OH,United States,Classic Delight LLC,(Item 551697) Wakefield Ham & Cheddar Pretzel Croissant,Possibly contaminated with Listeria monocytogenes,Voluntary: Firm initiated,20240610,20240703,20240812
F-0679-2025,Terminated,Class I,CA,United States,AKT Trading Inc.,"Choshiya branded ""RAKKYO ZUKE PREPARED VEGETABLES"" UPC# JANCODE 4983673526021","Various non-shelf stable packaged vegetables missing ""Keep Refrigerated"" statement on label.",Voluntary: Firm initiated,20250218,20250409,20250429
F-2365-2016,Terminated,Class II,CA,United States,"Ajinomoto Windsor Inc., Golden Tiger Plant","TAI PEI SHRIMP FRIED RICE, 8/12 oz. pails, Product # 7007700806",Ajinomoto Windsor is recalling various Not-Ready-To Eat frozen food items due to the potential for these products to be contaminated with Listeria monocytogenes.,Voluntary: Firm initiated,20160506,20160928,20160923
F-0363-2016,Terminated,Class II,WA,United States,Sockeye Suzys Fish LLC,"Smoked Garlic Steelhead, Sockeye Suzy Fish brand, metal can with a net weight of 6 oz. UPC 7 48252 67362 6",Product has the potential to be contaminated with Clostridium botulinum.,Voluntary: Firm initiated,20150927,20160120,20170127
F-1835-2015,Terminated,Class II,TX,United States,"Creative Foodworks, Inc","Maria's Picante Sauce NEt WT. 12 OZ. (342g) Distributed by Maria's Mexican Restaurante Bogalusa, LA 70427",Product may contain undeclared peanuts.,Voluntary: Firm initiated,20150202,20150408,20150821
F-2282-2012,Terminated,Class I,NJ,United States,"Missa Bay, LLC","Wawa baby carrots Net Wt 3 oz (85g) Distributed by: Wawa, Inc. Wawa, PA 19063 wawa.com  On or before August 16; UPC 2619102517",The products are contaminated with Listeria monocytogenes.,Voluntary: Firm initiated,20120808,20120919,20130528
F-1660-2018,Terminated,Class III,IL,United States,Prinova US LLC,Prinova brand  Product - Reginator NV (41825)  25 Kgs Fiber carton double layer polyethylene bag as liner,"This recall has been identified due to the detection of cyclamates (artificial sweetener). Use of or consumption of cyclamates may include potential health hazard. Cyclamates and its salts (such as calcium cyclamate, sodium cyclamate, magnesium cyclamate, and potassium cyclamate) are currently prohibited from use in the United States.",Voluntary: Firm initiated,20180622,20180801,20190515
F-0434-2019,Terminated,Class I,FL,United States,Working Cow Homemade Inc.,"No Sugar Added Chocolate Ice Cream, 3 gallons",Products may be contaminated with  Listeria monocytogenes.,Voluntary: Firm initiated,20180928,20181121,20190426
F-0096-2021,Terminated,Class I,FL,United States,Incredible Fish,"IncredibleStoneCrab, Mustard Sauce, 8 oz. plastic container, Distributed by: IncredibleStoneCrab,","Undeclared Allergens: Fish, Egg, and Milk.",Voluntary: Firm initiated,20201023,20201118,20201230
F-3446-2017,Terminated,Class II,KY,United States,"Koogee-Queen Anne, LLC",The Comfy Cow Cow Trax Ice Cream 1 pint,The firm is recalling various brands of ice cream due to E. coli & high Coliform Bacteria counts in various products.,Voluntary: Firm initiated,20170721,20170830,20180215
F-2019-2019,Terminated,Class II,WI,United States,"Kerry, Inc","Predust/Batter, Item Number 30753195.49, Net Wt. 50 lb, Distributed by Kerry Ingredients & Flavours, Beloit, WI",Product contains foreign material (nylon string),Voluntary: Firm initiated,20190729,20190821,20200206
F-2310-2015,Terminated,Class II,OR,United States,Bridge City Baking LLC,BRIDGE CITY Baking gluten free Marionberry Crumble Pie.  This product is frozen ready to bake.  Net Wt 24oz    UPC 0 91037 54454 4,Bridge City Baking is recalling three frozen ready to bake pies due to undeclared milk.  Butter is declared without the sub-ingredient milk.,Voluntary: Firm initiated,20150410,20150527,20151229
F-1242-2013,Terminated,Class II,NY,United States,"The Dannon Company, Inc - Discovery & Innovation Center",Dannon Light & Fit Carb & Sugar Control Cultured Dairy Snack Vanilla Flavor 4x4oz cups,The recalled products may potentially contain metal fragment(s) from a faulty manufacturing part.,Voluntary: Firm initiated,20121023,20130327,20130821
F-1981-2012,Terminated,Class I,GA,United States,"Freshpoint Atlanta, Inc.",Processed Yellow Onions - Yellow Slivered,Product may be contaminated with Listeria monocytogenes.,Voluntary: Firm initiated,20120725,20120829,20121214
F-2977-2015,Terminated,Class I,AZ,United States,Inventure Foods,"Frozen Jamba, Fruit & Veggie Smoothies, Green Fusion, Green Apple, Mango, Pineapple, Kiwi, Banana, Broccoli and Spinach, Makes 2-8oz Smoothies, Net Wt. 8oz (227.2g), packed in plastic pouches, Distributed by: Rader Farms, Inc.",Listeria contamination due to various GMP violations. possible.,Voluntary: Firm initiated,20150423,20150826,20170301
F-0781-2021,Terminated,Class II,OR,United States,Bea Lydeckers Naturals Inc,"Living Free Nerve & Muscle Plus Cetyl-Myristoleate Herbal and Glandular Supplement, 180 and 500 capsules per bottles.  Product is packed in white, HDPE plastic bottles with threaded HDPE lids.      Label is read in parts: ""***Living Free Nerve & Muscle Plus Cetyl-Myristoleate *** Herbal and Glandular Supplement***Formulated by Beatrice Lydecker ***Manufactured by Bea Lydecker's Naturals Oregon City, OR***"".",Label declares lecithin but does not declare soy lecithin.,Voluntary: Firm initiated,20210621,20210721,20220224
F-0487-2020,Terminated,Class II,VA,United States,Gerber Products Company dba Nestle Infant Nutrition,"Nestle Toll House Peanut Butter Chocolate Chip Bar (16oz), UPC 050000622634",Potential presence of food-grade rubber pieces.,Voluntary: Firm initiated,20191030,20200115,20200618
F-2054-2014,Terminated,Class II,FL,United States,Physique Enhancing Science,"Physique Enhancing Science ALPHAMINE, Powerful Thermogenic Powder, DIETARY SUPPLEMENT Net Wt. 8.9 oz (252 g). Raspberry Lemonade and Fruit Punch flavors.","Products contain ""Aegeline"" an unapproved New Dietary Ingredient.",Voluntary: Firm initiated,20131115,20140709,20140730
F-2176-2014,Terminated,Class I,CO,United States,"Six Dog, LLC","Certified Organic, Owl Canyon Whole Eggs, packed in one dozen and half-dozen cardstock packages, with a packing date of 93, 94, 97, or 98.",Eggs have the potential to be contaminated with Salmonella Enteritidis,Voluntary: Firm initiated,20140505,20140723,20140812
F-1690-2024,Terminated,Class I,OH,United States,Wiers Farm Inc,Wiers Farm - Hungarian Wax Peppers packaged into 1lb carton - cases size dependent on customer,Listeria monocyotgenes contamination,Voluntary: Firm initiated,20240711,20240814,20240823
F-1568-2022,Terminated,Class II,IN,United States,"Enjoy Life Natural Brands, LLC","Enjoy Life Chewy Bars   Caramel Blondie (Chocolate Chip and Caramel), 5.75 oz (165g) UPC 819597011258 and 819597011333",Due to the potential presence of a foreign material (hard plastic pieces) in baked good products.,Voluntary: Firm initiated,20220630,20220831,20240802
F-0300-2014,Terminated,Class I,OR,United States,"Reser's Fine Foods, Inc.","Red Potato Salad, Formula PO.62, packaged under the following labels:     -Cross Valley Farms Red Royal Potato Salad packaged in 2/8-lb carton cases. Distributed by U.S. Foodservice, Inc., Rosemont, IL.    -Reser's Deluxe Red Skin Potato Salad packaged in 2/8-lb carton cases. Reser's Fine Foods, Inc., Beaverton, OR.    -Block & Barrel Deluxe Red Skinned Potato Salad packaged in 2/5-lb carton cases. Distributed by Sysco Corporation, Houston, TX.",The recalled products are potentially contaminated with Listeria monocytogenes.,Voluntary: Firm initiated,20131022,20140101,20170124
F-0994-2017,Terminated,Class II,FL,United States,Sunset Natural Products Inc.,"DHEA 25 mg, bulk capsules","Pursuant to a consent decree that prohibits the company and its owners for marketing dietary supplements until they, among other things, recall and destroy the dietary supplements that have been manufactured or distributed since April 2, 2014, hire a cGMP expert and receive written permission from FDA to resume operations.",FDA Mandated,20151013,20170104,20170410
F-1374-2023,Terminated,Class II,WA,United States,Bellingham Pasta Co,"Semolina Shells, net wt. 13oz. Product is packaged in a clear clamshell plastic container.  Label declares: Fresh & Hand Crafted Bellingham Pasta Co. Ingredients Semolina Flour, Water, Egg, dusted with Brown Rice Flour. Keep Refrigerated. UPC 8 98975 00219 4.",Pasta label declares semolina flour but does not declare wheat.,Voluntary: Firm initiated,20230703,20230816,20230913
F-0699-2015,Terminated,Class II,TX,United States,Whole Foods Market,"Whole Foods Market 4"" fresh fruit tart decorated with plums, UPC/PLU 0201189005002; Whole Foods Market 6"" fresh fruit tart decorated with plums, UPC/PLU 0201898022000; Whole Foods Market 9"" fresh fruit tart decorated with plums, UPC/PLU 0201897029000",The product has the potential to be contaminated with Listeria monocytogenes.,Voluntary: Firm initiated,20140723,20141217,20150519
F-1033-2017,Terminated,Class II,FL,United States,Sunset Natural Products Inc.,Oyster Dietary Supplement (unknown container size),"Pursuant to a consent decree that prohibits the company and its owners for marketing dietary supplements until they, among other things, recall and destroy the dietary supplements that have been manufactured or distributed since April 2, 2014, hire a cGMP expert and receive written permission from FDA to resume operations.",FDA Mandated,20151013,20170104,20170410
F-0745-2025,Terminated,Class II,PA,United States,"Giant Eagle, Inc.","Multigrain Sourdough Freshly Backed, and Half Multigrain Sourdough Artisan Bread, 15 oz; 7 oz, Bag, 1 unit",Firm is recalling product due to the potential of foreign material (glass),Voluntary: Firm initiated,20250412,20250507,20250502
F-1888-2014,Terminated,Class I,MN,United States,"Schwan's Global Supply Chain, Inc.","Holiday Foods Gourmet Cold Canapes Assortment, 4800361, UPC 70220748003616, 100 OCS. Keep Frozen, For Institutional Use Only, Defrost in Refrigerator for Approximately 3 hours Before Serving, Consume Immediately. Prepared by Holiday Foods Inc, Hollywood, Florida 33020.","Schwans Food Company is recalling Cheddar Cheese Puffs and Gourmet Cold Canapes Assortment manufactured by Holiday Foods, Inc that were prepared with ingredients  which are being recalled by Parker Farm Inc. because of the potential of  Listeria monocytogenes contamination.",Voluntary: Firm initiated,20140325,20140507,20140805
F-2665-2017,Terminated,Class II,NH,United States,High Liner Foods Inc.,"Fisherman's Reserve 12/1lb Breaded Haddock Fillets,  Item Number: B1378",Product may contain undeclared milk.,Voluntary: Firm initiated,20170609,20170823,20171214
F-1336-2014,Terminated,Class II,AL,United States,"Coca Cola Bottling Company United-East, LLC","Diet Coke, 2L, 67.6 FL OZ (2 QT 3.6 FL OZ), UPC 4900005011","One lot of Diet Coke, 2L, may contain regular Cherry Coke which contains sugar.",Voluntary: Firm initiated,20131127,20140108,20140117
F-0896-2021,Terminated,Class I,NY,United States,Bright Farms,"BrightFarms Mighty Romaine; packaged in clear, plastic clamshells; 4oz and 8oz; grown at the company's Rochelle, Illinois indoor farm",Product may be contaminated with Salmonella.,Voluntary: Firm initiated,20210715,20210908,20211005
F-1748-2019,Terminated,Class II,MA,United States,"C & S Wholesale Grocers, Inc.",FAT FREE HALF & HALF - 0.5GAL - MARKET PANTRY;  UPC: 8523961640,Products were not held at an appropriate temperature due to a mechanical malfunction during transportation.,Voluntary: Firm initiated,20190617,20190731,20190731
F-2776-2015,Terminated,Class I,CA,United States,"The Santa Barbara Smokehouse, Inc.",- Cambridge House Mild Smoked Salmon Sliced Side  - Grade A Smoked Salmon Trimmings 1lb    Products are packaged in Reduced Oxygen Package (ROP).  Product is priced per pound.,"The Santa Barbara Smokehouse, Inc. is recalling fresh and frozen cold smoked salmon due to potential Listeria Monocytogenes contamination.",Voluntary: Firm initiated,20150604,20150701,20151215
F-1396-2016,Terminated,Class II,IL,United States,Kraft Heinz Foods,Kool-Aid Jammers Tropical Punch packaged in a red blue and purple box with white lettering.,Possible presence of glass fragments in CapriSun and Kool-Aid Jammers.,Voluntary: Firm initiated,20151229,20160601,20180221
F-1297-2024,Ongoing,Class I,NC,United States,"County Road Seafood, LLC","""COUNTY ROAD SEAFOOD Crab Cake 2 Pack 4 Ounce Allergens: Blue Crab, Soy, Wheat got to be NC SEAFOOD""",Product contains (allergen) undeclared egg.,Voluntary: Firm initiated,20240515,20240612,
F-1560-2018,Terminated,Class II,TX,United States,H-E-B GROCERY COMPANY LP DBA HEB,HEB Creamy Creations No Sugar Added Orange Sherbet quart,May contain broken metal pieces,Voluntary: Firm initiated,20180530,20180620,20180904
F-0379-2020,Terminated,Class I,TX,United States,Whole Foods Market,STIR FRY BEEF VEGAN served on the hot bar,Possible contamination with Listeria monocytogenes,Voluntary: Firm initiated,20191104,20191225,20200114
F-1818-2014,Terminated,Class II,NJ,United States,"Command Nutritionals, LLC","Juggernaut     a) Crimson Punch UPC 811020906803  b) Orange UPC  811020906841  c) Raspberry Lemonade UPC 811020906858    Net Wt. 1.76 lbs.   Manufactured in the USA Infinite Labs, LLC  PO Box 533736 Orlando, FL 32853  1-877-455-2271","Command Nutritionals LLC is recalling Hard Blast-Pink Lemonade and Juggernaut- Various flavors due to contaminated L-Citrulline which was received from Axel Chemicals, Brentwood, TN.",Voluntary: Firm initiated,20140311,20140416,20150428
F-0281-2023,Terminated,Class II,IN,United States,Klosterman Baking Company,Breads: Pretzel product	8309	Clear Bag		Buns	48	2.1 oz.,Products held under insanitary conditions,Voluntary: Firm initiated,20221218,20230125,20230124
F-0818-2016,Terminated,Class I,ID,United States,Paradise Farm Organics Inc,"Thai Fusion Outpost, net weight 5.1 oz.  UPC 0 99853 34255 9.    Thai Fusion Bulk bag, packaged in a ziploc plastic bag, net weight 3 lbs. UPC 0 99853 35255 8.    Thai Fusion On the Go, packaged in microwave able paper cup with plastic lid, net wt. 3.4 oz. UPC 0 99853 38255 5.","Organic Thai Fusion Outpost 5.1 oz. packages, Organic Thai Fusion 3 lbs. bulk bags, and  Organic On the Go Thai Fusion 3.4 oz cups are recalled due to undeclared milk.",Voluntary: Firm initiated,20160317,20160406,20160818
F-0657-2019,Terminated,Class I,NY,United States,"Sprout Creek Farm, Inc.","Margie Cheese. It is packaged with a green round label, wrapped in white milk paper in one-pound wheels.",Product is contaminated with Listeria monocytogenes.,Voluntary: Firm initiated,20181106,20181128,20190205
F-1884-2018,Terminated,Class II,IL,United States,Griffith Labs U.S.A.,Caesar Seasoning  50 pound bag   Item 1000031193,Potential presence of  Salmonella due to use of recalled whey ingredient,Voluntary: Firm initiated,20180717,20180808,20200520
F-1594-2023,Terminated,Class II,NM,United States,"Vitality Works, Inc","100 vegetarian  Fenugreek Capsules 90 count, 600mg, packaged in 150cc Amber Glass Packer  with White Polypropylene Cap.",Foreign material: pieces of a pen (writing utensil).,Voluntary: Firm initiated,20230822,20231004,20231113
F-1535-2022,Terminated,Class II,OH,United States,The Procter & Gamble Company,Vicks Children's Botanicals Liquid Nighttime  4oz plastic bottle,Acidified/Low Acid dietary supplement with no approved process.,Voluntary: Firm initiated,20220712,20220810,20240815
F-0420-2024,Terminated,Class I,NY,United States,Tiffany Food Corp.,"Mini Fruit Jelly Cups; Assorted Flavor; UPC: 4 714379 320985, Net Wt. 52.9 oz",Products are a choking hazard,Voluntary: Firm initiated,20231019,20231115,20250805
F-0375-2015,Terminated,Class II,MI,United States,"Good Herbs, Inc.","Good Herbs, Inc., PARSLEY, 1 oz bottle, 550 Oliver Dr Troy, MI 48084 The Quality Herb That Works",Products not manufactured under GMP's,Voluntary: Firm initiated,20140505,20141105,20160203
F-1185-2019,Terminated,Class I,PA,United States,Utz Quality Food Inc,"Bachman Original Twist Pretzels,10 oz.Bag (flexible film) UPC: 0-77817-10580-8","Utz Quality Food, LLC is initiating a recall of Bachman Original Twist Pretzels,10 oz.Bag (flexible film) Net Wt.: 10 oz.,  UPC: 0 77817 10580 8 , because of Undeclared milk allergen.   Butter Twist  pretzels mistakenly packaged into regular  Pretzel Twist  bags.",Voluntary: Firm initiated,20190225,20190403,20190627
F-1464-2023,Terminated,Class II,NH,United States,C & S Wholesale Grocers Inc.,The following items sold at Stop & Shop stores located in the New York Metro Region:  Tofurky Holiday Ham Roast Nasoya Tofu X-Firm Twin Pack Field Roast Apple Vegan Sausage Field Roast Veggie Burger Lightlife Jackfruit Nasoya Thai Basil Dumpling Field Roast Italian Sausage Field Roast Apple Sausage BBQ Jackfruit Tex Mex Jackfruit Lightlife Sausage Chorizo  Nasoya Organic Tofu Firm Nasoya Zesty Mex Skillet Field Roast Chipotle Sausage Nasoya Super Firm Sprouted Tofu Lightlife Smart Sausage Italian Lightlife Smart Slice Turkey Nasoya Extra Firm Tofu Lightlife Smart Bacon Upton's Naturals Jackfruit Thai Curry Smart Dogs Plant Based Hot Dogs Nasoya Organic Super Firm Tofu Tofurky Italian Sausage Lightlife Smart Ground Crumbles Lightlife Smart Ground Mexican Crumbles Tofurky Oven Roasted Deli Slices,Perishable products were not held at an appropriate temperature.,Voluntary: Firm initiated,20230719,20230906,20230927
F-0165-2017,Terminated,Class II,PA,United States,BIMBO Bakeries USA Inc.,"Entenmann's Little Bites Variety - 20 pouches labeled for resale  10 Chocolate Chip; 5 Blueberry; 5 Fudge Brownie;  Net Wt 2 lbs.;  Distributed by: Entenmann's Inc., General Offices, PO #976, Horsham, PA 19044.  Best by: September 24, 2016/ 3098;  UPC:7203001799",Presence of plastic in muffins and brownies.,Voluntary: Firm initiated,20160830,20161026,20170629
F-1302-2019,Terminated,Class II,WI,United States,"American Pasteurization Company, LLC","Mediterranean Brands Callaloo Greens, Product 6017.  Net Weight 15.0 lbs (6.90 Kgs).  Keep Frozen.  Manufactured for:  MBI, Glenview, IL  60025",Callaloo Greens are being recalled due to potential contamination with foreign material (plastic).,Voluntary: Firm initiated,20190409,20190501,20190806
F-1943-2012,Terminated,Class II,NJ,United States,Baroody Imports Inc.,Chiclets Chewing Gum Fruit Flavors; Made in Lebanon; Manufactured by Cadbury Adams Middle East S.A.L.,Baroody Imports Inc. is voluntarily recalling Chiclets Chewing Gum (Fruit Flavors) due to Misbranded/Unsafe Color Additives.,Voluntary: Firm initiated,20120329,20120822,20150804
F-3129-2017,Terminated,Class II,IL,United States,Newly Weds Foods Inc,"A99824, BREADER X1, NET WT 35 LBS, Manufactured By: Newly Weds Foods, Inc., Chicago, IL 60639",Product may contain undeclared milk.,Voluntary: Firm initiated,20170503,20170726,20190805
F-0378-2015,Terminated,Class II,MI,United States,"Good Herbs, Inc.","Good Herbs, Inc., PEPPERMINT, 1 oz bottle, 550 Oliver Dr Troy, MI 48084 The Quality Herb That Works",Products not manufactured under GMP's,Voluntary: Firm initiated,20140505,20141105,20160203
F-0493-2018,Terminated,Class II,OH,United States,The Kroger Co,"Comforts FOR BABY Purified Water with Flouride Added. 1 GAL (3.78 L)  DISTRIBUTED BY THE KROGER CO., CINCINNATI, OHIO 45202",the firm received a complaint of mold found in the product.,Voluntary: Firm initiated,20170703,20171213,20180314
F-3000-2017,Terminated,Class II,IL,United States,Newly Weds Foods Inc,"A22178, BATTER MIX X1, NET WT 50 LBS, Manufactured By: Newly Weds Foods, Inc., Chicago, IL 60639",Product may contain undeclared milk.,Voluntary: Firm initiated,20170503,20170726,20190805
F-0243-2015,Terminated,Class II,MI,United States,"Good Herbs, Inc.","Good Herbs, Inc., FLOWER ESSENCE WILLOW, 1 & 4 oz bottle, 550 Oliver Dr Troy, MI 48084 The Quality Herb That Works",Products not manufactured under GMP's,Voluntary: Firm initiated,20140505,20141105,20160203
F-2254-2016,Terminated,Class I,MA,United States,"Atlantic Spice Co., Inc.","Atlantic Spice Cranberry Health Mix, packaged in a 16 oz, clear plastic bag; #1947",Product was processed on the same equipment as product possibly contaminated with Listeria monocytogenes.,Voluntary: Firm initiated,20160602,20160921,20190719
F-0754-2018,Terminated,Class II,NY,United States,"Wegmans Food Markets, Inc.","Wegmans Ready To Cook Lobster & Shrimp Steam Pot, Sold by the lb. UPC: 2-16326-00000",Products may contain undeclared soy lecithin.,Voluntary: Firm initiated,20180119,20180207,20180426
F-2463-2015,Terminated,Class I,TX,United States,"Blue Bell Creameries, L.P.",Blue Bell Ice Cream Dutch Chocolate One Pint (473mL) and Half Pint Size,Five patients who were treated in a single hospital in Kansas were infected with one of four rare strains of Listeria monocytogenes.,Voluntary: Firm initiated,20150313,20150701,20161103
F-0448-2019,Terminated,Class I,FL,United States,Working Cow Homemade Inc.,"French Vanilla Ice Cream, 3 gallons",Products may be contaminated with  Listeria monocytogenes.,Voluntary: Firm initiated,20180928,20181121,20190426
F-1732-2012,Terminated,Class III,MI,United States,"H & L Jerch Sales, Inc.",Middle-Age Energy Booster bottles of 60 tablets taken orally Nokomis Research Inc  Bell Lifestyle Products #65,"The products contain synthetic equivalents of spermine and/or spermidine, which are constituents or extracts of an herb or other botanical, and the that a synthetic copy of a constituent or extract of an herb or other botanical is not a dietary ingredient, and such ingredients must be approved for use in supplements.  The use has not been approved.",Voluntary: Firm initiated,20120611,20120718,20130212
F-0693-2013,Terminated,Class I,KY,United States,Kennys Farmhouse Cheese,"Awe Brie  Sizes could be 8oz packages, 1.5lbs packages, 3.5lbs packages, 7lbs packages, or 15lb wheel  Packaging could be vacuum packed bags, paper wrap, or plastic wrap",Due to possible Listeria monocytogenes contamination,Voluntary: Firm initiated,20121002,20121121,20140512
F-1688-2022,Terminated,Class III,IA,United States,"Kent Precision Foods Group, Inc.",Thick-It Original Food & Beverage Thickener 6/36 oz. jars per case,Food and beverage thickener recalled because of possible insanitary conditions during manufacturing,Voluntary: Firm initiated,20220609,20220914,20221220
F-0353-2018,Terminated,Class II,PA,United States,"Giant Eagle, Inc.","Market District Coffee Beans covered in Dark Chocolate; Net Wt. 8 OZ.; Contains Soy; May Contain: Milk  Manufactured in a plant that processes wheat, peanuts, tree nuts and eggs.; Distributed by Giant Eagle, Inc., Pittsburgh, PA 15238-2809","On 10/30/2017, Giant Eagle received notice from their contract manufacturer to recall Market District Coffee Beans Covered in Dark Chocolate due to undeclared milk in the dark chocolate. Giant Eagle product labels do carry the advisory statement ""May Contain Milk"".",Voluntary: Firm initiated,20171030,20171115,20200515
F-0542-2022,Terminated,Class I,IL,United States,Fresh Express Inc (Div of Chiquita Brands),"""Chopped Caesar"" (salad product) packed in 9.4oz., 10.4oz., and 10.5oz. packages",potential to be contaminated with Listeria monocytogenes,Voluntary: Firm initiated,20211218,20220202,20230517
F-1558-2022,Terminated,Class I,ID,United States,Albertsons Companies LLC,"Ready Meals Crab & Shrimp w/Ccktl   SCE NET WT 12 OZ CAL 310 NET WT. 0lb 12oz (340g) ready2eat UPC 23253500000  Store Banners: ACME, Albertsons, Andronico s Community Markets, Balducci s, Carrs-Safeway, Eagle, Jewel-Osco, King s, Pak  N Save, Safeway, Shaw s, Star Market, Vons","Undeclared allergens; fish, shellfish, egg, wheat, and soy",Voluntary: Firm initiated,20220713,20220824,20220929
F-0668-2014,Terminated,Class I,WI,United States,"Garden-Fresh Foods, Inc.","Spoon River Pimiento Spread, 0 11596 55678 9,	1/5 lb","Garden-Fresh Foods is recalling various ready-to-eat salads, slaw, and dip products sold under various brands and codes because they may be contaminated with Listeria monocytogenes.",Voluntary: Firm initiated,20131030,20131211,20140313
H-0023-2025,Terminated,Class I,TX,United States,Sysco Corporation,RTSALSA1LB	1#	EAST COAST FRESH	Salsa Cup - 1 lb	ALL LOT CODES SAL20	5#	EAST COAST FRESH	EC-Salsa- Fresh 5#	ALL LOT CODES SAL210	6/1#	EAST COAST FRESH	Salsa- Fresh Retail 6x1# (E)	ALL LOT CODES SAL45	20#	EAST COAST FRESH	EC-Salsa- Fresh 20#	ALL LOT CODES SAL48	7#	EAST COAST FRESH	EC-Salsa- Mild 7# (E)	ALL LOT CODES RTSALSA1LB	1#	EAST COAST FRESH	Salsa Cup - 1 lb	ALL LOT CODES SAL20	5#	EAST COAST FRESH	EC-Salsa- Fresh 5#	ALL LOT CODES SAL21	6/1#	EAST COAST FRESH	EC-Salsa- Fresh Retail 6x1#	ALL LOT CODES SAL210	6 / 1#	EAST COAST FRESH	SALSA RETAIL 1# CUP (6/CASE)	ALL LOT CODES SAL45	20#	EAST COAST FRESH	EC-Salsa- Fresh 20#	ALL LOT CODES SAL460	6 / 1#	EAST COAST FRESH	Salsa HOT 6/1#	ALL LOT CODES SAL519	6/1#	EAST COAST FRESH	Salsa HOT 6/1lb TOPS (E)	ALL LOT CODES SAL532	6/1#	TOPS	SALSA RETAIL 1lb CUP (6/CASE)- TOPS (E)	ALL LOT CODES SAL540	6/30oz	WELLSLEY FARMS	Wellsley Farms Mild Salsa 6/30oz (E)	ALL LOT CODES SALSA166WEIS	6/16 oz	WEIS	SALSA MILD 6/16oz WEIS	ALL LOT CODES SALSABUCKET20	20#	EAST COAST FRESH	Salsa Fresh Bucket 20#	ALL LOT CODES SALSAHOT1	1#	EAST COAST FRESH	Salsa Hot 1 lb	ALL LOT CODES SALSAHOT61	6/1#	EAST COAST FRESH	Salsa HOT 6/1#	ALL LOT CODES SALSAHOT61TOPS	6/1 #	TOPS	Salsa HOT 6/1# TOPS	ALL LOT CODES SALSAHOTAHOLD	6/1 #	AHOLD	Salsa HOT 6/1# - AHOLD	ALL LOT CODES SALSARET1	6/1#	EAST COAST FRESH	SALSA RETAIL 1# CUP (6/CASE)	ALL LOT CODES SALSARET121	12/1#	AHOLD	Salsa Retail 12/1#- AHOLD	ALL LOT CODES SALSARET1NL	6/1 #	EAST COAST FRESH	SALSA RETAIL 1# CUP (NL) (6/CASE)	ALL LOT CODES SALSARET1TOPS	6/1#	TOPS	SALSA RETAIL 1# CUP (6/CASE)- TOPS	ALL LOT CODES SALSATUB51	5#	EAST COAST FRESH	Salsa Fresh 5#	ALL LOT CODES SALSAWELLFMD306	6/30 OZ	WELLSLEY FARMS	Wellsley Farms Mild Salsa 6/30oz	ALL LOT CODES  SAL519	6/1#	EAST COAST FRESH	Salsa HOT 6/1lb TOPS (E)	ALL LOT CODES SAL532	6 / 1#	TOPS	SALSA RETAIL 1lb CUP (6/CASE)- TOPS (E)	ALL LOT CODES SAL540	6/30oz	WELLSLEY FARMS	Wellsley Farms Mild Salsa 6/30oz (E)	ALL LOT CODES SALSA166WEIS	6/16oz	WEIS	SALSA MILD 6/16oz WEIS	ALL LOT CODES SALSABUCKET20	20#	EAST COAST FRESH	Salsa Fresh Bucket 20#	ALL LOT CODES SALSAHOT1	1#	EAST COAST FRESH	Salsa Hot 1 lb	ALL LOT CODES SALSAHOT61	6 / 1#	EAST COAST FRESH	Salsa HOT 6/1#	ALL LOT CODES SALSAHOT61TOPS	6 / 1#	TOPS	Salsa HOT 6/1# TOPS	ALL LOT CODES SALSAHOTAHOLD	6 / 1#	AHOLD	Salsa HOT 6/1# - AHOLD	ALL LOT CODES SALSARET1	6 / 1#	EAST COAST FRESH	SALSA RETAIL 1# CUP (6/CASE)	ALL LOT CODES SALSARET121	12 / 1#	AHOLD	Salsa Retail 12/1#- AHOLD	ALL LOT CODES SALSARET1NL	6 / 1#	EAST COAST FRESH	SALSA RETAIL 1# CUP (NL) (6/CASE)	ALL LOT CODES SALSARET1TOPS	6 / 1#	TOPS	SALSA RETAIL 1# CUP (6/CASE)- TOPS	ALL LOT CODES SALSATUB51	5#	EAST COAST FRESH	Salsa Fresh 5#	ALL LOT CODES SALSATUB71	7#	EAST COAST FRESH	Salsa Fresh Tub 7 lbs	ALL LOT CODES SALSAWELLFMD306	6 /30 oz	WELLSLEY FARMS	Wellsley Farms Mild Salsa 6/30oz	ALL LOT CODES,Cucumbers have the potential to be contaminated with Salmonella,Voluntary: Firm initiated,20250521,20250618,20260206
H-0394-2026,Terminated,Class II,CA,United States,Sanders Candy Factory Inc,Frosted Almond; 20 lbs (bulk);  No UPC#  Bulk Product Code: 23208,elevated levels of aflatoxin,Voluntary: Firm initiated,20250325,20260121,20260804
F-0713-2021,Terminated,Class I,NY,United States,Banner Smoked Fish Inc.,"Banner Smoked Fish Inc. brand Sliced Gravad Lox (Salmon, Salt, Dill weed, Pepper, Natural Hardwood Smoke, Sodium Nitrite)",Product may be contaminated with Listeria monocytogenes.,Voluntary: Firm initiated,20210601,20210630,20211116
H-0424-2026,Terminated,Class II,CA,United States,"Prima Vera Nueva, Inc.","Mushroom, Spinach & Salsa Tamales with 2 Cheeses  Ingredients: Organic Corn Flour Masa, Mushrooms, Spinach, Onions, Jalapenos, Jack and White Cheddar Cheese (pasteurized milk, cheese cultures, salt and enzymes), Butter, Salt, Spices, Baking Powder (Sodium Acid Pyrophosphate, Sodium Bicarbonate, Corn Starch and Monocalcium Phosphate).  Microwave: In husk approx. 90 seconds per tamale. Steam: In husk approx. 15 minutes.  Primavera 17070 Sonoma Hwy. Sonoma, CA 95476 (707) 939-9350 Perishable Keep Refrigerated Net Wt. 24oz.  UPC: 748732000249",Potential contamination with biological hazards (Listeria monocytogenes).,Voluntary: Firm initiated,20251212,20260204,20260624
F-0193-2018,Terminated,Class I,CA,United States,"Mann Packing Company, Inc.","Western Family  Spicy Southwester Kale Kit, 22.8 OZ bags  UPC  062639352301- Canada",CFIA sampled one salad product which resulted in a positive result for Listeria monocytogenes.,Voluntary: Firm initiated,20171019,20171115,20171205
F-0846-2023,Terminated,Class II,FL,United States,Windy Hill Chocolate LLC,Coffee Bonbon,"Undeclared Allergens: Soy, Milk and Tree Nuts",Voluntary: Firm initiated,20230322,20230517,20230731
F-2466-2015,Terminated,Class I,TX,United States,"Blue Bell Creameries, L.P.",Blue Bell  Sherbert Orange One Quart Naturally Low Fat,Five patients who were treated in a single hospital in Kansas were infected with one of four rare strains of Listeria monocytogenes.,Voluntary: Firm initiated,20150313,20150701,20161103
F-0244-2017,Terminated,Class I,NY,United States,SM Fish Corp.,"OSSIE'S SHMALTZ HERRING, NET WT. 8 OZ., UPC 739885104182; -- Far Rockaway, NY 11691 --- The product is packed in a plastic deli tub.",The products have the potential to be contaminated with Listeria monocytogenes based on the findings of the bacteria in the plant via FDA environmental sampling plus the district's inspectional findings,Voluntary: Firm initiated,20160915,20161102,20170417
F-0395-2023,Terminated,Class III,NJ,United States,Snack Innovations Inc.,Drizzilicious Mini Rice Cake bites Net Wt. 4oz and/or .74oz  Bags Salted Caramel UPC:857900005167 and 857900005181 Packaged in a plastic bags Product also packed in the Drizzilicious mini rice cakes 32-ct Variety box,May contain undeclared peanut residue.,Voluntary: Firm initiated,20230120,20230308,20230809
F-1709-2024,Terminated,Class I,OH,United States,RS Hanline and Company Inc,"Freshire Farms - Green Peppers packaged in plastic bags containing 3 peppers, 16 bags per case",Potential contamination with Listeria monocyotgenes,Voluntary: Firm initiated,20240719,20240821,20240827
F-0822-2017,Terminated,Class II,WA,United States,"Northern Fish Products, Inc.","""***PREMIUM SMOKED SALMON***CRACKED PEPPER*** NET WT: 4OZ***Packaged 5 lbs case 20/4oz vacuum packages/case. Cardboard type label is folded over and affixed to the top of the package.  Sell by date is marked on the label by the consignee.  UPC 7 02772 00560 2.","Northern Fish Products is recalling hot smoked salmon, black cod, steelhead, and trout, with the exception of hot jerky salmon and jerky salmon due to undeclared soy.",Voluntary: Firm initiated,20161110,20161228,20170131
F-0408-2013,Terminated,Class I,NM,United States,"Sunland, Incorporated","Sunland Sesame Tahini, 40 lbs, UPC 4868771725, manufactured by Sunland, Inc, Portales, NM 88130.","Sunland, Inc. is conducting a voluntary limited recall of its Almond, Peanut, and Cashew Butter products and Tahini and Roasted Blanched Peanut Products, manufactured between May 1, 2010 and September 24, 2012, because these products may be contaminated with Salmonella.",Voluntary: Firm initiated,20120924,20121031,20141001
F-2251-2012,Terminated,Class I,WI,United States,"Garden-Fresh Foods, Inc.","Red Potato Salads: 1) Garden-Fresh Red Potato Salad, 2 lb., 0 11596 24205 7; 2) Weis Red Potato Salad, 16 oz., 0 41497 05848, 5 lb., 0 11596 51105 4","Recalled salads, slaw, salsa, bean and dips contained onions that were recalled by Gills Onions due to potential Listeria monocytogenes contamination.",Voluntary: Firm initiated,20120727,20120919,20121115
F-1952-2019,Terminated,Class II,CA,United States,Growers Express                                    S,"Green Giant Fresh Butternut Squash Diced.  12 oz. (340 g) plastic bag  UPC: 605806138010; Item number BNC101101    Perishable, Keep Refrigerated  Distributed by Growers Marketing LLC, Salinas, CA",Firm received notification of a positive L. mono test result from a random sample taken from of one our customer's retail locations by the Massachusetts Department of Public Health.,Voluntary: Firm initiated,20190628,20190807,20191122
F-1070-2015,Terminated,Class I,NJ,United States,N.A.C. Foods,"Rosa Maria Ground Cumin, (Comino Molido), 6 oz. (173g), UPC 707425-16041-7, Packed by NAC Foods Corp., Palisades Park, NJ.",N.A.C. Foods initiated this recall because Mimi's Products Ground Cumin and Rosa Maria Ground Cumin may contain undeclared peanut protein.,Voluntary: Firm initiated,20141224,20150218,20180719
F-0539-2014,Terminated,Class I,WI,United States,"Garden-Fresh Foods, Inc.","Garden-Fresh Whole Wheat Pasta With Sun Dried Tomatoes,Product Code  0 11596 52094 0	,1/5 lb","Garden-Fresh Foods is recalling various ready-to-eat salads, slaw, and dip products sold under various brands and codes because they may be contaminated with Listeria monocytogenes.",Voluntary: Firm initiated,20131030,20131211,20140313
F-1646-2015,Terminated,Class II,CA,United States,Health One Pharmaceuticals Inc,"Slimin, 80 Veggie Capsules, 400 mg",Health One Pharmaceuticals is recalling dietary supplements due to significant violations of the cGMP regulations for dietary supplements.,Voluntary: Firm initiated,20150204,20150408,20150331
H-0968-2026,Terminated,Class II,ID,United States,Albertsons Companies LLC,UPC 25185700000 COOKIE GOURMET DUBAI 1CT                             This is Albertson's store-made item and sold by unit at point of sale with grocery store's scale label.,Contains statement does not declare Pistachio.,Voluntary: Firm initiated,20260506,20260610,20260702
F-1478-2023,Terminated,Class I,NY,United States,"Real Kosher Ice Cream, Inc.",Soft Serve on the Go brand Razzle n' Dazzle Peanut Butter flavor; 8 fl oz; UPC 0-91404-15133-7,Product may be contaminated with Listeria monocytogenes.,Voluntary: Firm initiated,20230808,20230830,20240614
F-0760-2014,Terminated,Class II,MO,United States,National Enzyme Co,"Northern Nutrition, Pro-3-Zyme, packaged in 180-capsule bottles (SKU 53373). Firm name on the label is Northern Nutrition, LLC, Shipshewana, IN;",Firm is recalling dietary supplements containing a raw material which may contain >0.3 ppb chloramphenicol,Voluntary: Firm initiated,20131030,20131225,20150303
F-1024-2023,Terminated,Class II,MA,United States,Cricket Creek Farm LLC,Cricket Creek Farm brand Berkshire Bloom Cheese,Products were not properly pasteurized.,Voluntary: Firm initiated,20230525,20230712,20240416
F-0371-2017,Terminated,Class I,NY,United States,Glenn Wayne Wholseale Bakery Inc.,"7-ELEVEN FRESH TO GO CHOCOLATE CHUNK COOKIE, NET WT. 4 OZ., UPC 052548558741; Manhattan UPC: 052548570668 --",The finished cookie product may contain undeclared peanuts.,Voluntary: Firm initiated,20160426,20161109,20161115
F-1297-2017,Terminated,Class II,MD,United States,"Chesapeake Spice Company, LLC",ENCHILADA SEASONING    NET WEIGHT: 50. 00  LBS,Milk Ingredient that was recalled went into  Chesapeake Spice products.,Voluntary: Firm initiated,20161216,20170125,20170215
F-1155-2013,Terminated,Class I,FL,United States,"Publix Super Markets, Inc.",Publix Chocolate Ganache cake  Scale ID Number * 002-94078-00000 *The last five digits of the scale ID number contain the unit price. For example $4.99 would have the last five digits ending 00499.,Maplehurst Deli-Bake South Inc. the cake supplier notified Publix Super market of a contamination with Listeria Monocytogenes on 11/15/2012.,Voluntary: Firm initiated,20121115,20130320,20130517
F-0043-2018,Terminated,Class I,OR,United States,Pacific Coast Fruit Company,"Vegetable Tray, 2/25 oz., RETAIL item # 71444, Pacific Coast Fruit brand, UPC 20728 71444    Ingredients: Broccoli, Cauliflower, Cherry Tomato,  Baby Carrots.","Pacific Coast Fruit Company, Portland, Oregon is voluntarily recalling multiple types of bagged processed salads based on the potential contamination of Listeria monocytogenes.  The firm utilized a portion of the salads that were recalled by their supplier.",Voluntary: Firm initiated,20171020,20171108,20171205
F-0648-2017,Terminated,Class I,NY,United States,E S Foods,"Chicken/BBQ, Item # 61405",A potential for Listeria monocytogenes contamination was verified by the sunflower kernel raw material supplier.,Voluntary: Firm initiated,20160519,20161214,20170417
F-1491-2016,Terminated,Class II,NJ,United States,"Oasis Trading Co., Inc.","Pocahontas Clear Liquid Frying Shortening, Net Wt. 35 LB (15.88), Distributed by Progressive Group Alliance, Inc., Richmond, VA 23228, UPC 7 32146 18196 0",Liquid Oil products were reported to contain a high density polyethylene resin trim ring in the 35 lb bottles.,Voluntary: Firm initiated,20160212,20160622,20170627
F-1447-2017,Terminated,Class II,TX,United States,"Circle U Foods, Inc","Circle U Foods, Inc. Product Code: 100002 AF/TV Taco Seasoning Bag Weight: 1.1250 Lbs.",Potential  glass inclusion,Voluntary: Firm initiated,20170124,20170215,20170511
F-0204-2024,Terminated,Class I,MD,United States,"FRESH IDEATION FOOD GROUP, LLC dba Fresh Creative Cuisine","Quick & Fresh, Rainbow Berry & Nut Salad W/Dressing, Net Wt. 8.7 Oz. Single Serving, Keep refrigerated","On 02/03/2023, FRESH IDEATION FOOD GROUP, LLC dba Fresh Creative Cuisine of Baltimore, MD is  initiating a recall of  various products sold from January 24, 2023 through January 30, 2023 because the products have the potential to be contaminated with Listeria monocytogenes .",Voluntary: Firm initiated,20230203,20230322,20231017
F-1586-2020,Terminated,Class I,WA,United States,"Spokane Produce, Inc.","Item 83976 Pico De Gallo Salsa Mild, Refrigerated, net wt.	16 OZ, packaged in Plastic Container.","Salmonella Newport. Product contains onion supplied from Thomson International, Inc.",Voluntary: Firm initiated,20200803,20201007,20201008
F-1769-2014,Terminated,Class II,CA,United States,"Helados La Tapatia, Inc","Jamaica Fruit Bar, 3 oz.,.    Helados La Tapatia  Fresno, CA 93706","FDA environmental sampling found 21 of 50 positive for Listeria monocytogenes, 11 of these on food contact surfaces.",Voluntary: Firm initiated,20140319,20140423,20150429
F-1932-2019,Terminated,Class II,MA,United States,"C & S Wholesale Grocers, Inc.",YOPLAIT ORIGINAL KEY LIME PIE YOGURT - 6OZ  UPC: 7047000321,Products were not held at an appropriate temperature due to a mechanical malfunction during transportation.,Voluntary: Firm initiated,20190617,20190731,20190731
F-0932-2017,Terminated,Class II,FL,United States,Sunset Natural Products Inc.,"Liver Energy, 100 capsules per bottle","Pursuant to a consent decree that prohibits the company and its owners for marketing dietary supplements until they, among other things, recall and destroy the dietary supplements that have been manufactured or distributed since April 2, 2014, hire a cGMP expert and receive written permission from FDA to resume operations.",FDA Mandated,20151013,20170104,20170410
F-2168-2015,Terminated,Class II,NJ,United States,"Spiceco, Inc.","Better Valu Chicken Seasoning Net. Wt. 5.25 oz (149 g)  Distributed by: Federated Group, Inc. 3025 W. Salt Creek Lane Arlington Heights, IL 6005 www.better-valu.com  UPC 079807003794",Spiceco is recalling Pride of Szeged Sweet Hungarian Paprika  because it may contain undeclared peanut protein. Spiceco expanded their recall to include additional products that contain the implicated paprika.,Voluntary: Firm initiated,20150129,20150513,20181221
F-1642-2018,Terminated,Class I,IN,United States,"Caito Foods Service, Inc.","Multiple Brands Mixed Melon:    Customer  Product Description  Pack Weight                 UPC      	   Label Description/Brand 	    Walmart 	SALAD SEASONAL FRUIT 4/10Z 	13 oz., UPC: 826766254262 	Freshness Guaranteed label",Products have the potential to be contaminated with Salmonella.,Voluntary: Firm initiated,20180608,20180711,20181018
F-1376-2022,Terminated,Class II,WI,United States,"Morski Brands, Inc.","Dawn's Campfire BBQ Beans, #90125,  Net Wt 8 lb (3.63 kg)  Keep Refrigerated   UPC 0 32345 90125 4.   Mfg By Morski Brands, Inc., Portage, WI  53901",Foreign object (metal).,Voluntary: Firm initiated,20220520,20220622,20250502
F-1819-2017,Terminated,Class II,CA,United States,"VivaCeuticals, Inc. dba Regeneca Worldwide",RegeneSlim,The firm is recalling all herbal and dietary supplements because they were not manufactured in compliance with the current Good Manufacturing Practice regulations for Dietary Supplements.,Voluntary: Firm initiated,20170309,20170412,20170808
F-1481-2017,Terminated,Class II,CA,United States,Bwi Inc,Burts British Hand Cooked Potato Chips  Sea Salt & Malted Vinegar  150gx10 and 40gx20,Product is labeled as gluten free; however was labeled as containing an ingredient with gluten.,Voluntary: Firm initiated,20170130,20170222,20170518
F-1729-2013,Terminated,Class II,MN,United States,"American Importing Co, Inc","Smart Sense Fruit & Granola Trail Mix, Net WT 4.0 oz , UPC 8 83967 29091 8, Distributed by Kmart corporation, Hoffman Estates, Il 60179, Minneapolis, MN 55414.","American Importing Co., d/b/a Amport Foods is voluntarily recalling a limited number of packages of its Amport Foods 16 oz Vanilla Almond Granola because they may contain pliable metal wire mesh fragments from a defective flour sifter from a 3rd party vendor.",Voluntary: Firm initiated,20130225,20130731,20170710
F-1855-2018,Terminated,Class II,IN,United States,"Morgan Foods, Inc.","Tomato Condensed Soup, 26 oz (1 LB 10 OZ) 737 g, 307  x 512  Can, Family Size, 12 cans per tray, shelf stable","Morgan Foods, Inc. initiated a voluntary recall of Tomato Condensed Soup, 26 oz. (1 LB 10 OZ) 737 g can, due to being mislabeled and containing cream of mushroom soup with undeclared allergens milk and soy.",Voluntary: Firm initiated,20180808,20180905,20200429
F-0657-2014,Terminated,Class I,WI,United States,"Garden-Fresh Foods, Inc.","Grandpa Vegetable Bagel Spread, Product Code 0 11596 55905 6, 	1/5 lb","Garden-Fresh Foods is recalling various ready-to-eat salads, slaw, and dip products sold under various brands and codes because they may be contaminated with Listeria monocytogenes.",Voluntary: Firm initiated,20131030,20131211,20140313
F-1952-2014,Terminated,Class II,MI,United States,H:20 Innovations LLC,"Meijer Baby Pediatric Electrolyte Fruit Flavor 8oz x 4 with Best by: 10/01/15; 24 bottles per case, 6-4packs",H:20 Innovations is recalling Meijer Brand Baby Pediatric Electrolyte Fruit and Strawberry Flavor 8oz drinks due to a seal defect found during a complaint investigation.,Voluntary: Firm initiated,20140326,20140528,20140801
F-0063-2017,Terminated,Class II,IL,United States,"Gold Standard Baking, Inc.","The Bakery Raspberry Danish | Net Wt 14 OZ (397g) | Distributed By WAL-MART Stores, Inc, Bentonville, AR 72716 | UPC: 605388124487",Presence of small metal shavings.,Voluntary: Firm initiated,20160908,20161019,20190805
F-2802-2015,Terminated,Class II,IL,United States,"Boba Direct, Inc.","Foil bags containing 2.2 lbs. each of mango flavored powder and sold under the Boba Direct, Inc. brand.",Bubble tea powders contain undeclared allergens.,Voluntary: Firm initiated,20130109,20150715,20170814
F-0132-2021,Terminated,Class I,TX,United States,Whole Foods Market,"Fried Chicken Meal with Mac & Cheese, packaged in clear plastic container with printed label product code begins with 247257; Fried Chicken Meal with Mac & Cheese, packaged on hot bar product code begins with 237444",Potential to contain undeclared egg,Voluntary: Firm initiated,20201027,20201202,20201204
F-1457-2014,Terminated,Class II,OR,United States,Health Wright Products Inc,"Zinc Plus, Mineral/Enzyme supplement, 90 vegetable capsules per bottle.  They are sold under brand Enzyme Research Products.",Dietary supplement products are recalled because they were made from ingredient that was contaminated with Chloramphenicol.,Voluntary: Firm initiated,20131025,20140205,20150302
F-1331-2016,Terminated,Class II,MO,United States,Nuwati Herbals Inc,"Nuwati Herbals SeeLessO'Me Diet and Weight Management Tea packaged in two different size amber glass jars with Net Wt 3 oz. or Net Wt 6 oz.  The responsible name on the label is Nuwati Herbals Inc., House Springs, MO.",Product contains undeclared soy.,Voluntary: Firm initiated,20160315,20160518,20180905
F-0783-2019,Terminated,Class I,PA,United States,Soom Foods,"Soom Foods Tahini:    Soom Foods Chocolate Tahini, 12 oz. Sweet Tahini Halva Spread (6/case)","Soom Foods is recalling its tahini and chocolate tahini halva spread because their manufacturer, Achdut LTD. is recalling its Tahini products of all packages and sizes produced in the following dates: April 7th to May 21st 2018, due to a possible contamination of Salmonella.",Voluntary: Firm initiated,20181126,20190213,20190627
F-2322-2014,Terminated,Class II,OH,United States,Miceli Dairy Products Co,Sargento Fat Free Ricotta Natural Cheese and Dutch Farms Fat Free Ricotta Cheese packaged in 15 ounce plastic tubs.,These ricotta cheese products were manufactured from loads of whey protein concentrate that tested positive for beta lactam residues.,Voluntary: Firm initiated,20140619,20140820,20140902
H-0115-2026,Terminated,Class II,CA,United States,Southwind Foods LLC dba Great American Seafood Imports Co.,Tovala branded Frozen raw phosphate free shrimp; 5oz IQF bag   UPC: 829944085788,Product manufactured under insanitary conditions whereby it may have been contaminated with Cesium-137 (Cs-137). This is an expansion to the original recall.,Voluntary: Firm initiated,20250923,20251029,20260528
F-0148-2013,Terminated,Class I,FL,United States,World Food LLC.,"Fresh Fruit Burst fruit cup, packaged in 1 and 1.5 lb containers. Labeled in part: ""***Fruit Burst***Ingredients: Watermelon, Cantaloupe, Pineapple, Honeydew, Grapes, Mango,  Blueberries. Packed in its own juice***""","On 09/18/2012, World Foods, LLC recalled various products containing mangoes supplied from Agricola Daniella with the potential to be contaminated with Salmonella.",Voluntary: Firm initiated,20120918,20121024,20130531
F-1027-2023,Terminated,Class I,IL,United States,"Newly Weds Foods, Inc.",A21219	BATTER MIX X1	50.00	BAG,Products may contain Salmonella,Voluntary: Firm initiated,20230526,20230712,20240723
F-1293-2019,Terminated,Class III,IL,United States,"Wholesome Treats, Inc.","Breads from Anna  Dairy & Corn Free Bread Mix  19oz, carton",Undeclared flaxseed. Flaxseed was used in the products but is not listed on the product labels.,Voluntary: Firm initiated,20190331,20190424,20201124
F-1453-2017,Terminated,Class I,PA,United States,Bickel's Snack Foods Inc,"Bon Ton-Sour Cream & Onion Flavored Potato Chips  sold in 2.75 oz, 1.5 oz. bags","Bickel's Snack Foods, Inc. of York, PA is voluntarily recalling all snack products that were made with milk ingredients supplied by one of its' secondary seasoning component suppliers.",Voluntary: Firm initiated,20161222,20170215,20180619
F-2018-2015,Terminated,Class II,CA,United States,"Carmel Food Group, Inc.","Rising Moon Organics Spinach Florentine Ravioli;  Net Wt 8 oz. (227g)  UPC 7 85030 22770 1    Distributed by Rising Moon Organics  313 Iron Horse Way  Providence, RI 02908",Firm was notified by supplier of spinach and used in manufacturing showed the presence of Listeria Monocytogenes and was shipped erroneously.,Voluntary: Firm initiated,20150323,20150429,20160720
F-0856-2017,Terminated,Class II,NJ,United States,Mitsui Foods Inc,"Fresh Catch Smoked Baby Clams 3.53 oz. pouch (100g) Item Number 541187381, UPC 087381043895",A seal quality issue with the packaging may result in the food spoiling causing package swelling (bloating),Voluntary: Firm initiated,20161104,20170111,20170707
F-0567-2015,Terminated,Class II,NM,United States,"Los Chileros De Nuevo Mexico, LTD","Los Chileros de nuevo mexico gourmet southwestern cuisine Santa Fe Chile Seasoning,  4.5oz (127.6 grams), Los Chileros de Nuevo Mexico, PO Box 6215, Santa Fe, NM 87502","Los Chileros De Nuevo Mexico is conducting a field action for Blue Corn Waffle & Pancake Mix (BWPB), Sopaipilla Mix (SOPP), Santa Fe Chile Seasoning (SFCS), Green Chile Blue Cornbread (GCBB), Cream of Green Chile Chicken Soup (GCCS), Green Chile Stew with Tortilla Mix (GCSB) and Carne Adovada with Sopaipilla Mix (CADB) due to undeclared wheat.",Voluntary: Firm initiated,20141021,20141203,20170508
F-1820-2019,Terminated,Class II,MA,United States,"C & S Wholesale Grocers, Inc.",NOOSA COCONUT AUSTRALIAN STYLE YOGURT - 8OZ  UPC:,Products were not held at an appropriate temperature due to a mechanical malfunction during transportation.,Voluntary: Firm initiated,20190617,20190731,20190731
F-0657-2025,Ongoing,Class I,CA,United States,Lyons Magnus LLC,"Ready Care Strawberry Shake No Sugar Added (4 oz), UPC 10045796017372;  Imperial Strawberry Shake No Sugar Added (4 oz), UPC 00074865926843",Potential contamination with Listeria monocytogenes.,Voluntary: Firm initiated,20250221,20250326,
F-0682-2014,Terminated,Class II,WI,United States,"Garden-Fresh Foods, Inc.","Farmers Market Salsa-Serrano-Spicy, 0 11596 06143 6,	 6/15 oz","Garden-Fresh Foods is recalling various ready-to-eat salads, slaw, and dip products sold under various brands and codes because they may be contaminated with Listeria monocytogenes.",Voluntary: Firm initiated,20131030,20131211,20140313
F-1793-2013,Terminated,Class I,CA,United States,"Olde Thompson, Inc.","Earth's Pride Organics: Organic Oregano, 2.2 oz. Packaged at 12 units per case.    Packaged in a glass jar with cork closure.    Product labeling reads in part:""earth's pride organics PANTRY COLLECTION***ORGANIC OREGANO***NET WT. 2.2 OZ (62.4g)***DISTRIBUTED BY BJWC 25 RESEARCH DRIVE  WESTBOROUGH, MA 01581  1-800-934-1204***"".","Olde Thompson Inc. Oxnard, CA is recalling Earths Pride Organics: Organic Oregano packaged in a 2.2 oz. glass jar with cork closure, Lot #: 060367, 060692, 061252 and 061864 due to Salmonella.",Voluntary: Firm initiated,20130710,20130814,20130911
F-1208-2018,Terminated,Class II,MN,United States,Target Corporation,Market Pantry Cookies n' Cream Ice Cream 128oz    UPC: 85239014974    Target item number: 288-7-310,Shipping container from CA to HI was not held at proper temperature which could cause food items to be contaminated with spoilage organisms or pathogens,Voluntary: Firm initiated,20180327,20180509,20180503
F-1869-2019,Terminated,Class II,MA,United States,"C & S Wholesale Grocers, Inc.",SILK ORIGINAL SOY MILK - 0.5GAL  UPC: 2529360039,Products were not held at an appropriate temperature due to a mechanical malfunction during transportation.,Voluntary: Firm initiated,20190617,20190731,20190731
F-0132-2025,Terminated,Class II,ID,United States,JR Simplot Company,"Item #473015 Simplot seasoned CRISP Delivery+ Savory 6 Cut Crinkle Cut Wedge, Frozen Potatoes, 5lb. bag without any labeling, 6 bags per case, SKU 10071179473015. Packaging Distribution Information: J.R. Simplot Company P.O. Box 9386, Boise, ID 83707.  Ingredients: POTATOES, VEGETABLE OIL (SOYBEAN, CANOLA, AND/OR COTTONSEED OILS), FOOD STARCH-MODIFIED, CONTAINS LESS THAN 2% OF COLOR (PAPRIKA OLEORESIN, TURMERIC OLEORESIN), CORN STARCH, DEXTRIN, DEXTROSE, GARLIC POWDER, LEAVENING (SODIUM ACID PYROPHOSPHATE, SODIUM BICARBONATE), ONION POWDER, RICE FLOUR, SALT, SPICES, XANTHAN GUM, DISODIUM DIHYDROGEN PYROPHOSPHATE (TO MAINTAIN NATURAL COLOR.  5lb. bag or 30lb. case of product is NOT sold directly to consumers. Product was prepared and sold by retail deli counters.",Undeclared wheat. Product contains wheat but was mis-labeled as Savory 6 Cut Crinkle Cut Wedge and label does not declare wheat.,Voluntary: Firm initiated,20241023,20241120,20241114
F-0587-2015,Terminated,Class I,WI,United States,Kerry Foods,"Item Number 721698.01, Kerry,  Breakfast Sausage Seasoning, Net WT  50 Lb (22.68 KG),  Lot Number: 0417424307",Kerry determined that eleven products they manufactured contained an ingredient which was found positive for Salmonella.,Voluntary: Firm initiated,20140512,20141203,20170726
F-1051-2019,Terminated,Class I,NY,United States,Jac Vandenberg Inc.,"Peaches, sold as a bulk retail item, with PLU 4044, and country of origin of Chile.     The peaches sold at Aldi are packaged in a two pound bag with the brand Rio Duero, EAN# 7804650090281.",Product may be contaminated with Listeria monocytogenes.,Voluntary: Firm initiated,20190122,20190206,20190709
F-1662-2019,Terminated,Class II,MA,United States,"C & S Wholesale Grocers, Inc.","CHOBANI FLIP STRAWBERRY CHEESECAKE GREEK STYLE YOGURT - 5.3OZ, UPC: 1829001196",Products were not held at an appropriate temperature due to a mechanical malfunction during transportation.,Voluntary: Firm initiated,20190617,20190731,20190731
F-1783-2017,Terminated,Class II,KY,United States,Azteca Milling LP,Tortilla Chip 2  White Corn Masa Flour 50 lb bags,The firm stated that they were notified by some of their customers that their product contains metal fragments.,Voluntary: Firm initiated,20160922,20170405,20200831
F-0359-2025,Terminated,Class I,CA,United States,"Grimmway Enterprises, Inc. dba Grimmway Farms",--- Organic Baby Carrots --- Organic Baby Carrots 25 Grimmway Farms; Organic Baby Carrots 25 Lbs. Grimmway Farms --- Brand --- Grimmway Farms,Potential contamination with E. coli O121:H19,Voluntary: Firm initiated,20241116,20250108,20250221
F-1341-2017,Terminated,Class II,TX,United States,Farm To Market Foods,"Farm to Market Foods Smoked Ham Dinner #1977 Holiday Ingredients: Smoked Spiral Diced Ham, Mashed Potatoes, Orange Cranberry Relish, Broccoli Rice Casserole, Green Bean Casserole.  Keep Refrigerated at 38 Deg F or Less UPC: 617037959081",Undeclared peanuts.,Voluntary: Firm initiated,20161224,20170201,20170217
F-0430-2014,Terminated,Class I,WI,United States,"Garden-Fresh Foods, Inc.","Market Pantry Reduced Fat Coleslaw, UPC 0 85239 20117 6 15 oz, Product Code 201176.","Garden-Fresh Foods is recalling various ready-to-eat salads, slaw, and dip products sold under various brands and codes because they may be contaminated with Listeria monocytogenes.",Voluntary: Firm initiated,20130920,20131218,20140211
F-1780-2024,Terminated,Class II,TX,United States,WR Coffee Inc,Ham and Cheese Croissant (approximately 6.5 oz) delivered fresh in bins to the firm's Restaurants- no label.  Not individually packaged.,Potential L. monocytogenes,Voluntary: Firm initiated,20240730,20240911,20240904
H-0394-2025,Ongoing,Class I,GA,United States,"Doehler North America, Inc.",Member's Mark FREEZE DRIED FRUIT VARIETY PACK 15 COUNT 5-0.35OZ (10g) STRAWBERRY POUCHES 5-0.42OZ (12g) BANANA POUCHES 5-0.25 OZ (10g) APPLE POUCHES NET WT 5.6OZ (160g) NO ADDED SWEETENERS ONE INGREDIENT ONLY PER PACK UPC 1 93968 50900 2,Listeria monocytogenes. During routine testing the firm received positive test results for Listeria monocytogenes.,Voluntary: Firm initiated,20250725,20250813,
F-0809-2014,Terminated,Class II,MO,United States,National Enzyme Co,"Bulk C812 ZoiVi Digestive Formula powder, packaged in varying quantities within poly bags within corrugated boxes (for domestic distribution) or fiber drums (for international distribution) (SKU 83438)",Firm is recalling dietary supplements containing a raw material which may contain >0.3 ppb chloramphenicol,Voluntary: Firm initiated,20131030,20131225,20150303
H-0895-2026,Ongoing,Class II,CA,United States,Straus Family Creamery,"STRAUS FAMILY CREAMERY Cookie Dough ORGANIC SUPER PREMIUM ICE CREAM ONE PINT (473mL)  Produced and Distributed by Straus Family Creamery,  Petaluma, CA 94952  UPC: 784830101044",Potential contamination with foreign objects (metal pieces).,Voluntary: Firm initiated,20260512,20260610,
F-1902-2018,Terminated,Class II,N/A,Armenia,Artashes LLC,"Ararat Imambayeldy;  18.3 oz. glass jar;    Ingredient:  Eggplant, tomato paste, onions, vegetable oil, garlic, green salt    Product of Armenia;  Exclusively imported and distributed by:  Kradjian Importing Co., Inc.  Glendale, CA",FDA foreign inspection found pH levels in four products to be above their scheduled process.,Voluntary: Firm initiated,20180801,20180905,20190213
F-0719-2018,Terminated,Class II,WI,United States,Wienke LLC,"Wienke's Market Cherry Rhubarb Jam, Net Wt. 8 oz (226g), UPC 14106-00216.  Refrigerate after opening.  Ingredients:  cherries, rhubarb, sugar, pectin.",Jams and Jellies are made with butter which is not declared on the label.,Voluntary: Firm initiated,20180119,20180214,20181010
F-1495-2022,Terminated,Class II,WY,United States,"Queen Bee Gardens, LLC",Truffle Gift Box PLU Code: 788394 17655 5,"Products may potentially contain one or more of the following undeclared tree nuts: Pecans, Almonds, Coconut, Macadamia Nuts, & Walnuts.",Voluntary: Firm initiated,20220428,20220727,20230117
H-0472-2026,Ongoing,Class II,CA,United States,Diva Fam Inc,Sea Moss Gel Superfood; 16 FL OZ; Glass jar sold individually. Passion Fruit- UPC# 5061033691882,potential Clostridium botulinum contamination,Voluntary: Firm initiated,20260109,20260211,
F-2424-2015,Terminated,Class II,IL,United States,New Punjab Sweets Inc.,New Punjab Kaju (Kajoo) Fry is the Indian translation for Toasted Fried Cashews. Product is packaged in clear plastic container with a clear plastic lid. Container sizes are 1lb. and 0.5lbs.,This voluntary recall is being initiated because the following Indian snack may contain undeclared cashew nuts:  Kaju Fry,Voluntary: Firm initiated,20150409,20150715,20170821
F-1118-2023,Terminated,Class I,IL,United States,"Newly Weds Foods, Inc.",G0AGTG	GTG HOT & SPICY WIENER SEASONING X4	24.44	BAG,Products may contain Salmonella,Voluntary: Firm initiated,20230526,20230712,20240723
F-2969-2017,Terminated,Class II,IL,United States,Newly Weds Foods Inc,"A59036 Breader X2, NET WT 50 LBS, Manufactured By:  Newly Weds Foods, Inc., Chicago, IL 60639",Product may contain undeclared milk.,Voluntary: Firm initiated,20170503,20170726,20190805
H-0024-2025,Terminated,Class I,TX,United States,Sysco Corporation,KITGREEKPASTA5	1/5#	EAST COAST FRESH	PC-Greek Pasta Salad Kit 1/5lb W/Pasta	ALL LOT CODES KITGREEKPASTA5	1/5#	EAST COAST FRESH	PC-Greek Pasta Salad Kit 1/5lb W/Pasta	ALL LOT CODES  KITGREEKPASTA51	1/5#	EAST COAST FRESH	Greek Pasta Salad Kit 1/5lb W/Pasta (RF)	ALL LOT CODES,Cucumbers have the potential to be contaminated with Salmonella,Voluntary: Firm initiated,20250521,20250618,20260206
F-1727-2022,Terminated,Class I,CT,United States,EZ Noble Sushi,Spicy tuna roll (9.6 oz) with expiration 08/12/2022,Contains undeclared egg.,Voluntary: Firm initiated,20220811,20220921,20221103
F-0353-2016,Terminated,Class II,WA,United States,Sockeye Suzys Fish LLC,"Fancy Chinook (salmon), Sockeye Suzy Fish brand, metal can with a net weight of 6 oz. UPC 7 48252 67292 6",Product has the potential to be contaminated with Clostridium botulinum.,Voluntary: Firm initiated,20150927,20160120,20170127
H-0206-2026,Ongoing,Class II,NY,United States,Nats Nuts LLC,"Nat's Nuts Cinnamon Whiskey Pecans, 4 oz.",Contains undeclared cashews,Voluntary: Firm initiated,20251016,20251203,
F-1309-2020,Terminated,Class II,NY,United States,"Wegmans Food Markets, Inc.",Bronzini Seasoned Fillet; by the lb.; seasoned bronzini fillet with olive oil and lemon; packaged in an oven ready tray; package size varies; keep refrigerated,Products are potentially contaminated with Listeria monocytogenes.,Voluntary: Firm initiated,20200807,20200902,20200831
F-1037-2016,Terminated,Class I,FL,United States,"NutraKey, Inc.","VPro Raw Plant Protein, Mocaccino. Packaged in a plastic bottle with green, white, and black adhesive label.  Packaged in 1 lb (15 serving) and 2 lb (30 serving).",Undeclared Soy,Voluntary: Firm initiated,20160115,20160413,20180823
F-0063-2013,Terminated,Class II,WI,United States,Springside Cheese Corp,"Springside Cheese, Monterey Jack Dill    Cheese,  55-0172,  V3, August 21, 2012,","Springside Cheese Corp. is recalling cheese produced on August 21, 2012 through September 1, 2012.  This voluntary recall has been initiated because the cheese has the potential to be contaminated with Giardia, a parasite, from an employee illness.",Voluntary: Firm initiated,20120907,20121017,20160309
F-0933-2021,Terminated,Class II,CA,United States,Mai Cuisine,August Box of the Month NCA  UPC: 84003140261  Products were sold from Genji Sushi counters inside Whole Foods Market stores,Recall initiated after notification from supplier of recall of frozen shrimp due to Salmonella contamination that had been used in sushi products.,Voluntary: Firm initiated,20210813,20210908,20210923
F-0503-2025,Terminated,Class II,IN,United States,"FGF, LLC","item 8201866	JUST BAKED PUMPKIN CAKE RINGS 144x2.45 OZ, NET WT 22.05 LB",potential for contamination with listeria monocytogenes,Voluntary: Firm initiated,20250107,20250212,20250423
F-0282-2014,Terminated,Class I,OR,United States,"Reser's Fine Foods, Inc.","Red Skin Potato Salad, Formula PO.39, packaged under these labels:    West Creek Diced Red Skin Potato Salad packaged in 2/5-lb carton cases. Distributed by Performance Food Group, Richmond, VA.    -Reser's Red Skin Potato Salad packaged in 2/8-lb carton cases. Reser's Fine Foods, Inc., Beaverton, OR.    -Sysco Classic Red Potato Salad packaged in 2/8-lb carton cases. Distributed by Sysco Corporation, Houston, TX.",The recalled products are potentially contaminated with Listeria monocytogenes.,Voluntary: Firm initiated,20131022,20140101,20170124
F-1194-2015,Terminated,Class I,MN,United States,Northern Tier Bakery (dba\ Super Mom's),"Twix Bismark. This is not a packaged item. Twix Bismarcks are produced daily to be sold in bakery display cases at certain SA, BP, Circle K and Marathon Stores.",Northern Tier Bakery LLC dba Supermom's Bakery is recalling Twix Bismarcks because the Twix Chopped Topping might contain undeclared peanuts.,Voluntary: Firm initiated,20150115,20150218,20150326
F-1680-2016,Terminated,Class II,LA,United States,"Magic Seasoning Blends, LLC","OUTBACK STEAKHOUSE  OSI Mama's Batter, Qty 40lbs, NET WEIGHT 40 lbs, MFG FOR: OSI, TAMPA, FL  33609",There is a potential presence of peanut protein in certain lots of milled flour which was used in custom seasoned flour blends.,Voluntary: Firm initiated,20160525,20160720,20161116
F-0068-2023,Ongoing,Class II,GA,United States,Flowers Foods (Corporate Offices),"TASTYKAKE GLAZED CARAMEL APPLE PIE NET WT 4.5 OZ (128g) UPC 0 25600 08618 6 DISTRIBUTED BY TASTY BAKING COMPANY, PHILADELPHIA, PA 19112",During an internal inspection the firm discovered that several products may contain soy lecithin which is not declared on the labels.,Voluntary: Firm initiated,20221007,20221026,
F-1422-2024,Terminated,Class I,FL,United States,GREEN LIFE FARMS,Green Life Farms Baby Arugula in 4.5 ounce plastic clamshell  packaging containers. 6 packages per case of 4.5oz each. Store in refrigerator.,Salmonella contamination,Voluntary: Firm initiated,20240606,20240703,20240710
F-1915-2013,Terminated,Class III,VA,United States,"Shenandoah Growers, Inc.","Basil, fresh, Giant brand, packaged in 2.5 oz. package and labeled in part ***Distributed by FoodHold USA Landover, MD 20785***",Fresh basil may be adulterated with pesticides.,Voluntary: Firm initiated,20130823,20131002,20130928
F-0762-2025,Terminated,Class I,IL,United States,Taylor Farms Illinois Inc.,"Trader Joe's Sesame Miso Salad with Salmon, net wt. 10.25oz., in clear plastic clamshell container, UPC 00773164",undeclared milk,Voluntary: Firm initiated,20250426,20250514,20250509
F-0550-2022,Terminated,Class I,IL,United States,Fresh Express Inc (Div of Chiquita Brands),"""Chopped Southwest"" (salad product) packed in 10.3oz. packages",potential to be contaminated with Listeria monocytogenes,Voluntary: Firm initiated,20211218,20220202,20230517
F-1663-2024,Terminated,Class I,IA,United States,Palmer & Company,"Palmer Patriotic Munchy Medley, Net Wt 15oz, UPC 7723237060, 12/15oz case",Potential salmonella contamination,Voluntary: Firm initiated,20240503,20240814,20251121
F-1235-2013,Terminated,Class I,TX,United States,"International Flavors & Fragrances, Inc","Nat Flv Beef FF, IFF Code 13580894, Net Weight 50 lb, Batch 0004702577, Production Date 04/23/2012, For Manufacturing Use Only.",Product has the potential to be contaminated with Salmonella.,Voluntary: Firm initiated,20120517,20130327,20130702
F-0055-2018,Terminated,Class II,ID,United States,Albertsons Inc,"Ready. Chef. Go! Halibut Fillet;  UPC 231694    Items are made in store with generated scale label; sold as single, packaged items from refrigerated cases in the meat/seafood department or from mobile refrigerated merchandise cases. The scale label denotes the net weight of each product.",Recall of Ready. Chef. Go! Seafood meal bags after notification that they were produced with vegetable products recalled by supplier for potential Listeria monocytogenes.,Voluntary: Firm initiated,20171019,20171108,20171103
F-2504-2016,Terminated,Class I,KS,United States,Rabbit Creek Products Inc.,"Flower Pot Muffin Mix Cinnamon Swirl Streusel with Drizzle Icing, packaged in a packaged in a plastic bag which is placed in a paper bag and packaged with two clay pots, net wt. 19oz, UPC 010749109902","Bread, muffin, and brownie mixes may have been manufactured with flour contaminated with E. coli O121",Voluntary: Firm initiated,20160809,20161012,20180110
F-1546-2013,Terminated,Class I,,Canada,Sequel Naturals Ltd,"vega one, all-in one nutrition bar;  chocolate cherry flavor  Added vitamins and minerals; 15 g Protein, 6 g Fiber and 1.5 g Omega Antioxidants, probiotics & greens; Gluten Free Dietary Supplement.  2.2 oz/ 63g  Made in a facility that processes peanuts, tree nuts, sesame, dairy, and soy. May contain fruit shell or nut pieces.  Distributed by Sequels Naturals LTD, Burnaby, BC, Canada  UPC: 838766070056",Raw material supplier of the chocolate used for the bar coating had milk ingredients added inadvertently.   One report of ampholytic reaction.,Voluntary: Firm initiated,20130607,20130626,20131028
H-0029-2025,Terminated,Class I,FL,United States,LIPMAN FAMILY FARMS,PR Cucumber Sliced 2/5# 1/4 Pack Date May 22 Product of USA Lipman Family Farms Hendersonville / NC,Potential Salmonella Contamination,Voluntary: Firm initiated,20250520,20250618,20250807
